date,day_of_week,hour,service_location,number_of_counters,queue_length,average_service_time,students_arriving,exam_period,holiday,waiting_time
2026-04-13,Monday,11,Student Service Center,3,84,7.063233020424546,79,0,0,199.57944466583297
2026-06-01,Monday,10,Student Service Center,2,2,2.283831568974037,6,0,1,1.7177695126503387
2026-01-22,Thursday,16,Cafeteria,3,73,4.192489889519251,64,0,0,105.29866166944589
2026-02-20,Friday,14,Fee Counter,1,48,1.4553611508969566,25,0,0,74.44841954108058
2026-03-01,Sunday,9,Admin Office,1,65,5.269976604478346,64,0,0,346.21403858498184
2026-02-04,Wednesday,8,Fee Counter,2,10,4.826971955402957,10,0,0,22.613695421219003
2026-05-26,Tuesday,17,Fee Counter,2,51,1.6194475143634364,52,0,1,39.86377451562079
2026-02-09,Monday,12,Student Service Center,2,90,2.9319942741578036,64,0,0,131.30993038273382
2026-02-14,Saturday,8,Cafeteria,1,72,2.391896828621636,67,0,0,174.907307282747
2026-06-12,Friday,8,Library Counter,5,48,6.950270044528595,32,1,0,67.31819782058014
2026-02-02,Monday,14,Student Service Center,3,54,3.680488123276529,39,0,0,71.02248298209034
2026-05-11,Monday,8,Student Service Center,2,34,5.974640227800512,31,0,0,99.45601043910335
2026-05-04,Monday,10,Cafeteria,4,28,3.8726804612494083,27,0,0,30.153172337090247
2026-02-05,Thursday,14,Library Counter,3,67,5.433826295572964,49,0,1,125.3271386559646
2026-01-28,Wednesday,11,Library Counter,2,61,2.9049257456924473,66,0,0,90.78175620795055
2026-05-01,Friday,11,Student Service Center,1,34,4.393809799512883,31,0,0,151.92902144656017
2026-06-21,Sunday,15,Library Counter,1,60,2.7281324398702083,62,0,0,166.2583805749308
2026-05-11,Monday,8,Student Service Center,1,17,3.877259093227619,6,1,0,63.17781044807391
2026-05-09,Saturday,10,Admin Office,5,27,5.70494883184115,36,0,1,33.89968061457195
2026-05-03,Sunday,8,Student Service Center,4,30,2.0550228077580064,20,1,0,16.478261272110796
2026-04-03,Friday,10,Fee Counter,4,80,2.585470426385566,71,0,0,53.870790850986914
2026-02-21,Saturday,16,Cafeteria,2,79,2.463501345163996,61,1,0,98.63988692459837
2026-02-11,Wednesday,10,Fee Counter,2,16,1.6517193746412944,6,1,0,17.39148106075697
2026-02-06,Friday,14,Cafeteria,1,25,7.209604969855821,7,0,0,183.47912861325653
2026-06-01,Monday,11,Library Counter,1,36,2.98744682316226,29,0,0,106.9909965165965
2026-02-23,Monday,10,Student Service Center,1,17,2.2517589645493015,18,0,0,38.21165267400101
2026-05-16,Saturday,14,Library Counter,1,80,5.454328327301267,63,0,0,435.3499607329461
2026-06-07,Sunday,13,Student Service Center,3,68,5.515723534213954,25,1,0,127.37445925282108
2026-03-02,Monday,10,Fee Counter,3,54,4.2896115979366005,48,0,0,76.44949149723287
2026-01-06,Tuesday,10,Fee Counter,1,64,5.006047284195868,50,1,0,325.2296788582639
2026-04-26,Sunday,12,Cafeteria,3,82,7.510117843675823,58,0,0,202.83988344060216
2026-04-24,Friday,13,Admin Office,3,60,5.917388587909765,37,0,0,118.22370096795333
2026-06-19,Friday,14,Admin Office,3,88,1.0362940394179074,64,0,0,32.421113809181044
2026-01-20,Tuesday,8,Fee Counter,3,71,5.704182947066395,70,0,0,134.62421775370254
2026-03-04,Wednesday,13,Admin Office,2,103,3.52133448987884,74,0,0,179.36521032997533
2026-01-08,Thursday,12,Fee Counter,4,52,2.3606602379641113,10,1,0,30.979414333986874
2026-04-09,Thursday,14,Fee Counter,5,53,3.791746310113562,23,1,0,40.66067678784969
2026-02-27,Friday,14,Admin Office,5,39,3.8626706108998894,13,0,0,28.515185325585904
2026-01-01,Thursday,9,Cafeteria,5,67,4.049710290745237,68,0,1,57.10643242848072
2026-03-17,Tuesday,17,Library Counter,5,82,1.285101616232791,73,0,0,24.91935117830583
2026-05-24,Sunday,17,Admin Office,5,31,5.310950686365516,27,0,0,35.00864346240735
2026-02-03,Tuesday,11,Admin Office,2,95,2.140540989570008,73,1,0,99.2402469837788
2026-01-02,Friday,8,Fee Counter,3,60,1.8995024726373713,39,1,0,41.47968286663544
2026-06-20,Saturday,12,Fee Counter,3,88,2.917727891247936,47,1,0,84.30339776760646
2026-02-15,Sunday,9,Student Service Center,3,19,6.914127176786182,12,0,0,40.97564760553242
2026-06-11,Thursday,10,Cafeteria,4,86,1.2743042867295238,79,0,0,27.74111041840939
2026-06-13,Saturday,17,Student Service Center,1,36,2.7501151445127325,40,0,0,100.64849730120966
2026-05-31,Sunday,12,Fee Counter,1,49,4.740292314713944,34,0,0,233.24681294644787
2026-03-27,Friday,10,Cafeteria,4,4,7.697606195885195,13,0,1,10.111765431279622
2026-02-21,Saturday,10,Admin Office,5,61,2.4890952651696026,56,0,0,34.93651857812267
2026-05-24,Sunday,16,Student Service Center,5,6,7.213929279308099,9,0,0,8.464035235586348
2026-05-26,Tuesday,16,Admin Office,2,19,5.90678392021384,11,0,0,53.69655129294503
2026-06-27,Saturday,17,Admin Office,5,19,3.5944950294682365,12,0,0,17.16147765003932
2026-03-12,Thursday,16,Student Service Center,4,30,3.6459131308557815,23,0,0,29.98502339579164
2026-03-31,Tuesday,10,Library Counter,5,60,1.8317254138765033,62,0,0,19.92091494073488
2026-04-15,Wednesday,14,Cafeteria,3,83,2.999984603973025,67,0,1,86.94836706876937
2026-06-15,Monday,12,Admin Office,4,85,1.3038054830872094,51,1,0,32.10301315739197
2026-06-13,Saturday,10,Library Counter,4,61,3.061457627876009,53,0,0,51.653879825344106
2026-02-23,Monday,13,Library Counter,1,47,3.761652590256909,20,1,1,174.6517202695618
2026-04-27,Monday,15,Admin Office,4,60,2.8615654747496726,64,0,0,42.80624288288723
2026-06-04,Thursday,13,Cafeteria,1,60,7.376490291456897,33,0,0,446.16971543079916
2026-03-23,Monday,10,Student Service Center,1,0,3.8787858160975834,9,0,1,3.2208182698818044
2026-05-26,Tuesday,8,Library Counter,5,68,4.983570284160233,63,0,0,65.2846505012992
2026-04-15,Wednesday,10,Cafeteria,5,82,6.2493752462898025,73,0,0,106.7950800572139
2026-01-23,Friday,12,Student Service Center,5,105,2.760097076582589,77,0,0,57.15989298444165
2026-01-04,Sunday,8,Cafeteria,2,34,4.642153906326553,30,0,0,82.09516354143652
2026-05-03,Sunday,9,Fee Counter,1,56,1.938106599154485,61,0,0,105.76423096315787
2026-03-26,Thursday,9,Library Counter,3,53,5.129423807982431,42,1,0,90.75777296848747
2026-04-01,Wednesday,10,Admin Office,4,35,4.665215932105078,34,0,0,43.40177437786714
2026-01-29,Thursday,11,Admin Office,1,69,5.345639790954639,73,0,0,368.6284528416734
2026-05-06,Wednesday,10,Cafeteria,3,10,3.8816285005026967,8,0,0,16.93330250717766
2026-06-04,Thursday,9,Student Service Center,2,53,1.222632770396156,46,0,0,33.7894908891574
2026-05-13,Wednesday,16,Fee Counter,2,69,1.2751849788876926,49,1,0,47.38916496289774
2026-05-01,Friday,13,Library Counter,5,27,5.180946575788014,12,0,0,32.86716747618979
2026-02-16,Monday,15,Admin Office,4,38,2.034173643343587,30,0,0,17.389585040463903
2026-01-03,Saturday,14,Library Counter,4,42,6.161836442656734,19,0,0,63.15755367570336
2026-02-08,Sunday,16,Cafeteria,2,15,4.317789590013893,17,0,0,32.22425635133864
2026-04-19,Sunday,9,Fee Counter,2,49,3.3621278371034267,46,0,0,86.56931118619404
2026-03-05,Thursday,9,Library Counter,3,51,1.7124773083428262,37,1,0,27.334987355302697
2026-04-22,Wednesday,11,Library Counter,1,43,7.8766503183602445,44,0,0,336.5922749068349
2026-03-07,Saturday,11,Fee Counter,3,78,7.505631923893101,55,1,0,196.60053316533202
2026-05-16,Saturday,17,Library Counter,5,69,2.396548491368238,72,0,0,35.96234665046959
2026-05-20,Wednesday,8,Admin Office,5,0,3.584613370569273,7,0,1,1.0
2026-01-05,Monday,14,Admin Office,4,98,5.7705190555675046,69,0,0,144.45953974052134
2026-05-23,Saturday,15,Library Counter,1,77,7.530566469699682,54,1,0,584.7810539785347
2026-06-11,Thursday,10,Library Counter,1,75,1.9784066363840265,68,0,0,151.74263622368113
2026-01-14,Wednesday,10,Student Service Center,5,53,3.5118133888645175,30,1,0,41.24282624846875
2026-03-30,Monday,9,Library Counter,5,14,2.6254888660277214,19,0,0,11.547965411074166
2026-02-22,Sunday,15,Library Counter,3,57,5.856023251823369,55,0,0,109.59828786459107
2026-04-21,Tuesday,8,Fee Counter,3,32,2.001895898839287,31,0,0,19.989912999641437
2026-03-07,Saturday,17,Student Service Center,3,26,3.65175095889841,17,0,0,32.304510064706314
2026-06-29,Monday,15,Student Service Center,5,45,1.0854215062263117,49,0,0,11.556335165678622
2026-06-13,Saturday,11,Admin Office,3,80,5.0837425633628435,78,0,0,135.7732796904516
2026-02-16,Monday,17,Library Counter,4,84,7.524827977385287,64,1,0,159.5424529938047
2026-03-09,Monday,12,Student Service Center,2,33,1.5412474584215108,13,0,0,23.264558792369403
2026-02-10,Tuesday,13,Library Counter,1,50,6.862435523017444,40,0,1,342.7789474521117
2026-02-24,Tuesday,10,Student Service Center,1,60,5.226050722110973,61,0,0,311.47718172710387
2026-01-25,Sunday,17,Library Counter,2,26,1.2299266917040685,21,0,0,20.291042695185922
2026-06-01,Monday,16,Fee Counter,5,87,5.425850015436713,67,1,0,91.51454592130548
2026-02-18,Wednesday,14,Cafeteria,4,94,2.2912400999319926,67,0,0,53.24090964253364
2026-05-21,Thursday,14,Library Counter,3,61,5.374831909357366,34,0,0,109.31005640312112
2026-05-24,Sunday,15,Library Counter,2,70,4.085339228567597,70,0,0,143.19297748686853
2026-06-15,Monday,10,Fee Counter,1,11,2.8952127120048763,7,0,0,33.999336177965766
2026-05-04,Monday,8,Fee Counter,2,77,2.77721994830313,61,1,0,105.49187280721812
2026-03-13,Friday,13,Cafeteria,5,28,6.637204771505336,12,0,0,42.07817697607342
2026-02-01,Sunday,15,Library Counter,4,42,3.267930427747597,18,1,0,32.008669610952566
2026-03-15,Sunday,14,Cafeteria,5,67,3.9499718541474858,40,0,0,57.070996534192105
2026-02-16,Monday,12,Fee Counter,3,34,5.369042354943938,16,0,0,61.12443990689455
2026-05-17,Sunday,9,Student Service Center,4,13,7.07927583128539,28,0,1,23.907096037673625
2026-05-08,Friday,8,Admin Office,3,77,3.817850305178864,70,0,0,96.7356760262102
2026-01-22,Thursday,11,Admin Office,2,61,6.758087131381718,41,1,0,207.35895093638305
2026-02-11,Wednesday,11,Cafeteria,2,34,2.8654887535961757,31,0,0,51.570785438807484
2026-04-08,Wednesday,16,Student Service Center,2,85,3.9542524168548114,66,1,0,167.88669872881948
2026-02-23,Monday,8,Library Counter,5,30,3.020856157394899,25,0,0,17.970518676088986
2026-04-23,Thursday,14,Library Counter,2,35,4.38628459352689,26,0,1,75.91927016585814
2026-05-28,Thursday,10,Library Counter,4,81,4.319661160902587,77,0,0,87.22820836463126
2026-02-09,Monday,8,Cafeteria,1,30,1.5315338725873546,29,0,0,43.568138930252296
2026-04-18,Saturday,10,Admin Office,4,60,6.530094911542992,53,0,0,100.47590553271002
2026-02-16,Monday,15,Library Counter,5,76,2.7476760620143015,74,0,0,42.68007585176251
2026-05-23,Saturday,17,Cafeteria,5,21,7.995474496960844,20,0,0,35.027445538732984
2026-03-27,Friday,17,Student Service Center,1,64,6.567392865713682,63,0,0,423.2736597906374
2026-04-26,Sunday,14,Library Counter,2,47,3.552880746201141,18,0,0,84.97811508775492
2026-02-14,Saturday,9,Library Counter,5,52,6.627838855806283,43,0,0,70.23673602343165
2026-06-02,Tuesday,9,Cafeteria,5,56,7.090692117306509,59,0,0,76.585907000636
2026-01-13,Tuesday,9,Library Counter,3,76,3.813516395264695,66,1,0,97.44808697580356
2026-01-16,Friday,15,Fee Counter,1,4,2.6714400203781166,9,0,0,8.569552986563624
2026-05-22,Friday,15,Admin Office,4,47,7.37237371440274,52,0,0,83.98619656199479
2026-05-23,Saturday,8,Cafeteria,4,54,1.6258770161858167,65,0,1,22.289985924787953
2026-03-04,Wednesday,15,Library Counter,5,28,3.8110616549784124,8,1,0,25.04455115014507
2026-02-23,Monday,12,Library Counter,5,85,1.2571235619862953,61,0,0,26.029262657633623
2026-04-30,Thursday,13,Student Service Center,5,30,5.180918507012387,13,0,0,32.28576304895647
2026-05-03,Sunday,17,Library Counter,2,0,2.5710840028566246,7,0,1,1.0
2026-03-30,Monday,16,Fee Counter,5,76,1.9066044489796292,71,0,0,33.09037226344218
2026-06-02,Tuesday,9,Fee Counter,2,29,1.6089073193798709,9,1,0,23.596781835573715
2026-02-07,Saturday,15,Library Counter,5,47,1.766282020381177,41,0,0,20.758890439327605
2026-03-22,Sunday,9,Student Service Center,5,55,4.806452355981795,44,1,0,56.78691895825853
2026-02-02,Monday,13,Library Counter,4,87,6.859093298545704,45,1,0,151.76505093672336
2026-06-19,Friday,11,Library Counter,4,65,1.204730981241914,62,0,0,23.183412449699205
2026-05-18,Monday,12,Admin Office,4,37,2.3519300521110513,16,0,0,19.428138777771103
2026-06-04,Thursday,8,Cafeteria,1,70,6.730755943498893,68,0,0,469.180505789668
2026-06-07,Sunday,14,Admin Office,1,108,7.524196738570122,64,1,0,810.4333255894986
2026-05-28,Thursday,11,Admin Office,4,21,5.075193221233913,26,0,0,26.411828867101693
2026-04-30,Thursday,9,Admin Office,5,63,3.6852858228393526,56,0,0,43.959610524367946
2026-02-02,Monday,13,Library Counter,3,66,7.979871501103978,50,0,0,175.96662344217532
2026-05-21,Thursday,16,Student Service Center,5,59,2.6103757812200374,51,0,0,28.853115229671463
2026-03-22,Sunday,15,Fee Counter,5,76,3.78316078573956,63,1,0,56.697765562030675
2026-05-11,Monday,8,Admin Office,4,34,5.561667777631195,39,0,0,47.222386859655245
2026-01-15,Thursday,15,Fee Counter,1,54,4.712480756097793,31,1,0,251.61685596910735
2026-04-03,Friday,12,Fee Counter,2,57,1.8211573227367612,29,0,0,49.904470035618104
2026-03-25,Wednesday,11,Cafeteria,1,8,4.032727242801589,6,0,0,37.13662920163594
2026-03-13,Friday,12,Admin Office,2,61,5.864873202885798,36,0,0,182.75961186553047
2026-04-12,Sunday,16,Library Counter,3,59,4.492217074159493,50,0,0,90.2921816663483
2026-05-28,Thursday,8,Admin Office,2,40,3.454388518464265,37,0,0,66.35339523961623
2026-04-26,Sunday,17,Admin Office,2,43,7.660849820487289,48,0,0,162.7020308743012
2026-05-03,Sunday,13,Cafeteria,1,34,5.998608524926994,12,0,0,207.36651451207615
2026-03-03,Tuesday,14,Library Counter,4,50,4.366326820142894,26,0,0,51.905118100525954
2026-04-16,Thursday,9,Fee Counter,4,24,4.291278148876655,23,0,0,28.701901418019574
2026-04-29,Wednesday,12,Library Counter,4,45,7.974337412397194,26,0,0,94.5096411866427
2026-05-11,Monday,17,Library Counter,3,17,2.2193533560477756,11,0,0,17.262580096166545
2026-01-24,Saturday,11,Student Service Center,4,66,4.803103663543019,64,0,0,80.36317739092962
2026-04-15,Wednesday,11,Admin Office,5,36,3.952046488114188,38,0,0,27.669357092302565
2026-04-25,Saturday,17,Student Service Center,4,34,2.650544657714469,25,0,0,25.737631246856424
2026-04-10,Friday,14,Admin Office,4,60,1.483929503306336,41,0,0,22.756265660129653
2026-03-01,Sunday,15,Cafeteria,4,28,7.005903777458941,32,0,0,46.11356967524899
2026-06-17,Wednesday,15,Fee Counter,5,11,4.094170616480003,14,0,0,8.654290260169383
2026-04-03,Friday,17,Fee Counter,1,53,5.947440518198121,47,0,0,313.550682727708
2026-01-28,Wednesday,16,Library Counter,5,48,5.937699158785425,53,0,0,57.57286109644077
2026-04-21,Tuesday,13,Fee Counter,3,29,4.7181866960072245,6,0,0,50.10198359976286
2026-01-29,Thursday,8,Library Counter,5,78,5.817455061066168,55,1,0,90.93133086034744
2026-02-12,Thursday,9,Cafeteria,2,84,4.652110326453492,60,1,0,195.129861616014
2026-02-07,Saturday,11,Student Service Center,4,8,2.3184435863592103,12,0,0,7.4835229716854315
2026-06-06,Saturday,13,Student Service Center,2,61,1.1226119360344358,47,0,1,33.19284237242928
2026-01-26,Monday,15,Cafeteria,4,67,5.204266797823653,72,0,0,91.6984717142507
2026-05-22,Friday,12,Student Service Center,1,88,3.2267808753268366,68,0,0,287.88822636898277
2026-03-30,Monday,16,Student Service Center,5,8,4.0672064248839135,8,0,0,10.718535476521815
2026-05-21,Thursday,16,Library Counter,5,74,1.0403106234868509,58,1,0,14.993283866807555
2026-03-17,Tuesday,17,Student Service Center,3,48,4.1109361692584105,53,0,0,62.89231516450468
2026-01-11,Sunday,10,Admin Office,2,32,4.633572495953526,30,0,0,74.97061495629427
2026-04-27,Monday,17,Cafeteria,4,46,5.255335649554112,48,0,0,63.55542606220932
2026-03-11,Wednesday,9,Fee Counter,3,50,7.286213842649908,51,0,0,120.38475575010888
2026-02-20,Friday,11,Student Service Center,5,71,2.9941103137334597,72,0,0,41.97468617442542
2026-06-05,Friday,10,Admin Office,4,12,1.853202653358633,8,0,0,4.008802756353342
2026-04-05,Sunday,17,Student Service Center,1,38,4.384819527039474,40,0,0,170.07108242570126
2026-05-09,Saturday,15,Student Service Center,2,26,4.606226192336122,26,0,0,61.62924905335476
2026-01-26,Monday,16,Admin Office,2,13,2.6580939128213745,28,0,1,20.52181455528983
2026-02-19,Thursday,15,Library Counter,4,19,5.367015272736011,22,0,0,26.107463975393884
2026-03-10,Tuesday,8,Library Counter,4,40,5.493800503102862,26,1,0,56.79475731973886
2026-06-09,Tuesday,17,Cafeteria,5,3,5.179328418269842,6,0,0,5.514327011660913
2026-02-11,Wednesday,13,Student Service Center,1,82,1.7287675456891645,64,0,1,144.55364928354143
2026-02-11,Wednesday,14,Student Service Center,4,30,3.2636009348086454,7,0,0,23.290258228880745
2026-06-18,Thursday,14,Fee Counter,5,35,2.6359845733730314,9,0,0,19.771987330447306
2026-02-19,Thursday,10,Fee Counter,5,7,3.6493349644010835,6,0,0,5.012623124929452
2026-02-04,Wednesday,9,Fee Counter,4,34,2.4065358206133953,35,0,1,21.742175950998508
2026-06-07,Sunday,16,Fee Counter,1,5,2.642494572988175,7,0,1,13.407000191415339
2026-04-14,Tuesday,13,Student Service Center,4,68,1.6505040106557294,34,1,0,27.11494631260404
2026-02-01,Sunday,8,Student Service Center,4,16,3.1218984916173005,18,0,0,11.592494525755946
2026-03-07,Saturday,16,Student Service Center,2,91,3.778870619519984,79,1,0,172.51623351219797
2026-02-24,Tuesday,13,Library Counter,3,45,3.7802514420044773,16,0,0,58.0216325801467
2026-06-22,Monday,10,Admin Office,3,86,3.8208612513561304,77,0,0,107.91955199210115
2026-05-10,Sunday,10,Admin Office,4,63,4.355481080964962,70,0,1,68.10864855475091
2026-04-05,Sunday,8,Student Service Center,4,36,3.57274095604072,29,0,0,29.700047079450428
2026-01-25,Sunday,11,Student Service Center,4,26,4.542993039881709,17,0,0,30.04554826829439
2026-03-01,Sunday,13,Student Service Center,3,52,4.951087634752177,35,0,0,84.35311198043931
2026-03-30,Monday,9,Library Counter,2,78,2.674260729511479,77,0,0,102.43416340044526
2026-03-14,Saturday,10,Fee Counter,1,10,5.306536067617076,21,0,1,52.515389642463646
2026-02-21,Saturday,11,Fee Counter,2,73,3.4796536831134217,66,0,0,128.211396409389
2026-01-14,Wednesday,14,Student Service Center,5,34,4.369409061447265,6,0,0,26.86551983242586
2026-03-20,Friday,12,Admin Office,2,36,6.840123561683373,17,0,0,125.1566145583866
2026-03-23,Monday,12,Student Service Center,4,44,4.495336844850328,15,0,0,48.576859517396656
2026-04-27,Monday,17,Fee Counter,2,63,4.2161273788419065,56,0,0,136.0881447842165
2026-05-21,Thursday,8,Cafeteria,1,2,1.53491801606636,6,0,1,2.304777743610451
2026-02-27,Friday,15,Student Service Center,4,63,5.456687775170451,63,0,0,87.8543011370151
2026-03-28,Saturday,15,Student Service Center,3,9,1.2661529376621843,12,0,1,6.7681168728412615
2026-05-09,Saturday,10,Library Counter,1,86,3.0757490690135865,62,1,0,264.31204577313525
2026-05-23,Saturday,10,Library Counter,4,17,6.813741194833879,9,0,0,26.50810273819013
2026-05-18,Monday,13,Fee Counter,1,52,3.673577477570271,29,0,0,189.67152693121852
2026-02-18,Wednesday,11,Fee Counter,1,75,7.779421443160686,66,0,0,586.846321770288
2026-05-20,Wednesday,15,Admin Office,5,42,2.096469058816658,36,0,0,14.960225101099685
2026-01-17,Saturday,15,Admin Office,1,24,2.6848489828275346,26,0,0,62.408386598268166
2026-02-01,Sunday,10,Cafeteria,5,38,2.8090213420427266,43,0,0,22.700694832986734
2026-05-29,Friday,12,Fee Counter,3,52,1.3022161505790817,26,0,0,20.890265135872916
2026-01-29,Thursday,12,Fee Counter,3,64,3.3966854522348253,27,1,0,72.7699545753717
2026-06-14,Sunday,8,Library Counter,3,28,2.120501444682011,29,0,0,20.483806612390424
2026-05-24,Sunday,15,Cafeteria,4,62,5.602922189446161,68,0,1,86.33272537647593
2026-05-29,Friday,14,Library Counter,3,31,4.669114195083136,13,0,0,52.031895678238584
2026-02-27,Friday,13,Fee Counter,1,80,5.748651759985993,57,0,0,462.94225806201104
2026-03-11,Wednesday,15,Library Counter,5,6,6.462798433030922,8,0,0,6.49303090116679
2026-06-03,Wednesday,12,Student Service Center,5,87,3.7137151632527594,64,0,0,64.83726083809046
2026-03-12,Thursday,11,Student Service Center,3,57,4.924620660913197,59,0,0,95.39569389012237
2026-06-11,Thursday,9,Library Counter,4,43,3.3396682308724257,26,1,0,39.18060929877032
2026-04-27,Monday,11,Library Counter,5,54,1.6202030077573206,59,0,0,16.26308810546875
2026-02-16,Monday,16,Fee Counter,5,33,1.8283533364637112,24,0,0,12.3463711382308
2026-03-19,Thursday,14,Cafeteria,2,89,3.341579021193525,65,0,0,145.9098401113684
2026-04-23,Thursday,13,Student Service Center,1,62,6.969096139129979,23,1,0,430.88829126546455
2026-03-10,Tuesday,12,Fee Counter,1,88,1.5642105962998727,74,0,1,140.47404693017893
2026-06-12,Friday,8,Cafeteria,4,70,1.9474785759437987,64,0,0,37.091875767248844
2026-06-01,Monday,16,Fee Counter,5,34,2.8319397861513416,34,0,0,18.23302093840512
2026-01-14,Wednesday,15,Admin Office,2,99,6.9716273638255535,77,1,0,342.46755920088543
2026-03-23,Monday,17,Library Counter,1,11,7.298833419810907,11,0,0,77.4617547921239
2026-05-28,Thursday,15,Student Service Center,2,36,4.461367919065651,18,1,0,85.14102926623578
2026-03-10,Tuesday,10,Admin Office,5,19,2.28110810964309,16,0,0,5.844492099023775
2026-04-27,Monday,11,Admin Office,1,50,2.5918664710296526,28,1,0,129.825146562095
2026-02-12,Thursday,16,Cafeteria,1,73,2.1604217811429303,69,0,0,162.27637519943616
2026-04-22,Wednesday,16,Admin Office,2,43,3.0341129186444857,43,0,0,68.52918883019778
2026-02-07,Saturday,17,Library Counter,3,10,2.1529444740260715,11,0,0,6.818202099058885
2026-04-20,Monday,11,Student Service Center,4,63,6.25510654899543,44,1,0,99.98177405693913
2026-03-07,Saturday,16,Library Counter,4,11,5.597460733070058,10,0,0,18.969842300744464
2026-06-27,Saturday,10,Student Service Center,3,14,3.496696818992353,12,0,0,19.377773566946317
2026-03-26,Thursday,15,Cafeteria,2,12,3.217331739472687,16,0,0,23.161424492826143
2026-01-03,Saturday,9,Library Counter,1,11,6.128446642905829,12,0,0,70.97593313155592
2026-04-11,Saturday,11,Library Counter,1,30,3.924326854925698,20,1,0,122.60268820006293
2026-01-21,Wednesday,9,Fee Counter,4,45,4.918289785468678,31,1,0,56.54995706350404
2026-01-25,Sunday,11,Admin Office,2,71,7.007239372100148,65,0,0,252.30950582044852
2026-06-27,Saturday,13,Library Counter,4,77,4.214856380212497,51,0,0,80.9983714416941
2026-05-11,Monday,17,Student Service Center,4,52,7.337519119945092,39,1,0,98.3051189651003
2026-03-23,Monday,17,Library Counter,1,20,6.643371167026536,21,0,0,136.6173219517845
2026-04-01,Wednesday,10,Cafeteria,4,46,1.4874880371368402,44,0,0,15.505163924481337
2026-05-28,Thursday,8,Library Counter,4,43,1.4795378463888569,19,1,0,19.010274178751327
2026-02-15,Sunday,11,Fee Counter,4,15,1.0013187968960733,10,0,0,2.1075940512082147
2026-04-08,Wednesday,15,Fee Counter,5,43,1.7750441532842096,34,0,0,15.645767144739757
2026-01-25,Sunday,15,Admin Office,1,33,6.634347437890071,46,0,1,216.077517895176
2026-03-12,Thursday,16,Library Counter,4,64,1.7880627328835592,51,1,0,31.238491545823315
2026-03-02,Monday,11,Cafeteria,1,23,1.519686110918705,18,0,0,33.76359250586211
2026-03-19,Thursday,16,Fee Counter,3,62,2.297311256701001,45,1,0,45.10951926934731
2026-03-03,Tuesday,8,Fee Counter,3,24,2.766150748875846,25,0,0,20.89100840202529
2026-06-21,Sunday,8,Student Service Center,5,34,1.452808254605921,39,0,0,14.52569200108628
2026-01-08,Thursday,14,Fee Counter,4,47,2.1537727274273344,23,0,0,23.6714848397279
2026-01-21,Wednesday,10,Fee Counter,1,81,1.7295736196584337,75,0,0,140.17155381349164
2026-06-22,Monday,10,Fee Counter,2,7,5.438728219634319,5,0,0,16.603006497790304
2026-06-02,Tuesday,9,Cafeteria,5,9,2.9377001545391406,12,0,0,10.06012180537886
2026-04-03,Friday,8,Library Counter,3,60,4.759052418459508,53,0,0,99.01413635039421
2026-04-23,Thursday,15,Library Counter,4,61,3.7775779296042153,53,0,0,54.96316560383112
2026-01-09,Friday,15,Student Service Center,1,60,4.551883571024662,55,0,0,277.10679445896113
2026-05-21,Thursday,10,Library Counter,5,65,6.1090221619393485,44,1,0,83.4753565539703
2026-04-19,Sunday,8,Student Service Center,2,30,5.4548095912838495,12,1,0,79.23122692079455
2026-06-24,Wednesday,14,Cafeteria,4,66,5.638651591415488,37,0,0,90.77602959494162
2026-06-05,Friday,15,Fee Counter,1,22,7.592079981332475,19,0,0,169.37434076309776
2026-04-15,Wednesday,17,Admin Office,3,55,1.8101632467509376,55,0,0,31.420898712698488
2026-01-03,Saturday,11,Library Counter,5,43,1.9949598665542037,20,1,0,14.250307738213385
2026-01-12,Monday,10,Library Counter,1,61,2.5123595550818103,66,0,0,153.98679513756818
2026-06-01,Monday,16,Fee Counter,5,50,4.79774057972576,49,0,0,51.87134575660396
2026-01-30,Friday,9,Library Counter,3,73,3.232067728247972,67,1,1,80.30457136012024
2026-02-26,Thursday,13,Fee Counter,4,86,4.013705369235453,60,0,0,84.4354185912175
2026-02-25,Wednesday,8,Cafeteria,4,28,1.0469727321284197,22,0,0,7.4158051480598655
2026-05-06,Wednesday,8,Cafeteria,5,66,4.91781911386558,60,0,0,62.757285784601756
2026-04-23,Thursday,9,Student Service Center,3,35,2.4620484949401797,30,0,0,33.12899774783812
2026-02-20,Friday,9,Library Counter,5,45,3.6236249744725746,41,0,0,33.404676198118416
2026-05-14,Thursday,11,Admin Office,4,72,2.0610900500891596,63,0,0,34.34712205945561
2026-01-22,Thursday,11,Student Service Center,5,62,6.869844504319797,57,0,0,85.03555703050625
2026-04-08,Wednesday,10,Admin Office,1,31,6.814819573640538,25,0,0,212.61802804321817
2026-05-09,Saturday,15,Student Service Center,3,62,7.956938722297887,55,0,0,168.48591835801443
2026-04-14,Tuesday,13,Cafeteria,2,38,6.967904473310875,12,0,0,135.07726272636518
2026-04-28,Tuesday,10,Library Counter,5,57,1.2658709430289743,51,0,0,17.397809059546404
2026-01-05,Monday,8,Fee Counter,1,23,4.238729235457755,21,1,1,102.33867144082984
2026-02-21,Saturday,13,Admin Office,4,56,5.240287121973397,27,0,0,77.71389739247859
2026-06-28,Sunday,12,Library Counter,2,29,7.692330005283532,8,0,0,110.14258120083844
2026-03-14,Saturday,15,Fee Counter,5,73,3.183293560029963,76,0,0,45.524466497277096
2026-03-10,Tuesday,14,Admin Office,5,38,5.427808769760795,14,0,0,43.40710886715031
2026-06-18,Thursday,15,Library Counter,1,6,6.799285096143819,12,0,1,40.15266574763246
2026-05-15,Friday,10,Cafeteria,4,63,6.273995455798784,41,1,0,101.96681068569197
2026-05-08,Friday,16,Cafeteria,4,30,6.062046405252406,27,0,0,44.70802372572522
2026-01-04,Sunday,13,Library Counter,3,65,1.0426212376788735,49,0,0,20.397656416195762
2026-04-12,Sunday,9,Cafeteria,2,60,1.5103128475753245,64,0,0,45.53237168832083
2026-04-21,Tuesday,9,Library Counter,3,38,4.842863146091492,43,0,0,60.09712487921658
2026-01-13,Tuesday,12,Library Counter,5,50,6.038540173482803,35,0,0,64.3208694816431
2026-03-15,Sunday,17,Fee Counter,4,60,2.6425740924309453,54,0,0,39.06416386215255
2026-03-20,Friday,13,Fee Counter,5,52,2.1103690116846456,16,1,0,26.0037750792934
2026-04-08,Wednesday,16,Fee Counter,1,26,2.933186904746296,30,0,0,78.91867142304943
2026-03-28,Saturday,15,Admin Office,1,65,7.516211604425659,68,0,1,492.167471567116
2026-04-17,Friday,10,Cafeteria,3,31,4.036721937035707,19,1,0,45.992338500204106
2026-04-22,Wednesday,15,Fee Counter,3,28,7.511196758068972,33,0,0,73.85849269455696
2026-05-18,Monday,14,Student Service Center,5,69,1.9072045583680937,28,1,0,28.72828875679498
2026-01-25,Sunday,16,Student Service Center,4,41,3.5203532613068482,46,0,0,40.738019452269484
2026-01-28,Wednesday,16,Library Counter,2,78,2.3021610000396593,75,0,0,91.20083391877372
2026-04-10,Friday,9,Cafeteria,1,71,3.0671103430028293,49,1,0,215.85764158241025
2026-01-07,Wednesday,11,Admin Office,3,31,5.992448182978324,25,0,0,60.515686756595095
2026-04-10,Friday,12,Fee Counter,3,82,4.806640095063662,58,0,0,129.18043050082952
2026-03-15,Sunday,12,Admin Office,1,46,3.830028230784084,29,0,0,177.42880004336462
2026-04-26,Sunday,15,Student Service Center,3,82,4.18443222655311,69,1,0,113.51250189746709
2026-04-14,Tuesday,17,Fee Counter,3,59,3.5741355556357695,51,0,0,68.74524611984583
2026-05-15,Friday,12,Cafeteria,1,89,4.994547367166544,61,0,0,446.0594557765254
2026-04-27,Monday,11,Student Service Center,4,96,6.4823888930903815,79,1,0,158.820342422737
2026-02-14,Saturday,13,Library Counter,4,64,5.223042640004601,33,1,0,84.35588929203291
2026-05-04,Monday,14,Fee Counter,2,21,7.939295310949544,9,0,1,84.71845942737231
2026-05-23,Saturday,13,Cafeteria,1,85,6.930361073235072,61,0,0,588.6018675380416
2026-03-24,Tuesday,12,Fee Counter,4,69,3.361380987119164,51,0,0,60.783671387198
2026-02-26,Thursday,16,Admin Office,2,59,4.133713977872928,56,0,0,120.01876115446957
2026-06-27,Saturday,13,Library Counter,2,53,1.5336745258149513,25,0,0,39.840005454479346
2026-03-27,Friday,9,Admin Office,5,17,4.369333635749654,10,0,0,19.037131742972477
2026-04-18,Saturday,8,Cafeteria,3,38,7.7243888285923985,32,0,0,96.41766413113115
2026-04-09,Thursday,15,Library Counter,2,19,2.2326682993141627,22,0,0,19.92200515299044
2026-06-03,Wednesday,13,Fee Counter,4,36,3.7664414841697913,21,0,1,38.521147725510744
2026-06-11,Thursday,14,Student Service Center,2,94,5.666203353326335,69,0,0,264.61315555680625
2026-03-29,Sunday,9,Student Service Center,4,36,6.633271853927864,32,0,0,57.06790055887043
2026-06-19,Friday,15,Admin Office,3,77,5.637038081907477,71,0,0,142.63199842441043
2026-01-09,Friday,13,Library Counter,2,105,5.448105519616658,75,1,0,283.751313397754
2026-04-04,Saturday,10,Library Counter,1,17,7.947096025623453,21,0,0,135.19121782021043
2026-04-01,Wednesday,9,Fee Counter,1,22,1.192634295982907,24,0,0,29.956483808788203
2026-02-10,Tuesday,16,Student Service Center,2,67,4.019664541418523,45,1,0,137.41204131307705
2026-02-25,Wednesday,10,Student Service Center,3,65,7.258660117732755,64,0,0,161.84262132274625
2026-02-09,Monday,12,Student Service Center,4,50,3.0698627182912297,12,1,0,40.123703825117296
2026-02-15,Sunday,16,Library Counter,4,2,1.6653713187288495,5,0,0,4.446659803574401
2026-06-13,Saturday,9,Student Service Center,2,69,1.3178229702808477,53,1,0,44.785126023880494
2026-04-19,Sunday,12,Student Service Center,1,78,1.382440940006806,58,0,0,112.61501862430954
2026-05-15,Friday,14,Student Service Center,5,69,7.767918498594997,51,0,0,105.99162314689133
2026-06-13,Saturday,16,Student Service Center,5,65,5.98834933168959,66,0,0,81.38277704400976
2026-05-06,Wednesday,13,Fee Counter,5,45,3.901288008775403,20,0,0,38.14222968353238
2026-02-01,Sunday,9,Cafeteria,1,34,7.644460388093585,21,1,0,261.96892918867354
2026-05-03,Sunday,12,Student Service Center,1,55,7.530474037987704,40,0,0,417.7961226483095
2026-04-14,Tuesday,14,Library Counter,1,76,1.216005330156507,61,0,0,89.83156748804181
2026-03-14,Saturday,13,Fee Counter,4,79,5.697386987019401,53,0,0,113.00598676527505
2026-03-06,Friday,8,Library Counter,2,68,1.1124330548670431,72,0,0,41.08009397020944
2026-06-12,Friday,15,Admin Office,1,25,5.934097070303672,8,1,0,151.88945189371645
2026-05-01,Friday,8,Cafeteria,3,12,2.25478928335453,10,0,0,12.419184987527572
2026-05-27,Wednesday,17,Cafeteria,4,8,6.714875494755215,6,0,0,14.441874681348299
2026-03-13,Friday,14,Library Counter,2,107,2.3084010842592315,76,1,1,120.65782327464692
2026-02-22,Sunday,12,Library Counter,4,87,3.831691699017088,61,0,0,80.88612005610133
2026-02-28,Saturday,8,Admin Office,1,78,3.6174473290896954,70,0,0,286.71648033055067
2026-05-21,Thursday,11,Library Counter,5,71,7.403117804695525,67,0,0,102.21611810467147
2026-03-03,Tuesday,17,Cafeteria,2,84,6.165194893842243,66,1,0,261.57462096559374
2026-06-18,Thursday,8,Library Counter,1,10,4.381277882912229,14,0,0,42.96104887766315
2026-05-04,Monday,15,Admin Office,2,42,7.659962545918962,33,0,0,160.23753978675686
2026-05-28,Thursday,10,Fee Counter,3,38,7.755107586181303,38,0,0,97.23850712382531
2026-01-10,Saturday,16,Cafeteria,1,13,2.218571727180005,6,0,0,26.777960784733416
2026-01-10,Saturday,12,Library Counter,3,59,5.907977160922315,26,1,0,118.63111258171465
2026-01-28,Wednesday,8,Cafeteria,5,37,7.7030671055867215,40,0,0,57.194979122481215
2026-02-15,Sunday,17,Cafeteria,2,37,6.238690447733619,39,0,0,119.73216259386042
2026-06-05,Friday,11,Student Service Center,3,26,5.4638177282715485,21,0,0,46.28926361820044
2026-06-17,Wednesday,14,Cafeteria,5,95,3.4917972274187603,51,1,0,63.47065289082015
2026-02-12,Thursday,9,Library Counter,5,42,5.163622502744527,37,0,0,43.352032157655785
2026-05-18,Monday,9,Library Counter,4,62,5.317485254967788,50,1,0,85.36407340134423
2026-04-30,Thursday,15,Library Counter,2,38,7.056353431784677,43,0,0,138.39277268325145
2026-02-06,Friday,16,Admin Office,3,64,3.9932093359233614,64,0,0,85.72882995154968
2026-04-17,Friday,12,Fee Counter,2,54,1.1533933014250626,15,1,0,30.549987761151193
2026-05-15,Friday,13,Fee Counter,4,58,3.861440828603924,42,0,0,60.383106978162765
2026-03-26,Thursday,12,Cafeteria,2,113,6.785416631370337,71,1,0,383.9456494402444
2026-03-10,Tuesday,8,Fee Counter,4,30,3.4982018261977714,27,0,0,26.066826966374773
2026-02-21,Saturday,15,Cafeteria,5,0,5.425516184277643,9,0,1,1.0
2026-02-27,Friday,14,Cafeteria,1,60,2.3570414755582485,39,0,0,145.29302270284015
2026-06-19,Friday,14,Cafeteria,4,105,5.273827285107972,61,1,0,136.7208894830422
2026-06-14,Sunday,14,Student Service Center,4,42,1.013944946533492,21,0,0,13.396338881429909
2026-05-14,Thursday,9,Cafeteria,1,23,1.7374183913693324,14,0,0,38.73951343948001
2026-01-28,Wednesday,14,Library Counter,4,32,6.277055516858475,13,0,1,54.18819150588007
2026-03-15,Sunday,15,Admin Office,1,17,5.027865711003038,17,0,0,82.65084889083269
2026-02-17,Tuesday,8,Student Service Center,5,25,2.4437647968530682,30,0,0,12.35369896976955
2026-02-18,Wednesday,10,Admin Office,1,76,7.001162316525886,66,1,0,534.4743075708036
2026-05-11,Monday,12,Library Counter,2,55,4.74959619543305,32,0,0,134.30283700006686
2026-03-27,Friday,16,Library Counter,4,30,6.744191303736106,33,0,0,50.81798402925294
2026-01-15,Thursday,10,Library Counter,5,19,2.9661737563037063,22,0,0,9.935111148269204
2026-05-16,Saturday,13,Fee Counter,1,76,1.5187379580240696,61,0,0,115.4278362375613
2026-02-14,Saturday,13,Fee Counter,5,27,6.1046432003955005,7,0,0,34.83234476917584
2026-03-03,Tuesday,11,Library Counter,4,39,6.81957394355379,34,0,0,70.22944998764893
2026-05-17,Sunday,9,Student Service Center,1,61,4.647512333558715,62,0,0,283.29987627580743
2026-02-27,Friday,11,Cafeteria,3,38,2.1891670423551473,33,0,0,26.289250802367512
2026-05-14,Thursday,17,Cafeteria,3,70,3.1483315923619903,66,0,0,73.78084021164706
2026-01-11,Sunday,13,Library Counter,1,40,6.220273653532883,14,0,0,250.2743657025209
2026-01-02,Friday,9,Fee Counter,3,81,4.732759794953717,66,1,0,129.87860820010496
2026-03-02,Monday,8,Student Service Center,4,29,6.76637177059386,31,0,0,46.56131768022462
2026-05-12,Tuesday,14,Fee Counter,2,54,1.2180436495537375,32,0,0,31.963790132151303
2026-03-11,Wednesday,12,Library Counter,5,72,4.002894522886233,52,0,0,56.25020234596133
2026-06-06,Saturday,14,Student Service Center,2,100,1.470791397771575,58,1,0,71.29891338315211
2026-01-20,Tuesday,17,Library Counter,5,27,3.2267311283243045,20,0,0,22.113623418632567
2026-05-29,Friday,10,Library Counter,4,51,6.350473705054991,42,0,0,82.95848441836321
2026-04-10,Friday,14,Library Counter,2,31,5.066652659217255,14,0,0,83.45854947439358
2026-05-07,Thursday,10,Library Counter,2,21,7.078875515589674,24,0,0,74.36121418069676
2026-01-28,Wednesday,12,Library Counter,5,33,6.630898417742314,8,1,1,46.48473084736887
2026-06-02,Tuesday,9,Library Counter,2,37,1.3807352396561783,48,0,1,27.69765572284579
2026-03-30,Monday,16,Admin Office,3,78,2.429165914177701,69,0,0,60.49705199879929
2026-06-24,Wednesday,8,Student Service Center,2,68,4.175052999459838,63,0,0,142.59078152405746
2026-01-20,Tuesday,13,Library Counter,4,89,6.836543656431791,70,0,0,154.25371723819643
2026-01-26,Monday,15,Fee Counter,3,48,1.5919576466806649,44,0,0,27.326097991211746
2026-04-26,Sunday,14,Library Counter,5,65,6.600514024538076,31,1,0,89.88334866236448
2026-03-14,Saturday,10,Library Counter,4,63,7.585413097826507,61,0,0,122.67754855322593
2026-04-20,Monday,11,Fee Counter,5,87,7.565756620037259,68,1,0,129.3249930776066
2026-01-11,Sunday,9,Admin Office,4,54,7.596684178015938,54,0,0,100.15380604477494
2026-01-15,Thursday,12,Fee Counter,3,113,1.060943029437805,76,1,0,38.20675893711174
2026-05-19,Tuesday,15,Student Service Center,4,62,3.117353204175486,40,1,0,53.1219608818914
2026-01-26,Monday,13,Fee Counter,2,42,6.805199638880316,26,0,0,145.56259668590823
2026-02-15,Sunday,12,Admin Office,3,36,4.217088400495362,21,0,0,50.056768550286904
2026-02-26,Thursday,14,Admin Office,5,40,5.020013025631477,17,0,0,42.497802902605265
2026-06-17,Wednesday,8,Admin Office,5,43,2.366165620530553,24,1,0,21.264164635815465
2026-03-17,Tuesday,13,Library Counter,4,43,5.88971437646396,22,0,0,63.643592488112425
2026-03-03,Tuesday,15,Student Service Center,5,83,7.087242577323442,64,1,0,117.87043344943233
2026-02-08,Sunday,15,Cafeteria,5,44,2.296892487683266,42,0,0,19.44179839653303
2026-06-05,Friday,10,Student Service Center,2,59,4.911361612370784,42,1,0,144.85452369309436
2026-01-06,Tuesday,10,Admin Office,3,87,5.012562361147141,63,1,0,145.06550288926096
2026-02-21,Saturday,16,Cafeteria,5,39,1.0045737353290969,26,1,0,11.801027408571098
2026-04-24,Friday,8,Fee Counter,4,14,2.396537204507259,5,0,0,7.739473023910588
2026-03-13,Friday,9,Library Counter,5,82,6.500688518278612,63,1,0,108.3308747621837
2026-06-05,Friday,16,Student Service Center,2,35,7.546204607085453,34,0,0,132.06502075076412
2026-04-04,Saturday,9,Student Service Center,3,54,4.574065302216919,59,0,0,84.25420856423413
2026-06-29,Monday,17,Fee Counter,5,40,4.067250292738412,37,0,0,36.251445501749686
2026-01-01,Thursday,10,Library Counter,2,11,6.413667334475748,16,0,0,39.594897260240366
2026-05-16,Saturday,15,Library Counter,4,63,6.25538754447739,66,0,0,96.5262441999121
2026-01-17,Saturday,8,Admin Office,5,75,3.561200666898163,60,1,0,52.9624065838798
2026-02-23,Monday,15,Cafeteria,1,52,7.730446272018785,53,0,0,404.3261493985833
2026-03-24,Tuesday,14,Fee Counter,3,48,5.337311488614456,32,0,0,87.19400436551066
2026-03-09,Monday,13,Admin Office,1,70,6.012349812695011,56,0,1,423.51445618909287
2026-03-24,Tuesday,17,Fee Counter,3,27,1.6229280039944265,32,0,0,19.53992062292945
2026-04-07,Tuesday,15,Admin Office,4,22,5.166489838888124,20,0,0,26.61947228193266
2026-05-22,Friday,16,Admin Office,3,81,5.532615253903542,77,0,0,148.56493681001808
2026-03-08,Sunday,15,Student Service Center,3,16,2.487130940368311,19,0,0,15.57288709993861
2026-01-26,Monday,9,Admin Office,4,53,1.7494002498793024,52,0,0,23.700017682975947
2026-03-07,Saturday,10,Admin Office,5,73,4.720184399325138,66,0,0,68.21825497155496
2026-05-23,Saturday,17,Admin Office,4,9,7.316891233002724,9,0,0,16.214666766717613
2026-02-16,Monday,14,Fee Counter,3,59,3.875999642883475,27,1,0,77.71263144871672
2026-06-29,Monday,8,Library Counter,5,58,3.53078979127827,57,0,0,38.694505246607385
2026-04-12,Sunday,12,Cafeteria,3,81,5.611023471089155,64,0,0,152.7559687270188
2026-03-17,Tuesday,14,Admin Office,5,92,6.731181606388356,65,0,0,128.72227920965506
2026-04-13,Monday,17,Student Service Center,2,6,2.5278191088561064,5,0,0,12.498911452805372
2026-05-09,Saturday,8,Cafeteria,2,26,7.271189268348617,26,0,0,97.87689557541174
2026-06-24,Wednesday,8,Cafeteria,2,49,4.95981720498704,49,0,0,119.97690059609982
2026-03-13,Friday,13,Student Service Center,3,65,1.830506360191062,39,0,0,44.13096652148477
2026-02-18,Wednesday,14,Cafeteria,2,44,2.128531683825858,24,0,0,49.078973872174124
2026-05-26,Tuesday,11,Cafeteria,1,49,4.586102428209564,48,0,0,227.9075957961144
2026-06-12,Friday,8,Library Counter,3,58,6.702697032969924,52,0,0,131.48012413157764
2026-05-25,Monday,14,Library Counter,2,37,5.730760475728515,17,0,0,108.28434739535813
2026-04-22,Wednesday,11,Library Counter,4,54,5.970803364360956,32,1,0,78.37167785682809
2026-05-16,Saturday,15,Library Counter,1,77,4.252292181662796,75,0,0,327.46343210364864
2026-05-05,Tuesday,16,Library Counter,2,49,4.107326826239381,43,0,0,104.7782639344659
2026-05-31,Sunday,12,Admin Office,5,47,2.758184872838809,27,0,0,29.680636406973953
2026-06-17,Wednesday,17,Cafeteria,5,79,6.799416937266687,67,1,0,110.13355557570128
2026-04-06,Monday,11,Fee Counter,1,71,7.6272937128456855,74,0,0,541.739551818841
2026-04-22,Wednesday,14,Library Counter,5,105,5.61654187155929,64,1,0,120.45174375933811
2026-04-23,Thursday,16,Cafeteria,2,49,4.825209792096871,51,0,0,118.55518725488994
2026-06-05,Friday,9,Student Service Center,1,70,1.7017189460601365,62,0,0,116.25306606927033
2026-03-19,Thursday,10,Fee Counter,2,25,7.82283417233986,25,0,0,95.86910344860578
2026-05-06,Wednesday,9,Fee Counter,1,74,1.0678081791867742,79,0,0,82.88144598714175
2026-03-31,Tuesday,13,Cafeteria,4,72,3.548789425073496,46,0,0,65.40792977734387
2026-05-10,Sunday,17,Library Counter,3,20,3.623053793551635,11,0,0,25.552640459220544
2026-05-04,Monday,8,Student Service Center,1,77,1.6675264489110249,73,0,0,129.00000568155872
2026-04-03,Friday,12,Admin Office,5,65,4.390738299205944,33,1,0,59.63004234541658
2026-06-29,Monday,10,Student Service Center,2,57,4.831903882658081,59,0,0,140.58050367177026
2026-03-04,Wednesday,11,Admin Office,2,46,5.880145844965863,49,0,0,133.79083717786673
2026-03-03,Tuesday,13,Student Service Center,4,78,2.6099562777426835,40,1,0,51.184579192512174
2026-03-11,Wednesday,11,Cafeteria,4,7,5.594701015693371,9,0,0,11.0719454469062
2026-01-22,Thursday,17,Fee Counter,5,32,4.532333172253869,13,1,0,26.945173484828324
2026-06-08,Monday,10,Cafeteria,5,68,4.040530486988525,57,1,0,55.52274999741633
2026-03-01,Sunday,15,Cafeteria,5,16,1.696825589661426,15,0,0,7.255379211833903
2026-04-21,Tuesday,9,Fee Counter,1,83,2.472229894000556,69,1,1,208.31798811291046
2026-05-10,Sunday,17,Fee Counter,4,59,7.746762126149315,54,0,0,112.34538253050849
2026-01-27,Tuesday,8,Admin Office,1,32,2.931458860663828,34,0,0,96.95533418854811
2026-05-05,Tuesday,17,Fee Counter,2,55,1.4196031060291578,46,0,0,37.08687535975523
2026-01-22,Thursday,16,Fee Counter,2,42,5.158993039295202,38,0,0,108.62985039649996
2026-03-14,Saturday,17,Cafeteria,2,25,5.419627282337757,24,0,0,68.15652788363494
2026-05-04,Monday,11,Library Counter,2,32,7.232690245986863,33,0,1,117.33809354627947
2026-05-05,Tuesday,14,Student Service Center,2,34,7.420876466043765,18,0,0,126.40762422161978
2026-02-05,Thursday,11,Student Service Center,4,47,5.301400442581419,49,0,0,63.94101859009932
2026-05-31,Sunday,12,Fee Counter,5,100,3.264712887398441,74,0,0,67.61470566002187
2026-05-22,Friday,14,Fee Counter,1,41,7.2598558277948975,9,1,1,299.81331218192963
2026-05-03,Sunday,8,Student Service Center,3,66,4.782095847330497,58,0,0,109.0153145246788
2026-02-04,Wednesday,12,Cafeteria,5,42,5.249946966185038,26,0,0,44.209365298966695
2026-03-30,Monday,15,Cafeteria,4,52,7.837560609793103,43,0,0,102.12608843794762
2026-02-23,Monday,17,Library Counter,4,61,3.140207702131038,62,0,0,48.109797225454805
2026-06-06,Saturday,11,Student Service Center,3,78,1.836933984264395,73,0,0,49.34142641579895
2026-01-20,Tuesday,16,Fee Counter,3,54,2.3064795785837777,49,0,0,38.72214957346327
2026-03-27,Friday,11,Student Service Center,5,95,4.664945056708991,76,1,0,87.89205584077429
2026-05-31,Sunday,16,Fee Counter,3,72,1.336646172884248,59,1,1,31.444828463394906
2026-01-11,Sunday,13,Admin Office,3,72,7.285547054106158,46,0,0,178.33252466097096
2026-02-21,Saturday,13,Library Counter,5,56,7.5910379691375365,16,1,0,86.25733698320735
2026-02-22,Sunday,15,Cafeteria,5,59,5.729640315449512,61,0,0,67.77725353187184
2026-02-18,Wednesday,14,Admin Office,3,70,3.2258778593823445,49,0,0,76.90833271466157
2026-02-26,Thursday,17,Cafeteria,5,47,4.495120622100277,39,0,0,40.10483222652842
2026-06-07,Sunday,11,Student Service Center,5,55,3.710920879973889,55,0,0,43.09765186315657
2026-03-05,Thursday,13,Fee Counter,2,31,1.9474880448129883,11,0,0,28.76717845933036
2026-03-15,Sunday,17,Cafeteria,5,32,2.1377659122809547,37,0,0,16.086672315384057
2026-01-04,Sunday,8,Fee Counter,3,83,3.545517512436147,75,0,0,95.88140501933556
2026-01-08,Thursday,15,Library Counter,4,39,2.038522361026618,31,0,0,18.252281279630537
2026-06-06,Saturday,10,Library Counter,3,51,6.285935322116371,43,0,0,108.5538918222476
2026-05-12,Tuesday,13,Library Counter,2,46,2.9394847479937973,22,0,0,72.13519056033097
2026-01-01,Thursday,17,Admin Office,2,78,3.8379597759740847,76,0,0,150.8106976565707
2026-04-05,Sunday,12,Cafeteria,2,52,7.877648905792271,31,0,0,202.5079286631085
2026-01-29,Thursday,8,Library Counter,5,48,1.8896736815290747,48,0,0,16.65513651000719
2026-06-15,Monday,12,Admin Office,1,48,2.395881184309745,15,1,0,114.11807138020528
2026-04-08,Wednesday,15,Admin Office,4,75,3.8989874775096633,61,1,0,77.76958208271529
2026-05-22,Friday,14,Fee Counter,4,89,6.737266871460599,62,0,0,153.50301802989514
2026-02-11,Wednesday,12,Library Counter,2,102,1.0863873224226182,75,0,0,53.54944046435955
2026-01-10,Saturday,10,Fee Counter,5,28,2.359140083322576,12,1,0,14.006663615572306
2026-06-28,Sunday,12,Library Counter,5,94,4.905115729620512,71,0,0,96.89450388010442
2026-03-12,Thursday,14,Admin Office,1,78,3.3127403156593154,48,1,0,260.1074615362094
2026-04-23,Thursday,16,Admin Office,4,58,3.506978015704011,45,1,0,55.76722389478274
2026-06-20,Saturday,16,Admin Office,5,69,2.189108160831334,63,0,0,27.653019727010367
2026-02-25,Wednesday,16,Fee Counter,4,75,5.195518075295159,71,0,0,100.24521418567706
2026-06-25,Thursday,14,Student Service Center,5,94,4.828502131898338,70,0,0,91.57655906262289
2026-03-04,Wednesday,9,Cafeteria,3,53,7.731310649323159,30,1,0,139.42843481290544
2026-02-20,Friday,14,Library Counter,2,104,3.6048415066918906,64,1,0,188.62683297324185
2026-06-29,Monday,8,Student Service Center,2,59,3.8191763932278153,44,1,0,113.82259700664461
2026-02-23,Monday,13,Fee Counter,3,80,5.0025252115518635,59,0,0,133.87308971669734
2026-03-26,Thursday,16,Cafeteria,1,52,3.9287267336483347,47,0,0,204.15628014439815
2026-05-26,Tuesday,14,Cafeteria,5,75,2.4707503503864627,49,0,0,39.99942639381524
2026-06-17,Wednesday,10,Admin Office,2,12,4.971736609092513,13,0,0,33.20036853020618
2026-03-31,Tuesday,15,Student Service Center,5,27,4.595954986507134,21,0,0,24.12363313481476
2026-02-10,Tuesday,13,Library Counter,1,107,1.7327317937487334,79,0,0,183.4310738187989
2026-04-27,Monday,10,Cafeteria,3,47,5.494605551466793,39,0,0,85.28644617677323
2026-06-26,Friday,9,Cafeteria,2,29,7.391290268228992,29,0,0,108.75069259909803
2026-05-27,Wednesday,8,Admin Office,4,49,5.127574466060834,49,0,0,60.35180218142062
2026-04-15,Wednesday,14,Admin Office,2,86,3.8021898532109586,64,0,0,166.98909268015424
2026-01-15,Thursday,11,Cafeteria,5,19,2.0764859385925134,20,0,1,11.980016919099496
2026-01-05,Monday,11,Admin Office,2,100,3.010548464436056,78,1,0,154.56544244015754
2026-04-20,Monday,16,Student Service Center,3,15,4.500407814337607,17,0,0,24.901184696121273
2026-03-15,Sunday,15,Cafeteria,4,65,5.342598764866047,64,0,0,90.24727181716736
2026-03-26,Thursday,14,Student Service Center,2,51,3.299907049200589,35,0,0,81.58335813354972
2026-05-10,Sunday,16,Student Service Center,2,71,3.185328155983906,74,0,0,113.49888176276218
2026-04-28,Tuesday,11,Student Service Center,3,68,6.776479598817417,66,0,0,156.9606683807105
2026-02-04,Wednesday,14,Cafeteria,3,91,7.322736735665914,53,1,0,221.26233654297624
2026-06-28,Sunday,15,Admin Office,4,30,7.483436413190415,21,0,0,60.09629507690294
2026-01-10,Saturday,9,Fee Counter,1,32,3.2971205064752542,10,1,0,102.938034700504
2026-06-23,Tuesday,15,Library Counter,2,29,2.2398900093877785,32,0,0,29.51952215680727
2026-06-28,Sunday,17,Student Service Center,3,69,1.9218083240534494,63,1,1,46.841918704058074
2026-02-25,Wednesday,13,Fee Counter,3,51,7.716305280687884,11,1,0,129.91888987551926
2026-06-21,Sunday,14,Cafeteria,3,98,6.0426879901051205,54,1,0,198.48338345134994
2026-05-07,Thursday,8,Library Counter,5,64,3.8155661439297868,51,1,1,49.5895656863556
2026-04-22,Wednesday,8,Fee Counter,4,79,5.7541379782369395,74,0,0,115.69523289132657
2026-01-08,Thursday,10,Student Service Center,1,63,7.380603081060956,65,0,1,463.7501322837451
2026-02-03,Tuesday,16,Student Service Center,2,42,3.911029375855633,35,0,0,79.63665616663202
2026-04-01,Wednesday,13,Admin Office,1,84,6.723363648131404,65,0,0,568.9229992750365
2026-02-19,Thursday,17,Cafeteria,3,4,4.590123196136874,6,0,0,5.687000603514581
2026-05-14,Thursday,8,Cafeteria,5,58,4.995330366713514,55,0,0,58.77547111760094
2026-06-19,Friday,16,Admin Office,1,22,2.1747021695222006,26,0,0,45.8063563391683
2026-04-20,Monday,8,Admin Office,1,6,2.695222552432294,8,0,0,13.75536405779078
2026-02-28,Saturday,8,Fee Counter,2,82,2.629098442408863,74,0,0,105.22368033803104
2026-04-16,Thursday,15,Cafeteria,5,48,6.7055047047306475,47,0,0,68.39246217823957
2026-05-26,Tuesday,14,Library Counter,2,97,3.245071671219703,75,0,0,158.88541104709898
2026-03-11,Wednesday,13,Admin Office,1,67,4.742626461528667,33,1,0,321.6260643611303
2026-06-24,Wednesday,17,Library Counter,3,21,7.943224371632442,31,0,1,60.213745497259936
2026-04-23,Thursday,15,Library Counter,1,41,7.131334474999262,34,0,0,296.62710546705387
2026-06-06,Saturday,10,Cafeteria,2,13,7.956487827647205,22,0,1,51.23420215118843
2026-04-20,Monday,15,Library Counter,3,3,7.05256648221922,5,0,0,5.00185139801553
2026-03-06,Friday,10,Cafeteria,3,65,1.092601690337058,65,0,0,24.767280276525437
2026-03-06,Friday,11,Admin Office,3,17,5.241483367899731,11,0,0,30.731406181437706
2026-06-11,Thursday,11,Library Counter,2,16,5.5830774394891005,16,0,0,44.95425205360764
2026-05-09,Saturday,13,Student Service Center,2,64,1.2786800761202768,49,0,0,40.10966723160863
2026-05-15,Friday,17,Cafeteria,4,60,1.9883934447602944,61,0,0,32.93402842075012
2026-04-07,Tuesday,14,Student Service Center,2,49,4.151977386820681,33,0,0,102.9723219478069
2026-03-12,Thursday,10,Admin Office,2,88,5.699842508506158,65,1,0,255.20353658964055
2026-01-10,Saturday,14,Admin Office,2,79,3.981982636278997,64,0,0,162.03025673169012
2026-06-19,Friday,10,Fee Counter,1,27,2.352120058859029,32,0,0,64.27770778578675
2026-05-10,Sunday,11,Admin Office,5,35,5.030501039420881,26,0,0,39.04274366747506
2026-01-25,Sunday,12,Library Counter,5,72,3.0858406484709064,44,0,0,42.15418134246231
2026-02-26,Thursday,9,Cafeteria,4,20,4.992866439825491,21,0,0,26.616845834631363
2026-03-26,Thursday,12,Admin Office,5,46,2.163605534361611,22,0,0,24.237084125050934
2026-03-23,Monday,8,Cafeteria,1,26,5.18200469801394,24,0,0,138.77928343272046
2026-01-09,Friday,12,Library Counter,2,73,7.730855124962964,30,1,0,282.7350315237685
2026-05-11,Monday,9,Cafeteria,2,55,3.3929432934208075,53,0,0,93.77549521963525
2026-02-24,Tuesday,17,Library Counter,4,58,4.8121681409752455,50,0,0,67.1049834264643
2026-02-23,Monday,8,Cafeteria,1,64,6.24274205602279,62,0,0,399.39135102120787
2026-05-24,Sunday,11,Cafeteria,3,41,1.188073578314547,37,0,0,16.280860654243096
2026-06-29,Monday,11,Student Service Center,2,44,7.2856865132951345,34,1,0,161.48549801445603
2026-01-13,Tuesday,15,Admin Office,4,40,1.154600917108258,44,0,0,11.409698727344697
2026-01-23,Friday,8,Fee Counter,2,8,6.118754125431625,7,0,0,27.6329894845832
2026-04-10,Friday,10,Admin Office,4,66,1.8356670793673775,68,0,0,29.911249512648276
2026-05-03,Sunday,13,Student Service Center,3,43,2.4489552087154074,23,0,0,38.91293730805263
2026-04-11,Saturday,14,Library Counter,5,94,6.52315991183694,73,0,0,120.5882586295482
2026-05-11,Monday,13,Cafeteria,2,35,7.005544397981302,15,0,0,124.93244654434223
2026-02-04,Wednesday,14,Admin Office,4,61,6.751490988452687,38,0,0,100.7712763136624
2026-04-25,Saturday,8,Fee Counter,4,4,6.093417963897821,8,0,0,10.474248020649483
2026-03-22,Sunday,17,Admin Office,5,19,3.8552272595509605,16,0,0,13.886954134239302
2026-05-04,Monday,12,Fee Counter,2,82,3.6988749508091967,40,1,0,152.70735931000908
2026-03-27,Friday,12,Fee Counter,2,34,3.2951879581278094,11,0,0,58.91525459982587
2026-02-13,Friday,13,Fee Counter,2,53,6.184645067466382,21,1,0,164.77323818805147
2026-01-10,Saturday,15,Student Service Center,5,42,6.481001619430414,37,0,0,57.44163943866758
2026-04-06,Monday,17,Library Counter,2,40,5.037655437467791,36,0,0,98.70679229208041
2026-02-26,Thursday,11,Student Service Center,1,51,1.2794577279462587,37,1,0,65.84497223833819
2026-04-24,Friday,13,Admin Office,5,86,7.763920084237301,56,1,0,138.30002110221525
2026-06-13,Saturday,8,Student Service Center,1,27,6.304435922626106,23,0,0,169.47511675568288
2026-03-06,Friday,15,Admin Office,5,13,4.824849519484925,9,0,0,11.542562184495647
2026-01-29,Thursday,10,Admin Office,3,11,6.204046217693361,6,0,0,24.010785764086812
2026-01-02,Friday,12,Admin Office,2,72,6.364430491732566,44,0,0,229.3708299949645
2026-05-21,Thursday,12,Library Counter,2,83,2.4125646377671983,54,0,0,104.39204444907364
2026-02-09,Monday,10,Fee Counter,5,37,1.2823369649691638,30,0,0,9.098655573797842
2026-06-17,Wednesday,14,Library Counter,5,69,3.225332716412985,35,1,0,41.57980918208263
2026-03-31,Tuesday,12,Cafeteria,4,84,6.80696081999858,58,0,0,141.01574245516568
2026-04-20,Monday,9,Student Service Center,2,83,4.000509954459723,79,0,0,168.04918047196813
2026-03-12,Thursday,15,Cafeteria,5,34,3.172149810541882,19,1,0,21.763627515244526
2026-02-20,Friday,17,Fee Counter,4,58,3.8360398757488463,40,1,0,54.53469447568582
2026-04-11,Saturday,10,Cafeteria,5,85,3.2835435488665206,67,1,0,58.86977820358509
2026-01-04,Sunday,16,Student Service Center,2,69,4.320160654079012,73,0,0,147.3897029832673
2026-01-17,Saturday,15,Library Counter,2,66,6.569621614630094,66,0,0,214.41737707313217
2026-02-28,Saturday,16,Fee Counter,2,59,7.853222885541672,35,1,0,232.03596762402825
2026-04-08,Wednesday,14,Cafeteria,4,44,4.198216502160868,19,0,0,46.98124844322423
2026-06-07,Sunday,11,Library Counter,1,59,4.848020786143177,53,0,0,286.3705406142531
2026-04-05,Sunday,17,Student Service Center,4,30,3.0361379796210777,41,0,1,23.52628958307215
2026-03-18,Wednesday,10,Student Service Center,2,53,4.301384556366832,56,0,0,112.80654357326938
2026-06-21,Sunday,12,Fee Counter,3,53,3.3046143073897616,14,1,0,55.80137311135028
2026-05-02,Saturday,17,Admin Office,3,22,6.043197190239293,12,1,0,43.57137942145193
2026-03-26,Thursday,12,Cafeteria,1,95,3.9008587840294657,66,0,0,375.0681935500218
2026-06-20,Saturday,10,Fee Counter,2,73,6.543951233839968,66,0,0,243.74772092809502
2026-04-18,Saturday,17,Cafeteria,1,68,4.562713282954332,60,0,0,310.88710168316925
2026-01-25,Sunday,12,Student Service Center,2,28,7.991550550709582,23,0,1,109.32143816465272
2026-01-21,Wednesday,10,Cafeteria,3,57,3.2151999161209135,59,0,0,58.78453456834482
2026-04-22,Wednesday,14,Library Counter,5,77,7.638586869522433,70,0,1,115.36484366531393
2026-02-11,Wednesday,17,Library Counter,4,15,5.818368880825954,6,0,0,24.808471130610567
2026-03-10,Tuesday,14,Admin Office,5,76,1.6788513376126677,43,1,0,22.964195020634513
2026-06-02,Tuesday,12,Fee Counter,4,77,5.86479093185033,55,0,0,114.01856166521158
2026-02-26,Thursday,10,Fee Counter,2,22,7.270084488605802,27,0,0,77.20248390861076
2026-01-09,Friday,15,Fee Counter,5,19,2.312531199832862,24,0,0,11.792406213317888
2026-01-10,Saturday,14,Fee Counter,2,62,1.9761516534361212,22,1,0,62.81435296155518
2026-06-21,Sunday,15,Admin Office,4,18,6.027175632923596,13,0,0,25.11766544297133
2026-06-28,Sunday,10,Admin Office,5,41,3.2609277822380784,43,0,0,30.851705335239924
2026-05-30,Saturday,14,Fee Counter,5,26,3.209432507570066,5,0,0,17.61720714071562
2026-05-13,Wednesday,9,Admin Office,4,102,5.03581492965798,78,1,0,133.2800068535923
2026-03-12,Thursday,16,Library Counter,4,38,4.444644072450686,38,0,0,47.116017900855354
2026-06-28,Sunday,9,Fee Counter,2,7,5.740014766701685,7,0,0,18.042222119401025
2026-03-17,Tuesday,8,Student Service Center,2,19,2.4947999814323896,21,0,0,23.989754515447597
2026-05-17,Sunday,10,Student Service Center,4,90,3.12298057583169,72,1,0,72.99991334789327
2026-02-04,Wednesday,15,Fee Counter,1,22,5.511395430644157,17,0,0,119.71361568821044
2026-04-09,Thursday,8,Cafeteria,2,62,5.853642769631967,56,0,0,184.592889640674
2026-04-21,Tuesday,14,Library Counter,3,96,6.962532370623792,73,1,1,220.22163104244936
2026-02-26,Thursday,12,Student Service Center,4,83,4.018473394050302,61,0,0,84.93770639962213
2026-02-04,Wednesday,10,Student Service Center,2,64,5.422056928286088,60,0,0,174.6558044820725
2026-01-31,Saturday,14,Student Service Center,2,62,1.369038364341508,24,1,0,43.009552797088325
2026-05-20,Wednesday,14,Cafeteria,5,109,6.655701296763133,74,1,0,148.23640521115098
2026-03-30,Monday,8,Student Service Center,5,10,6.7662247156556035,9,0,0,11.214596164204625
2026-02-06,Friday,10,Admin Office,2,10,5.0952461810306335,20,0,1,26.38457063667522
2026-01-02,Friday,16,Library Counter,5,47,5.382382962865609,49,0,0,48.196629584150116
2026-02-27,Friday,17,Admin Office,5,66,4.177482954952572,57,0,0,56.19877196652073
2026-05-27,Wednesday,16,Student Service Center,5,9,2.9539132954198877,7,0,0,9.762421976254984
2026-04-07,Tuesday,13,Admin Office,3,66,1.4569373029652473,50,0,0,35.62733524725866
2026-03-23,Monday,8,Library Counter,3,24,4.073914625633954,29,0,1,29.910900791360383
2026-02-20,Friday,9,Admin Office,4,9,4.245354520404149,13,0,0,12.82621806536307
2026-06-08,Monday,17,Admin Office,4,59,7.86731403578126,74,0,1,118.33736785636899
2026-03-31,Tuesday,13,Fee Counter,2,35,1.0834258808476946,20,0,0,17.077491895658163
2026-02-16,Monday,15,Library Counter,5,85,3.9491061714335527,62,1,0,70.84551960849255
2026-05-19,Tuesday,15,Cafeteria,5,73,5.417345752891544,76,0,0,76.29312065047132
2026-01-20,Tuesday,15,Admin Office,2,27,6.296525845466792,19,0,0,86.66257952890805
2026-03-21,Saturday,11,Fee Counter,5,30,6.882437243119557,27,0,0,38.43460917061645
2026-06-05,Friday,13,Student Service Center,1,50,2.8228217615153586,33,0,0,144.84828518050546
2026-03-13,Friday,14,Student Service Center,5,70,1.9089990939251673,31,1,0,29.135553285804654
2026-04-27,Monday,8,Admin Office,2,71,5.051295334519995,71,0,0,181.26726454356958
2026-03-07,Saturday,17,Admin Office,2,54,6.955969301254668,41,1,0,187.10025147354256
2026-03-06,Friday,8,Cafeteria,3,30,6.422004582220554,7,1,0,62.961877019669004
2026-02-14,Saturday,17,Student Service Center,1,24,2.5559793664700967,28,0,1,60.0083530720533
2026-02-28,Saturday,8,Library Counter,1,77,7.496099657105667,72,0,0,575.5230348141636
2026-03-16,Monday,9,Admin Office,1,64,7.407029582654918,63,0,0,473.1753778088448
2026-01-26,Monday,8,Student Service Center,2,21,4.170183522908582,8,1,0,48.35264785806831
2026-01-28,Wednesday,8,Fee Counter,3,62,4.60348964453194,59,0,0,96.24487002355697
2026-03-10,Tuesday,10,Library Counter,5,38,7.466119771137433,40,0,0,60.314280282854014
2026-06-27,Saturday,16,Admin Office,2,52,1.7193776985484726,51,0,0,43.08139999764935
2026-01-17,Saturday,10,Cafeteria,1,23,5.7995622448563955,18,0,0,132.20015030484754
2026-06-28,Sunday,11,Admin Office,3,18,5.414447064881563,20,0,0,32.92782424606399
2026-01-12,Monday,10,Student Service Center,1,42,7.66984072419409,47,0,0,321.0479687085307
2026-06-26,Friday,8,Fee Counter,4,55,2.1379284415199056,33,1,0,29.19269848025389
2026-05-14,Thursday,15,Admin Office,5,56,6.761025021128543,61,0,0,74.60373062713504
2026-01-14,Wednesday,10,Library Counter,2,53,7.366950991662108,49,0,0,194.38124134918334
2026-02-27,Friday,16,Cafeteria,5,55,1.587737944127087,56,0,0,20.625287213044587
2026-05-13,Wednesday,13,Student Service Center,5,114,2.4924275197239454,71,1,0,60.08117936174403
2026-01-30,Friday,16,Admin Office,2,41,2.16576959448089,29,1,0,49.2876910651278
2026-02-24,Tuesday,14,Cafeteria,2,97,5.065380085300951,68,0,0,250.10104150674007
2026-03-18,Wednesday,12,Admin Office,2,76,3.5285124128306826,47,0,0,136.18188893987013
2026-03-12,Thursday,13,Library Counter,5,47,3.413388368299119,28,0,0,32.20821503971388
2026-02-18,Wednesday,17,Fee Counter,1,21,5.387393635920553,22,0,0,110.36567579870376
2026-02-13,Friday,13,Student Service Center,3,56,7.173828885984252,34,0,0,138.58414647663193
2026-04-25,Saturday,11,Cafeteria,3,73,1.060333018142462,76,0,0,22.961220235424133
2026-01-26,Monday,10,Admin Office,2,34,7.1458486774976135,37,0,0,120.63294543324587
2026-01-16,Friday,14,Admin Office,4,88,3.9093944742040865,73,0,0,85.07308186551064
2026-01-13,Tuesday,8,Library Counter,1,38,3.5111975738002204,34,0,0,138.39066921780315
2026-06-03,Wednesday,8,Cafeteria,2,61,6.030894861809572,42,1,0,185.63217727543804
2026-03-13,Friday,17,Cafeteria,5,14,4.731387030662979,10,0,0,15.300238715265623
2026-01-22,Thursday,10,Admin Office,1,64,1.3556181278225958,59,0,0,87.50596491229722
2026-06-02,Tuesday,9,Library Counter,2,63,3.5112903341489163,63,0,0,112.65458174882873
2026-05-27,Wednesday,10,Admin Office,1,18,6.02292967853975,15,0,0,111.62730515163776
2026-04-01,Wednesday,9,Fee Counter,5,54,3.7257284576681142,52,0,0,43.09876893673882
2026-02-27,Friday,10,Fee Counter,2,65,3.3695481559783103,53,1,0,106.56704957149006
2026-06-15,Monday,10,Admin Office,5,24,1.8512368154363998,29,0,0,10.950617726064628
2026-05-26,Tuesday,16,Student Service Center,1,75,6.402852246610769,74,0,0,481.08493661232177
2026-06-22,Monday,8,Library Counter,2,87,4.794189487664658,70,1,0,213.29291344031589
2026-03-10,Tuesday,16,Student Service Center,3,72,7.754500210512782,70,0,0,185.29634128432227
2026-06-23,Tuesday,12,Library Counter,4,28,4.968009033058663,6,0,0,39.23419830277842
2026-04-13,Monday,12,Student Service Center,2,53,6.727019067894609,24,0,0,180.60466009654868
2026-01-25,Sunday,9,Cafeteria,2,2,7.019584999283865,5,0,0,5.723867558029978
2026-02-17,Tuesday,16,Cafeteria,3,27,2.772392349089672,26,0,0,28.381078756825467
2026-05-11,Monday,12,Fee Counter,5,98,4.828408596551869,76,0,0,96.00678929346344
2026-04-26,Sunday,17,Cafeteria,4,61,7.725805919561319,54,0,0,122.04148446076732
2026-01-15,Thursday,11,Cafeteria,5,24,1.8876125938873203,28,0,0,12.993305959423164
2026-03-31,Tuesday,12,Fee Counter,3,46,1.7405756419095928,27,0,0,27.737945330837576
2026-06-02,Tuesday,12,Cafeteria,1,52,6.937421899870269,24,0,0,361.68980047691866
2026-03-18,Wednesday,9,Cafeteria,2,43,7.424408567461077,58,0,1,163.89156188235722
2026-04-30,Thursday,12,Admin Office,4,30,6.4489988474698,15,0,1,46.731795747209304
2026-05-07,Thursday,8,Library Counter,2,34,5.706533005525361,39,0,0,96.64114211436673
2026-01-17,Saturday,16,Library Counter,4,64,2.662920101974389,57,0,0,43.52095572000305
2026-04-13,Monday,8,Cafeteria,5,33,2.387374704951677,30,0,0,19.751857306347716
2026-02-15,Sunday,17,Library Counter,5,44,2.3718612929123335,40,0,0,25.422510435324646
2026-04-01,Wednesday,16,Library Counter,4,33,5.612312646024001,30,0,0,51.21458188256788
2026-05-28,Thursday,13,Admin Office,3,92,6.615915880032344,67,0,0,206.18187110552685
2026-04-10,Friday,14,Library Counter,4,70,7.1610831303718125,41,0,0,123.87892868167488
2026-04-18,Saturday,9,Fee Counter,4,22,6.6127812991286055,27,0,1,37.10129390124372
2026-05-03,Sunday,15,Student Service Center,3,62,4.4116236554487145,54,0,0,93.17428796743232
2026-05-19,Tuesday,10,Student Service Center,4,19,7.969333417358947,14,0,0,40.179537737462674
2026-05-29,Friday,11,Fee Counter,2,79,2.4330361776499925,76,0,0,97.63707434187734
2026-05-29,Friday,17,Admin Office,1,56,4.583570414773495,47,0,0,257.89600422396796
2026-03-08,Sunday,11,Fee Counter,5,28,4.493760606753246,33,0,0,23.046197661169906
2026-05-22,Friday,8,Library Counter,3,28,6.4792197197597075,28,0,0,64.97256676361677
2026-01-24,Saturday,8,Admin Office,4,66,7.258050385417643,75,0,1,120.93152577032645
2026-06-12,Friday,11,Student Service Center,2,30,4.475607955614234,28,0,0,65.12066726281584
2026-05-12,Tuesday,11,Student Service Center,1,91,1.107174106388338,67,1,0,103.99742548790628
2026-01-07,Wednesday,15,Fee Counter,4,12,6.464774522815036,8,0,0,19.516231965117072
2026-01-07,Wednesday,13,Fee Counter,5,41,5.509491111927325,24,0,0,47.38362219247447
2026-03-08,Sunday,14,Student Service Center,2,69,5.247013413790027,52,0,0,179.35626145722532
2026-01-25,Sunday,11,Fee Counter,1,33,1.8092392742805854,31,0,0,59.81394361611614
2026-05-27,Wednesday,12,Library Counter,1,58,2.334032325620357,26,1,0,136.07018962869716
2026-06-25,Thursday,9,Fee Counter,3,9,5.650966506148745,6,0,0,17.574934220116155
2026-04-11,Saturday,13,Fee Counter,1,63,1.4371099248174688,23,1,0,90.60950133473378
2026-02-09,Monday,12,Cafeteria,1,55,7.66191684473376,39,0,0,420.9631932550756
2026-03-25,Wednesday,9,Cafeteria,3,24,3.180586093097902,28,0,0,28.7080776588438
2026-01-08,Thursday,14,Library Counter,3,77,3.633333281387355,58,0,0,93.19427834449368
2026-04-06,Monday,8,Cafeteria,4,43,2.361244634276196,37,0,0,26.878964698415025
2026-03-26,Thursday,12,Admin Office,3,90,1.5703172839905932,61,0,0,45.656232388614214
2026-04-23,Thursday,16,Library Counter,3,56,6.0202701293273035,53,0,0,113.68313306041189
2026-02-08,Sunday,12,Admin Office,1,60,2.7322408686320245,34,0,0,166.09635327434813
2026-06-08,Monday,13,Library Counter,4,116,5.173810026628915,79,1,0,152.71838745064667
2026-04-13,Monday,14,Library Counter,2,100,7.43744435619652,77,0,0,371.36177571225807
2026-04-29,Wednesday,11,Cafeteria,4,38,3.497393432444759,32,0,0,31.539401203872632
2026-02-02,Monday,11,Admin Office,4,23,4.680392356782578,18,0,0,29.657069955148003
2026-04-19,Sunday,12,Admin Office,3,70,5.519171109248661,47,0,0,132.91713009747966
2026-03-12,Thursday,13,Library Counter,5,27,6.090879293167038,12,0,0,34.9607808806247
2026-03-22,Sunday,17,Fee Counter,3,73,6.573999780599607,68,0,0,161.63186946996757
2026-01-16,Friday,8,Library Counter,5,41,2.436540611058503,35,0,0,18.495785356578736
2026-03-20,Friday,16,Admin Office,4,14,7.212091835267414,10,0,0,23.340748424568787
2026-03-03,Tuesday,12,Admin Office,1,60,2.765007690872605,35,0,0,166.82694386250063
2026-04-02,Thursday,13,Library Counter,4,90,4.706735305157202,63,0,0,105.0524367258691
2026-01-08,Thursday,11,Library Counter,5,36,3.0171516601876593,37,0,1,23.554855502648966
2026-05-02,Saturday,8,Cafeteria,5,33,2.8565996575187222,38,0,0,21.34228697117146
2026-01-17,Saturday,17,Library Counter,4,71,7.538230937914475,63,0,0,136.93440939244107
2026-06-09,Tuesday,17,Library Counter,3,23,4.78055525345537,21,0,0,39.64783788492669
2026-02-09,Monday,10,Library Counter,2,51,1.7867015260406807,51,0,0,44.70892825206004
2026-06-29,Monday,14,Cafeteria,1,74,3.7207232546966535,59,0,0,275.8831324237897
2026-04-26,Sunday,15,Cafeteria,2,79,6.887751162572091,75,0,0,269.3538969713049
2026-02-04,Wednesday,11,Fee Counter,4,60,6.479940325906602,43,1,0,100.96319137532352
2026-03-16,Monday,9,Cafeteria,3,29,7.7184865050640035,33,0,0,77.02129488324627
2026-02-06,Friday,8,Student Service Center,4,19,7.008585847037609,12,0,0,32.151613670618694
2026-03-02,Monday,17,Cafeteria,3,67,5.363882119353852,70,0,0,124.557804698064
2026-02-26,Thursday,12,Student Service Center,4,76,2.6847711280811977,69,0,1,53.959471574027695
2026-05-19,Tuesday,8,Cafeteria,5,67,1.181272491746396,71,0,0,15.110745346628363
2026-05-25,Monday,14,Student Service Center,4,60,5.038552863413877,29,1,0,73.8170241083878
2026-06-13,Saturday,13,Fee Counter,5,51,4.84835185886214,30,0,0,50.07201326822356
2026-02-25,Wednesday,11,Cafeteria,5,54,7.479081064331902,33,1,0,81.7984254752407
2026-01-19,Monday,8,Admin Office,4,12,3.0089075963008027,17,0,0,8.025823640349609
2026-05-01,Friday,15,Library Counter,3,76,1.8225128814866132,52,1,0,45.186312104146765
2026-06-20,Saturday,8,Cafeteria,5,82,4.663003745101749,79,0,0,74.40724464181905
2026-04-17,Friday,13,Fee Counter,4,85,2.734687100348348,62,0,0,55.40282686893234
2026-05-14,Thursday,9,Cafeteria,1,57,1.7926185628138778,55,0,0,102.43018932261073
2026-04-16,Thursday,8,Fee Counter,4,20,6.203061326568537,16,0,0,31.520199841109047
2026-02-05,Thursday,11,Cafeteria,5,31,7.348066041378852,28,0,0,47.25696840515349
2026-01-10,Saturday,9,Library Counter,3,72,3.874190880667866,67,0,0,97.16935642058056
2026-05-18,Monday,13,Cafeteria,2,28,5.098929054482128,6,0,0,72.5543965620581
2026-03-12,Thursday,13,Admin Office,5,22,3.427031328651378,5,0,0,18.050554876922973
2026-05-29,Friday,15,Fee Counter,4,42,3.4193892592531125,34,0,0,39.365206174510135
2026-01-24,Saturday,14,Student Service Center,5,70,7.130337772014087,42,0,0,102.84349442845287
2026-06-12,Friday,12,Cafeteria,2,58,2.4545332529332766,33,0,0,74.57305283163866
2026-05-22,Friday,17,Admin Office,2,1,4.99849042426062,6,0,0,5.462427125262626
2026-02-21,Saturday,16,Admin Office,1,51,1.6898279598905968,44,0,0,85.03785457734976
2026-05-30,Saturday,9,Fee Counter,2,75,2.7054699854190805,52,1,0,102.20393893418759
2026-01-16,Friday,8,Library Counter,5,87,6.506084295820545,68,1,0,110.3441711053844
2026-05-05,Tuesday,8,Admin Office,4,80,2.085060671917282,78,0,0,44.01681869509172
2026-03-18,Wednesday,16,Student Service Center,2,62,6.349761186485768,52,1,0,200.16239278119298
2026-02-04,Wednesday,16,Student Service Center,2,88,7.9498249217738275,64,1,0,350.0554504522899
2026-04-15,Wednesday,17,Cafeteria,4,47,4.2564380318516974,38,0,0,47.51865310845358
2026-02-20,Friday,13,Student Service Center,2,26,2.6260275786751683,18,0,1,38.18873888768992
2026-06-03,Wednesday,11,Student Service Center,4,72,2.09842090426059,55,1,0,34.89175661253515
2026-05-07,Thursday,9,Admin Office,2,20,5.19218166330122,25,0,0,51.117110401015196
2026-05-28,Thursday,17,Cafeteria,2,84,3.1245273640356657,65,1,0,131.41797938637166
2026-01-01,Thursday,12,Cafeteria,4,51,1.6907965943194443,21,1,0,23.19609933890728
2026-01-28,Wednesday,17,Library Counter,5,81,6.7698759014601215,77,0,0,111.19072109739338
2026-06-27,Saturday,12,Cafeteria,3,56,2.648961542161509,41,0,0,53.90731374512723
2026-01-25,Sunday,10,Cafeteria,4,16,2.6387186547944843,26,0,1,8.03427586174659
2026-02-01,Sunday,17,Fee Counter,1,16,4.580679485666451,17,0,1,77.63904401420818
2026-02-15,Sunday,12,Admin Office,3,65,5.09922917487655,47,0,0,112.2141124214176
2026-06-27,Saturday,17,Admin Office,2,39,3.169059545859393,35,0,0,62.85673390001282
2026-03-11,Wednesday,11,Admin Office,1,83,4.557181644407743,74,0,0,381.12990359250864
2026-06-02,Tuesday,15,Library Counter,2,39,2.6374597454556943,35,0,0,50.03552175755863
2026-02-16,Monday,16,Admin Office,2,32,1.580402069761368,39,0,1,27.24644378400116
2026-02-28,Saturday,16,Admin Office,2,79,4.749620432096785,78,0,0,191.44564773330623
2026-06-24,Wednesday,13,Fee Counter,5,121,4.574780891130277,79,1,0,111.52608336678752
2026-01-20,Tuesday,9,Cafeteria,2,37,2.608013985782622,34,0,0,46.844831664146014
2026-05-16,Saturday,10,Library Counter,4,29,6.960424271525826,21,0,0,51.32760593010867
2026-05-29,Friday,12,Library Counter,4,97,3.655559187429306,79,0,0,92.93398411107871
2026-06-17,Wednesday,13,Fee Counter,3,97,1.276902545938292,72,0,0,41.51082571526184
2026-03-17,Tuesday,16,Student Service Center,2,59,1.374210988233727,62,0,0,41.104758474868916
2026-03-18,Wednesday,17,Fee Counter,5,65,7.070065057007854,62,0,0,94.29491107141152
2026-03-25,Wednesday,8,Cafeteria,5,6,2.7006175318093075,20,0,1,7.507663121475822
2026-01-03,Saturday,11,Library Counter,5,50,3.2333075091096517,53,0,0,37.08481798775492
2026-03-17,Tuesday,9,Fee Counter,1,32,1.5294125468418462,19,1,0,50.5577138607447
2026-06-23,Tuesday,15,Cafeteria,4,56,1.9272826781249832,56,0,0,29.36021871385498
2026-05-30,Saturday,11,Cafeteria,1,25,1.2819691471378625,9,1,0,35.48789121681834
2026-06-25,Thursday,11,Student Service Center,1,16,5.058159804578404,18,0,0,83.26685173025729
2026-03-08,Sunday,17,Cafeteria,1,10,5.830180767584583,9,0,0,58.39927386909331
2026-01-15,Thursday,10,Student Service Center,4,81,2.1673498821088444,77,0,0,45.74212735091104
2026-01-23,Friday,14,Library Counter,5,38,7.259275110315999,31,0,1,53.99581814840884
2026-04-10,Friday,8,Admin Office,3,53,7.890253851698289,47,0,0,139.46233369393676
2026-06-13,Saturday,10,Cafeteria,2,85,7.41872779171742,79,0,0,320.27039284942117
2026-03-04,Wednesday,11,Cafeteria,4,85,7.529398959342664,77,0,0,157.62634432722535
2026-04-09,Thursday,11,Cafeteria,1,72,3.1187544726512826,73,0,0,225.29231143388967
2026-01-09,Friday,13,Admin Office,1,85,7.603170783119048,62,0,0,647.4313604779438
2026-06-21,Sunday,15,Library Counter,2,72,1.1361238089368264,76,0,1,45.684150201342085
2026-04-27,Monday,17,Student Service Center,1,56,4.029369571957355,68,0,1,226.5181720161927
2026-05-04,Monday,10,Student Service Center,3,50,1.6365481493912881,45,0,0,31.66159246573663
2026-01-28,Wednesday,8,Cafeteria,4,51,2.9280093254763098,51,0,0,42.07403853709564
2026-02-22,Sunday,14,Admin Office,4,38,7.170400737122374,14,0,0,68.44611623704263
2026-06-07,Sunday,12,Library Counter,2,86,6.630620898963905,60,0,0,282.64333740235315
2026-04-16,Thursday,14,Student Service Center,5,79,1.5770329041329352,55,0,0,28.042338578941838
2026-01-22,Thursday,8,Cafeteria,2,91,4.690031060094263,76,1,0,216.50811880489394
2026-03-27,Friday,17,Library Counter,1,10,6.419758033904698,13,0,1,66.44720418203583
2026-01-21,Wednesday,11,Admin Office,1,18,4.101279836446126,10,0,0,75.76554261274455
2026-06-29,Monday,10,Cafeteria,4,92,6.759321701226324,68,1,0,156.61099051252404
2026-01-15,Thursday,13,Fee Counter,1,46,5.404534351058045,30,0,0,251.2030835179125
2026-03-14,Saturday,12,Library Counter,4,63,3.4238622907432394,47,0,1,57.38774542481173
2026-05-02,Saturday,10,Admin Office,5,43,7.870133168003905,33,1,0,65.76112336588085
2026-05-03,Sunday,11,Admin Office,1,68,5.235498774064206,53,1,0,357.49304089113235
2026-03-30,Monday,9,Cafeteria,5,90,2.5719162848822745,72,1,0,47.01853846010078
2026-02-07,Saturday,9,Library Counter,2,71,3.053440386690627,53,1,0,109.32268849493313
2026-01-31,Saturday,11,Admin Office,2,44,2.0321774219829445,44,0,0,46.60114868879289
2026-03-10,Tuesday,16,Cafeteria,4,22,4.785302513211494,17,0,0,31.062922196822864
2026-04-02,Thursday,15,Student Service Center,1,27,1.0651720353364758,22,0,0,29.298794880070393
2026-05-04,Monday,17,Cafeteria,3,7,7.0816076707247415,7,0,0,18.81896384346649
2026-05-23,Saturday,9,Fee Counter,2,52,4.747596108468761,43,0,0,121.79049772134121
2026-01-04,Sunday,16,Cafeteria,3,73,4.866366094188519,78,0,1,115.81896805857889
2026-04-21,Tuesday,17,Student Service Center,5,5,3.861551120898208,5,0,0,3.4757359061385693
2026-01-31,Saturday,13,Student Service Center,3,75,3.244985154890057,51,0,0,85.83595696883692
2026-03-05,Thursday,14,Admin Office,2,106,6.308693401129425,64,1,0,336.20886091534817
2026-02-07,Saturday,16,Admin Office,5,53,6.996286353574482,45,0,0,78.58203167988566
2026-06-26,Friday,15,Cafeteria,4,72,5.499435850419055,69,0,0,100.69132331070308
2026-05-11,Monday,8,Library Counter,4,69,5.41292332866948,77,0,1,92.71632904677351
2026-03-02,Monday,8,Cafeteria,4,50,4.360129568912346,47,0,0,54.72076812991977
2026-02-06,Friday,17,Cafeteria,3,68,5.24778594512008,68,0,0,116.9091896274722
2026-03-29,Sunday,15,Cafeteria,4,74,1.4760716236669436,65,0,0,25.857638078025296
2026-03-15,Sunday,17,Library Counter,4,64,3.466162189464248,57,0,0,54.33105723156796
2026-05-15,Friday,11,Library Counter,4,40,5.857043396298762,40,0,0,59.48501594278859
2026-03-16,Monday,10,Cafeteria,5,39,1.2954032800690891,41,0,1,11.074506588544011
2026-03-21,Saturday,12,Admin Office,1,63,2.3797422717655654,49,0,1,153.9266690404367
2026-06-05,Friday,8,Fee Counter,4,44,2.079032670354339,44,0,0,26.714508687057304
2026-05-24,Sunday,9,Admin Office,4,56,1.5508837263677933,61,0,0,22.93085933428825
2026-05-21,Thursday,10,Cafeteria,3,66,5.058365202039912,65,0,0,113.23551574698553
2026-01-31,Saturday,8,Library Counter,1,42,2.2821866919980485,35,0,0,97.56612688682084
2026-04-17,Friday,10,Cafeteria,3,73,5.381887397425675,77,0,0,129.16361670852257
2026-02-23,Monday,13,Student Service Center,3,84,2.230006720857781,62,0,0,64.2171211441419
2026-03-31,Tuesday,11,Student Service Center,4,52,7.047683754066574,56,0,0,91.0107943131604
2026-04-23,Thursday,17,Student Service Center,4,54,3.5739595568928024,55,0,0,46.05341383583355
2026-03-15,Sunday,17,Admin Office,1,69,6.90064995197375,63,0,0,477.30849542330384
2026-01-29,Thursday,16,Cafeteria,4,3,1.9394169842844518,8,0,0,3.6126165509340815
2026-05-30,Saturday,10,Student Service Center,1,56,4.754872681560213,47,0,0,266.7700550077322
2026-02-07,Saturday,15,Library Counter,1,66,7.725003261688721,71,0,0,509.4141104527
2026-06-23,Tuesday,8,Cafeteria,1,7,6.831043506407602,16,0,1,50.40269543057246
2026-06-10,Wednesday,12,Cafeteria,1,101,7.100862995207734,78,0,0,717.7610787184723
2026-04-24,Friday,11,Admin Office,1,12,7.143990724878576,17,0,0,89.23308860545343
2026-04-30,Thursday,10,Student Service Center,4,81,4.986376716956142,65,1,0,104.86303667885329
2026-02-25,Wednesday,12,Cafeteria,5,79,6.830255164210606,56,1,1,105.91874287321882
2026-02-07,Saturday,9,Admin Office,2,32,2.301535486120692,37,0,0,35.61952118351896
2026-06-22,Monday,14,Admin Office,2,46,6.508830595668406,16,1,0,147.1541585311992
2026-04-25,Saturday,17,Cafeteria,2,3,5.097627959536695,7,0,0,9.02737074453502
2026-05-21,Thursday,9,Student Service Center,3,51,6.52328422941433,37,1,0,110.70363689145233
2026-02-11,Wednesday,12,Cafeteria,1,48,6.238844410835265,24,0,0,304.1552087696512
2026-01-17,Saturday,16,Fee Counter,4,22,5.633788876154439,30,0,1,31.70467706535558
2026-06-14,Sunday,16,Cafeteria,3,42,6.044314034646005,41,0,0,85.62283773588018
2026-01-12,Monday,15,Cafeteria,4,68,5.947030039311921,60,0,0,100.48382532505826
2026-03-05,Thursday,11,Library Counter,4,41,5.702454891784061,56,0,1,58.60489181159194
2026-01-09,Friday,16,Cafeteria,3,8,6.7723844696062505,12,0,0,19.92649229120343
2026-01-06,Tuesday,16,Student Service Center,3,71,6.673056099309377,69,1,1,157.9234422975725
2026-01-25,Sunday,17,Student Service Center,3,46,3.2412681719990704,37,0,0,52.06147711234062
2026-01-16,Friday,13,Cafeteria,3,56,4.310155255473815,36,0,0,77.76886092352686
2026-01-29,Thursday,8,Student Service Center,3,15,2.1006496556596344,9,0,0,13.028230214948904
2026-05-01,Friday,13,Admin Office,4,54,5.038182924838621,33,0,0,65.34308174251721
2026-02-25,Wednesday,9,Library Counter,5,66,4.8990476441919,65,0,0,68.81921025072852
2026-03-18,Wednesday,16,Admin Office,5,56,5.79808365659904,53,0,0,68.17058010530155
2026-06-27,Saturday,12,Library Counter,3,49,1.7712048417754316,16,1,0,31.69997723412266
2026-02-10,Tuesday,14,Student Service Center,5,42,5.849608390409362,23,0,0,53.10445127833897
2026-03-18,Wednesday,15,Library Counter,2,30,7.752833351799227,35,0,0,113.88100711071453
2026-05-11,Monday,10,Fee Counter,3,35,2.9059996249569395,34,0,0,32.25850095488359
2026-03-01,Sunday,13,Cafeteria,5,40,5.150893234288457,23,0,0,45.69509930632188
2026-06-18,Thursday,10,Student Service Center,2,51,6.255531618258514,37,1,0,161.67381608464666
2026-01-14,Wednesday,15,Fee Counter,4,12,3.2868231577222384,13,0,0,10.357845869648132
2026-02-15,Sunday,13,Admin Office,5,97,5.478426410992957,70,0,0,103.71894933929029
2026-05-04,Monday,10,Cafeteria,5,79,5.952748064218106,59,1,0,94.75492206814869
2026-01-08,Thursday,13,Fee Counter,3,93,7.40231518160634,74,0,0,228.14098593506398
2026-01-28,Wednesday,15,Fee Counter,5,51,5.196013794193352,55,0,0,51.369527986102106
2026-03-07,Saturday,17,Cafeteria,4,37,4.955227674831649,42,0,0,48.193327771898936
2026-03-30,Monday,9,Admin Office,4,18,7.553682714650423,17,0,0,37.92510300312206
2026-01-17,Saturday,9,Library Counter,1,65,7.005419505704974,58,0,0,454.7406512786806
2026-01-05,Monday,17,Library Counter,2,46,4.6275282094514925,39,0,0,107.07716237913809
2026-03-13,Friday,11,Cafeteria,4,41,3.3935414550230862,50,0,1,39.17754739272792
2026-01-21,Wednesday,8,Library Counter,3,2,6.0899183781734925,7,0,1,1.0656804551016332
2026-03-11,Wednesday,13,Cafeteria,4,47,7.9044494606091344,28,0,0,92.39901506117562
2026-03-17,Tuesday,12,Student Service Center,4,48,2.674562495661006,31,0,0,32.41646000140672
2026-04-25,Saturday,9,Cafeteria,1,1,5.573026786309538,6,0,0,3.1359716495577725
2026-01-18,Sunday,8,Admin Office,2,44,3.351623073652537,39,0,0,75.22126347136125
2026-01-25,Sunday,11,Admin Office,4,46,2.45228606641214,51,0,0,32.44809130052998
2026-03-05,Thursday,8,Cafeteria,3,8,6.745150885710112,6,0,0,19.903397174330824
2026-02-20,Friday,13,Admin Office,5,40,6.855866738187297,11,0,0,55.945336792822104
2026-06-14,Sunday,9,Admin Office,5,66,3.815923372020035,60,0,0,50.367382262783096
2026-04-18,Saturday,17,Admin Office,2,32,6.244104762235722,12,1,0,99.53587049571227
2026-05-25,Monday,9,Student Service Center,2,10,6.226696753506459,10,0,0,28.88405874669584
2026-04-02,Thursday,10,Student Service Center,3,61,4.524990520824884,66,0,0,95.42128130875692
2026-04-26,Sunday,13,Library Counter,4,43,7.194487227914767,19,1,1,78.95690091360821
2026-02-20,Friday,10,Student Service Center,4,30,3.76342721740178,29,0,0,29.163433596813086
2026-02-07,Saturday,10,Cafeteria,1,31,4.309779374274116,30,0,0,135.75177038441618
2026-04-12,Sunday,8,Fee Counter,4,66,1.7406025159689793,71,0,0,30.748293760519047
2026-06-17,Wednesday,8,Fee Counter,4,5,1.8532244845625128,10,0,0,3.3945871409101125
2026-01-29,Thursday,13,Admin Office,1,86,7.781715090383637,60,0,0,674.1626406315498
2026-02-24,Tuesday,10,Student Service Center,2,54,6.785175567184861,42,1,0,187.50986034042162
2026-04-05,Sunday,14,Library Counter,2,46,7.8733372560085995,28,0,0,185.2699417263918
2026-02-13,Friday,12,Student Service Center,5,85,1.132493483580244,57,0,0,16.53953123037561
2026-01-07,Wednesday,8,Cafeteria,1,67,5.308436717667035,58,0,0,358.69550489238264
2026-06-04,Thursday,15,Fee Counter,2,65,5.618345483171586,65,0,0,180.69208598155276
2026-06-07,Sunday,13,Student Service Center,4,86,5.391775887210924,70,0,0,114.99958504121953
2026-03-28,Saturday,16,Admin Office,4,22,7.937395561173609,15,0,0,41.471295983097065
2026-01-23,Friday,15,Fee Counter,4,27,6.875856263264904,31,0,0,46.997396553208645
2026-05-21,Thursday,11,Library Counter,4,70,5.32408846843256,70,0,0,93.82215558814899
2026-01-21,Wednesday,17,Admin Office,3,53,3.842574927918397,56,0,0,71.49522939942678
2026-03-02,Monday,15,Library Counter,4,66,1.6927803638609478,67,0,0,27.101927164342314
2026-04-21,Tuesday,13,Admin Office,3,97,1.2868475557492332,68,1,1,44.24857724286824
2026-02-02,Monday,12,Library Counter,1,67,7.721864509444465,29,1,0,519.9102770148099
2026-03-18,Wednesday,8,Library Counter,4,44,1.858396349846046,43,0,0,20.910069446171494
2026-06-24,Wednesday,12,Student Service Center,1,35,2.4652527123291192,20,0,0,85.21086944116303
2026-03-16,Monday,9,Cafeteria,2,45,4.886118108531084,45,0,0,112.78098756210728
2026-01-10,Saturday,17,Student Service Center,1,9,1.7385955248084075,13,0,0,18.11191632479666
2026-02-17,Tuesday,10,Cafeteria,2,14,4.7261305469371635,10,0,0,37.32548845556886
2026-02-21,Saturday,17,Student Service Center,4,21,1.3319094529805944,18,0,0,10.401896654510718
2026-05-18,Monday,10,Cafeteria,2,62,1.87809249115364,54,0,0,61.512731500130094
2026-02-11,Wednesday,8,Fee Counter,3,23,4.708837222734492,23,0,0,35.42098451545091
2026-04-27,Monday,12,Library Counter,1,61,2.8361345196910768,34,0,0,176.71530889416186
2026-04-10,Friday,10,Admin Office,1,65,6.534220753388287,66,0,0,422.7926936862831
2026-03-09,Monday,16,Student Service Center,3,62,1.2534508304116947,65,0,0,27.313781184732893
2026-05-13,Wednesday,17,Library Counter,3,51,6.7666122494437655,55,0,0,112.8575823275709
2026-02-17,Tuesday,15,Library Counter,4,79,5.7452644294726145,74,0,0,115.04540959553519
2026-01-19,Monday,9,Cafeteria,1,59,6.6399335473684244,58,0,0,389.6214343951431
2026-04-03,Friday,8,Fee Counter,4,75,5.466649080575166,59,1,0,101.8048873470036
2026-01-08,Thursday,8,Library Counter,3,62,1.0126842370847617,59,0,0,19.71935225486984
2026-05-18,Monday,15,Fee Counter,1,69,3.312153812898149,65,0,0,225.69641906167772
2026-03-11,Wednesday,8,Admin Office,5,78,5.076806754075578,76,0,0,81.71018524348757
2026-03-21,Saturday,13,Library Counter,3,112,6.397268591713983,78,1,0,239.31320650139745
2026-01-01,Thursday,16,Admin Office,2,53,4.904670880148041,41,1,1,130.0094693686708
2026-01-26,Monday,10,Admin Office,4,44,1.6833313237460428,58,0,1,22.699011012342677
2026-01-25,Sunday,17,Library Counter,3,65,3.192932077967251,56,0,0,70.3942693241615
2026-04-03,Friday,12,Library Counter,5,82,6.112896270172548,60,0,0,100.87759229788358
2026-05-23,Saturday,12,Library Counter,5,57,6.535947743432254,39,0,0,77.9338525187997
2026-01-18,Sunday,17,Fee Counter,4,39,7.867206423805533,44,0,0,78.61492638845394
2026-05-08,Friday,12,Library Counter,2,106,5.599831873428913,67,1,0,296.7118406535869
2026-02-17,Tuesday,16,Fee Counter,2,85,4.644587476138781,78,0,0,200.33257580886726
2026-04-05,Sunday,8,Cafeteria,5,14,7.1148890335896215,13,0,0,19.556713830324682
2026-04-24,Friday,10,Library Counter,5,23,4.572749049440946,17,0,0,25.79016063283538
2026-02-19,Thursday,11,Fee Counter,5,44,1.1983621526836925,44,0,0,14.173829020268563
2026-04-13,Monday,17,Cafeteria,5,39,3.3642359771439305,42,0,0,26.58863659912632
2026-03-28,Saturday,17,Library Counter,2,75,7.509009503503926,71,0,0,281.6391791316641
2026-03-30,Monday,17,Fee Counter,3,30,4.80477752602553,28,0,0,50.74123173509599
2026-04-27,Monday,10,Student Service Center,4,64,5.336115516727073,66,0,1,88.80245340633513
2026-04-19,Sunday,17,Admin Office,5,64,4.238334903536106,79,0,1,57.53126165777026
2026-04-17,Friday,14,Admin Office,5,51,7.103895673714699,10,1,0,70.2441986603896
2026-02-22,Sunday,11,Cafeteria,2,71,2.9735068622609253,74,0,0,106.80636588457065
2026-02-28,Saturday,16,Cafeteria,1,40,5.927393982896755,41,0,0,239.3021808370172
2026-06-18,Thursday,8,Library Counter,1,70,4.766959473976194,61,0,0,334.43771484245553
2026-04-08,Wednesday,17,Library Counter,3,29,2.1947420471156356,22,0,0,23.519089807541004
2026-05-20,Wednesday,8,Fee Counter,4,63,5.242105017356102,55,0,0,80.28020820979555
2026-01-19,Monday,10,Fee Counter,3,49,2.9282053709671914,44,0,0,51.28504236386746
2026-03-10,Tuesday,12,Admin Office,5,66,6.955449432328623,33,1,0,92.20337678697516
2026-01-18,Sunday,14,Fee Counter,3,58,4.165280575520756,51,0,1,78.59688220422385
2026-02-21,Saturday,15,Library Counter,1,24,2.5964327183001394,18,0,0,59.40659335162723
2026-05-03,Sunday,17,Fee Counter,3,12,2.393576189795704,5,0,0,11.275930585914628
2026-01-08,Thursday,16,Fee Counter,5,71,2.4478597743162593,66,0,0,36.99179341656097
2026-01-25,Sunday,17,Student Service Center,4,20,2.693724449721472,12,0,0,12.696344575930128
2026-03-29,Sunday,8,Library Counter,5,80,3.6738603182406218,61,1,0,63.43628245657697
2026-01-08,Thursday,14,Student Service Center,1,78,3.16193092347134,57,0,0,248.52146813555157
2026-04-25,Saturday,13,Cafeteria,4,71,6.048805355536773,49,0,0,109.78314599034795
2026-01-22,Thursday,8,Admin Office,5,56,1.7728664837370838,49,0,0,20.212214292555476
2026-06-13,Saturday,12,Student Service Center,1,87,7.290315786604295,65,0,0,638.7865581133772
2026-05-06,Wednesday,8,Fee Counter,2,21,3.2127342155862695,11,1,0,34.12965192506812
2026-03-20,Friday,13,Admin Office,5,40,3.5211350724965405,21,0,0,32.91474400159925
2026-03-22,Sunday,12,Library Counter,2,62,2.039621969799822,43,0,0,63.540022651666916
2026-01-21,Wednesday,9,Library Counter,4,67,2.0973406331950626,66,0,0,35.54170405795308
2026-01-26,Monday,17,Cafeteria,3,30,1.6643553683625458,29,0,0,16.763682169605943
2026-02-12,Thursday,16,Student Service Center,1,16,7.691090302879637,18,0,0,125.93031349592141
2026-04-07,Tuesday,15,Fee Counter,5,9,4.595433687500557,11,0,0,11.696144834908042
2026-06-23,Tuesday,14,Fee Counter,5,62,2.1693896862815,53,0,1,31.843078713448172
2026-01-15,Thursday,17,Fee Counter,3,65,7.757874895580281,56,0,0,170.55803364940235
2026-02-21,Saturday,14,Student Service Center,2,65,2.2229601443414992,45,0,0,70.83540991254785
2026-05-29,Friday,13,Library Counter,5,56,2.110460306547191,32,0,0,23.138616753550874
2026-04-10,Friday,8,Cafeteria,2,48,6.931485377365568,51,0,0,163.43196068897797
2026-01-04,Sunday,15,Student Service Center,3,62,3.56764119598004,69,0,1,73.95294458080109
2026-01-26,Monday,12,Admin Office,2,70,1.5566379930754914,26,1,0,55.3866355518962
2026-03-15,Sunday,11,Cafeteria,5,31,3.7613924194325374,23,0,0,28.16968256617414
2026-06-03,Wednesday,12,Student Service Center,1,39,5.455001206269944,7,1,0,216.4179397106584
2026-04-06,Monday,16,Fee Counter,2,33,1.2435943990784508,26,0,0,20.79330417507762
2026-02-04,Wednesday,10,Library Counter,2,35,3.926914780796518,28,0,0,70.09401383148504
2026-04-08,Wednesday,15,Student Service Center,1,21,3.8893082419417544,15,0,0,80.49769981371925
2026-03-19,Thursday,9,Admin Office,1,24,7.162953320115234,20,0,0,172.38066930541697
2026-05-14,Thursday,10,Library Counter,5,11,5.94921818526019,14,0,0,11.508134687500512
2026-01-23,Friday,9,Library Counter,4,55,1.2398278595545305,59,0,0,15.410571075127045
2026-01-31,Saturday,17,Library Counter,4,31,6.657099343169489,24,0,0,50.002075158877524
2026-05-23,Saturday,8,Admin Office,4,39,4.66630947586995,43,0,0,42.692359516237616
2026-04-07,Tuesday,9,Library Counter,4,72,5.126295621652728,71,0,0,93.04270166477424
2026-04-02,Thursday,16,Admin Office,1,77,5.718409169275871,68,0,0,439.03460973747747
2026-04-11,Saturday,9,Fee Counter,4,25,1.447064613387167,23,0,0,6.297114139569506
2026-06-14,Sunday,16,Fee Counter,1,40,6.825338066152903,34,0,0,275.00064574233255
2026-06-26,Friday,11,Admin Office,4,80,4.179172291174346,78,0,0,83.6703213981758
2026-03-12,Thursday,9,Cafeteria,3,40,2.975089088252975,39,0,0,38.5338680401708
2026-03-02,Monday,10,Fee Counter,1,74,1.7071977254388098,71,0,0,128.210297246766
2026-03-19,Thursday,13,Admin Office,3,49,4.443131716225766,29,0,0,69.72803562481486
2026-01-21,Wednesday,16,Fee Counter,2,48,2.827200657054145,41,0,0,69.15735617517805
2026-02-16,Monday,12,Library Counter,4,44,1.777443122971583,20,0,0,18.78041797833269
2026-01-14,Wednesday,17,Fee Counter,4,32,4.30229416573612,23,0,0,35.38490910707727
2026-06-12,Friday,12,Library Counter,2,89,3.8248403456958187,56,1,0,168.30112845981782
2026-04-21,Tuesday,9,Cafeteria,2,16,2.028362363160489,10,0,0,17.64418552105201
2026-03-29,Sunday,11,Student Service Center,1,50,3.813663472306537,49,0,0,194.44913264193295
2026-03-19,Thursday,8,Cafeteria,4,8,2.6576904921763846,11,0,0,7.333917611216486
2026-03-11,Wednesday,15,Admin Office,3,54,3.874902804105802,57,0,0,72.51157902664318
2026-03-03,Tuesday,9,Student Service Center,5,46,5.014497094546512,53,0,1,49.96241269805157
2026-05-05,Tuesday,16,Admin Office,4,20,4.073204707863136,22,0,1,17.72507167109742
2026-02-06,Friday,8,Student Service Center,1,52,2.499902665171817,50,0,0,127.51086403258124
2026-06-23,Tuesday,16,Library Counter,2,70,5.86660759023415,50,1,0,205.67525939355804
2026-01-03,Saturday,14,Admin Office,3,30,7.472557737836266,9,0,0,72.6256104442674
2026-02-28,Saturday,17,Student Service Center,1,80,6.673030395012193,66,1,1,536.3600438798704
2026-05-14,Thursday,16,Fee Counter,4,66,1.0679024844612957,60,0,0,15.740749490685209
2026-04-15,Wednesday,15,Cafeteria,5,40,6.463652619299152,17,1,0,54.75271913451787
2026-04-25,Saturday,15,Fee Counter,1,61,1.1949484430792903,59,0,0,76.33197406878128
2026-05-08,Friday,15,Cafeteria,1,29,1.773385395776454,17,1,0,55.32500906512901
2026-02-28,Saturday,12,Cafeteria,1,38,6.931842944504655,18,0,0,263.26523098857496
2026-05-20,Wednesday,11,Admin Office,2,67,3.724864777663338,65,0,0,124.28992530316468
2026-02-26,Thursday,10,Student Service Center,3,26,5.0387140508468535,32,0,1,42.86521178526296
2026-04-03,Friday,14,Admin Office,5,40,3.3861811084465,9,1,0,30.369093789864056
2026-01-15,Thursday,16,Library Counter,2,29,2.307465650136595,13,1,0,33.86275885272744
2026-03-28,Saturday,8,Fee Counter,5,19,4.880258186585587,24,0,0,18.174949015822087
2026-03-18,Wednesday,14,Fee Counter,5,103,5.2833285933712695,78,0,0,108.82472633730208
2026-03-19,Thursday,10,Fee Counter,2,30,5.7586762412093115,33,0,0,87.84997916633598
2026-06-05,Friday,12,Student Service Center,5,96,1.2885946979934229,62,1,0,23.74740488236942
2026-04-23,Thursday,16,Admin Office,1,82,1.8284787092861126,77,0,0,153.02069225122895
2026-04-30,Thursday,8,Cafeteria,3,31,1.7264229604431849,31,0,0,21.343131167731073
2026-04-20,Monday,10,Admin Office,3,70,1.7088562669118676,72,0,0,43.8539050489914
2026-06-15,Monday,14,Student Service Center,2,46,1.1521718664459515,23,0,0,27.664517282650273
2026-02-19,Thursday,13,Cafeteria,5,46,4.008159062508449,34,0,1,37.273709268224216
2026-06-25,Thursday,16,Library Counter,2,26,7.4929294417332954,30,0,0,96.86987625744781
2026-04-17,Friday,9,Cafeteria,5,89,2.4082107697973054,66,1,0,47.24614287281206
2026-02-22,Sunday,15,Fee Counter,2,12,7.206127173182625,13,0,1,46.25020117534714
2026-06-14,Sunday,13,Library Counter,2,38,6.221049668557331,17,0,0,121.55738830667575
2026-02-16,Monday,17,Student Service Center,5,61,5.285110612602604,64,0,0,64.94213387246941
2026-05-26,Tuesday,12,Admin Office,5,62,3.6473744466975333,27,1,0,46.83868755067848
2026-06-05,Friday,10,Admin Office,2,88,4.451536968513018,74,1,0,194.99250227590412
2026-06-27,Saturday,14,Library Counter,1,65,5.507257592412471,48,0,0,359.3766498906918
2026-02-16,Monday,9,Student Service Center,1,54,6.0342461683638575,42,1,1,327.5292349604949
2026-03-31,Tuesday,15,Fee Counter,1,35,2.8798999843444877,27,0,0,104.00935417042818
2026-04-07,Tuesday,17,Admin Office,5,72,5.1716356555483,78,0,1,71.72244599033223
2026-01-21,Wednesday,15,Library Counter,1,52,5.440305500801656,46,0,0,286.44240773492027
2026-03-09,Monday,17,Student Service Center,1,77,5.465513427057658,77,0,0,423.9978928396284
2026-02-09,Monday,8,Fee Counter,3,86,1.9244676753832857,76,1,0,54.29523529720562
2026-05-13,Wednesday,15,Fee Counter,3,45,5.13219220627548,41,0,0,81.46009871578997
2026-05-21,Thursday,10,Cafeteria,1,56,4.216383107351158,60,0,0,241.05168503834238
2026-01-13,Tuesday,12,Cafeteria,5,41,4.882178198821928,8,1,0,43.77928459556253
2026-05-01,Friday,13,Library Counter,4,65,3.8924236641780117,50,0,0,67.26662479794675
2026-02-05,Thursday,15,Library Counter,1,20,5.081130532108954,23,0,0,105.89395259515072
2026-06-10,Wednesday,10,Library Counter,3,76,6.5292001656629,74,0,0,167.48268366372233
2026-04-09,Thursday,11,Cafeteria,5,28,3.8182800683811386,23,0,0,25.50478883984254
2026-05-20,Wednesday,16,Cafeteria,2,24,6.141409282256825,27,0,0,73.63430190253224
2026-05-14,Thursday,11,Library Counter,4,17,5.890449126023692,17,0,0,27.665896044223338
2026-05-29,Friday,9,Fee Counter,5,70,6.018826914874838,64,0,0,88.27705051593293
2026-06-06,Saturday,10,Admin Office,4,14,5.811729388800002,19,0,1,22.407320719463968
2026-05-25,Monday,10,Library Counter,5,73,5.742267382541233,54,1,0,86.90437291149965
2026-01-16,Friday,14,Student Service Center,1,65,7.976708259869544,21,1,0,522.632169981657
2026-02-07,Saturday,12,Cafeteria,2,49,4.271501018321282,8,1,0,106.66366006863747
2026-04-24,Friday,9,Cafeteria,5,80,1.124836531355363,73,0,0,19.326676974491075
2026-06-10,Wednesday,11,Cafeteria,5,85,4.454715811628346,66,1,0,79.77551649808308
2026-01-07,Wednesday,11,Student Service Center,3,17,4.451127459370522,28,0,1,28.509077394193486
2026-01-08,Thursday,11,Admin Office,3,27,1.5203208595224211,7,1,0,18.501840221922876
2026-04-25,Saturday,14,Admin Office,1,80,2.478840418567375,61,0,0,200.36864976412087
2026-04-27,Monday,13,Admin Office,3,35,3.6803652972584993,13,0,0,41.94686234554877
2026-04-10,Friday,8,Cafeteria,5,83,2.5988627309720704,79,0,0,46.718810576598
2026-03-31,Tuesday,12,Admin Office,1,51,5.807374569180187,12,1,0,297.3367644939222
2026-01-25,Sunday,13,Student Service Center,4,98,2.717133019413568,70,0,0,68.49158459803405
2026-06-25,Thursday,14,Admin Office,5,41,5.577519520119842,16,0,0,50.11664525801556
2026-04-10,Friday,8,Library Counter,3,94,1.3292733739032352,75,1,0,45.68344750677842
2026-03-21,Saturday,10,Student Service Center,2,66,5.436373618589472,61,0,0,178.69125795654983
2026-05-06,Wednesday,13,Cafeteria,4,63,3.058023720164672,46,0,0,49.643018404881175
2026-03-22,Sunday,17,Cafeteria,1,61,1.368494788390128,58,0,0,80.95265325020658
2026-05-15,Friday,10,Admin Office,5,31,7.889353742029944,36,0,0,46.1567071751322
2026-03-01,Sunday,12,Fee Counter,2,85,3.47972202232471,64,0,0,150.18141155253815
2026-02-23,Monday,8,Student Service Center,5,66,3.7006876523150254,58,0,0,51.562800505416845
2026-06-25,Thursday,14,Fee Counter,5,36,3.262358457270353,30,0,1,23.038558950629717
2026-02-05,Thursday,15,Library Counter,4,34,3.1341555017384497,35,0,0,31.561728113822568
2026-05-29,Friday,11,Cafeteria,4,21,7.480519846461979,13,0,0,43.546849541568115
2026-01-23,Friday,13,Student Service Center,1,20,7.16176241297181,9,0,1,142.47474689697145
2026-02-14,Saturday,17,Library Counter,4,39,5.366273690584629,39,0,0,49.36621898518456
2026-01-16,Friday,12,Fee Counter,4,36,5.529491163812118,10,0,0,50.47959942890378
2026-02-08,Sunday,13,Admin Office,3,101,7.503146200017608,58,1,0,252.62966891238975
2026-02-07,Saturday,14,Admin Office,1,60,4.726171843659374,35,0,0,281.17728374935484
2026-05-07,Thursday,8,Cafeteria,5,48,4.7060501837889355,52,0,0,45.34199437384234
2026-01-13,Tuesday,14,Library Counter,5,74,2.20673327835001,48,0,0,32.51951734751521
2026-02-03,Tuesday,14,Admin Office,4,67,4.085985788917611,52,0,0,70.51420669219034
2026-01-09,Friday,14,Library Counter,5,76,3.338954883133214,48,0,0,48.611003171230195
2026-04-29,Wednesday,13,Admin Office,2,101,3.3656189973170356,69,1,0,169.44360045599407
2026-05-06,Wednesday,9,Student Service Center,5,5,5.107743115514946,9,0,0,8.769975683701304
2026-01-08,Thursday,8,Fee Counter,5,41,7.236967622509853,37,0,0,60.31254191338972
2026-01-15,Thursday,9,Cafeteria,3,48,3.3606642558508946,48,0,0,56.51412428259487
2026-01-30,Friday,17,Library Counter,2,89,1.0994150931953528,71,1,0,47.1513122824803
2026-02-27,Friday,13,Fee Counter,3,71,4.5714904153468545,44,0,0,106.21473772582328
2026-04-22,Wednesday,9,Cafeteria,5,23,1.3852639622490135,25,0,1,4.871017567644878
2026-03-17,Tuesday,16,Fee Counter,5,44,6.794800249463348,45,0,0,56.97507771015128
2026-02-21,Saturday,17,Admin Office,1,26,6.951871760351469,31,0,0,183.39961594394063
2026-03-03,Tuesday,13,Admin Office,1,83,3.727601956016808,51,1,0,312.3237865072927
2026-05-11,Monday,10,Library Counter,1,22,5.818617155701458,23,0,0,127.36850244998965
2026-02-14,Saturday,14,Admin Office,3,68,6.621393525238252,46,1,1,153.41848069901434
2026-03-29,Sunday,8,Admin Office,2,26,6.476770660511214,25,0,0,85.44402340575093
2026-01-07,Wednesday,12,Student Service Center,1,43,4.636141504738664,14,0,0,200.8555947500884
2026-02-08,Sunday,17,Library Counter,2,45,3.5141327699629312,40,0,0,80.870011587634
2026-06-19,Friday,8,Fee Counter,5,30,3.7870464546603455,30,0,0,24.36202128958721
2026-06-24,Wednesday,14,Fee Counter,2,31,7.4010825882783315,8,0,0,111.88192763468048
2026-01-03,Saturday,17,Admin Office,2,9,2.9235318509525983,5,0,0,11.031092732969364
2026-05-21,Thursday,9,Student Service Center,2,37,4.7239182278954726,40,0,0,90.86476361798897
2026-06-10,Wednesday,14,Student Service Center,4,38,7.760871425408311,18,0,0,78.2613573579659
2026-01-10,Saturday,15,Student Service Center,2,69,4.3529575354751735,62,0,0,147.31647933790984
2026-02-20,Friday,11,Fee Counter,1,37,5.998609158795122,33,0,0,224.83602201091907
2026-04-20,Monday,12,Admin Office,4,51,4.202981933717801,10,1,0,52.734277219217866
2026-03-04,Wednesday,12,Library Counter,2,106,3.767495576029682,77,0,0,202.82291967203307
2026-02-07,Saturday,11,Fee Counter,4,71,3.4441227059602486,67,0,0,63.495735102646755
2026-05-07,Thursday,16,Fee Counter,5,45,2.551531202322914,48,0,0,22.119701221973138
2026-03-03,Tuesday,8,Cafeteria,1,9,5.599456277730618,13,0,1,53.25354003733129
2026-03-16,Monday,15,Student Service Center,4,41,2.2964525815072543,38,0,0,25.989144443232433
2026-03-12,Thursday,9,Fee Counter,5,47,1.2887522643021136,41,0,0,12.56747811791492
2026-05-01,Friday,9,Fee Counter,1,31,1.1400820654014234,36,0,0,34.3653838575446
2026-02-14,Saturday,9,Student Service Center,1,11,5.517419362754255,5,0,0,61.00949941053676
2026-06-13,Saturday,8,Cafeteria,4,33,3.133692012515927,29,0,0,24.90485928891363
2026-05-21,Thursday,11,Admin Office,3,81,3.0537730135004937,76,0,0,86.47430975338521
2026-03-12,Thursday,16,Library Counter,2,77,5.749619486390901,78,0,0,219.9476310355982
2026-05-27,Wednesday,11,Library Counter,2,65,3.8654144461767483,69,0,0,129.78927119029808
2026-01-05,Monday,17,Student Service Center,4,65,6.510752118685541,68,0,0,106.06965022270502
2026-04-16,Thursday,12,Fee Counter,4,76,1.047498870837793,59,0,0,17.250128516327432
2026-03-27,Friday,17,Student Service Center,4,41,1.5496903015910097,42,0,0,17.368640410642016
2026-04-19,Sunday,14,Student Service Center,5,28,7.848278335115332,10,0,0,46.777448165451716
2026-02-06,Friday,12,Student Service Center,5,45,2.8435453329865545,22,0,0,24.27082541511196
2026-01-25,Sunday,17,Library Counter,1,38,3.558160392572915,38,0,0,139.69926560122767
2026-02-09,Monday,10,Student Service Center,2,53,2.508286029244479,52,0,0,65.07238658656593
2026-01-18,Sunday,9,Fee Counter,5,35,1.2911716937952864,32,0,0,6.223087204309342
2026-06-24,Wednesday,10,Fee Counter,5,90,7.3719023987776495,71,1,0,134.73841231598308
2026-03-03,Tuesday,11,Cafeteria,3,32,2.4841949535156025,26,0,0,23.734415253058373
2026-04-24,Friday,12,Cafeteria,1,46,5.530174404356899,20,0,0,256.8831112274714
2026-02-17,Tuesday,11,Fee Counter,1,33,3.12457087414678,27,0,0,100.9796980656157
2026-01-30,Friday,16,Student Service Center,5,38,6.859154914538315,36,0,0,49.760791986420806
2026-05-28,Thursday,15,Student Service Center,4,9,4.586999859636594,6,0,0,12.702458576185826
2026-02-16,Monday,17,Fee Counter,2,85,6.611239736291301,78,0,0,284.3114181330545
2026-03-23,Monday,8,Library Counter,2,31,6.008541682347901,32,0,0,91.00942163161999
2026-03-02,Monday,12,Admin Office,3,40,6.2506468899754735,19,0,0,87.0855616544208
2026-04-08,Wednesday,10,Admin Office,5,21,5.056459279531828,23,0,0,23.55819185550348
2026-06-16,Tuesday,8,Library Counter,3,76,1.5574912440231623,68,0,0,41.12392992627386
2026-05-25,Monday,17,Student Service Center,4,72,4.048258675503849,61,1,0,71.87062676117277
2026-02-08,Sunday,14,Fee Counter,2,63,1.2247670633744079,35,0,0,40.73110591673486
2026-02-13,Friday,11,Cafeteria,3,55,1.2251568922584197,50,0,0,24.4579877035656
2026-04-30,Thursday,13,Student Service Center,5,48,7.3651290248423456,12,1,0,67.77102368959765
2026-02-03,Tuesday,16,Student Service Center,4,27,7.2657435801106445,31,0,0,51.31772546215383
2026-03-24,Tuesday,12,Cafeteria,4,80,1.9853932043984934,65,0,0,38.50703853381312
2026-03-31,Tuesday,15,Library Counter,3,49,5.499222322526956,43,0,0,93.96257161191112
2026-03-18,Wednesday,11,Library Counter,5,36,3.3871196518344213,40,0,0,22.889086097194024
2026-02-23,Monday,9,Library Counter,1,58,5.259742502940669,59,0,0,307.6873933415816
2026-06-22,Monday,13,Fee Counter,5,50,6.651596578547426,23,0,0,68.60071364153976
2026-01-14,Wednesday,11,Library Counter,4,46,7.361768216781578,51,0,0,81.82971340287116
2026-03-01,Sunday,15,Cafeteria,2,45,2.1299189138130177,44,0,0,47.899133639106196
2026-01-27,Tuesday,11,Cafeteria,2,23,4.421455717607662,27,0,0,51.11069565047333
2026-05-28,Thursday,13,Fee Counter,1,65,4.892366969959727,50,0,0,317.2827020950683
2026-01-15,Thursday,16,Admin Office,1,35,6.2799763312465124,36,0,0,216.96325894819105
2026-04-07,Tuesday,14,Library Counter,5,80,5.521749837494129,60,0,0,88.82640967006469
2026-06-18,Thursday,14,Fee Counter,1,56,5.543642183769837,34,0,0,311.98126699441804
2026-03-29,Sunday,14,Admin Office,5,65,5.374457288519194,48,0,1,73.10649415573467
2026-06-27,Saturday,15,Cafeteria,4,18,2.961514848933997,19,0,0,10.751781813794995
2026-03-13,Friday,12,Fee Counter,3,98,5.3127756029100475,56,1,0,174.34527425946388
2026-02-17,Tuesday,13,Library Counter,1,90,4.2034231218162255,68,0,0,379.45919721666894
2026-04-04,Saturday,10,Student Service Center,2,44,4.124006679320459,42,0,0,91.01551950260081
2026-04-18,Saturday,8,Fee Counter,3,28,1.1515353181107355,17,1,0,11.907819339349722
2026-01-08,Thursday,11,Student Service Center,3,18,2.713876855666644,31,0,1,19.015690252231863
2026-02-12,Thursday,10,Fee Counter,3,47,6.519862894057796,45,0,0,100.48208550995027
2026-06-29,Monday,14,Cafeteria,2,58,4.5161120236321945,33,1,1,129.2977422870063
2026-01-29,Thursday,9,Admin Office,3,12,5.416793114090407,12,0,0,22.451020307327514
2026-04-23,Thursday,9,Student Service Center,1,43,7.023580406112115,41,0,0,302.8040386927307
2026-05-14,Thursday,10,Student Service Center,2,17,2.9159694202098976,11,0,0,25.834030233603976
2026-04-17,Friday,11,Library Counter,1,61,7.889154716382505,41,1,0,478.3976495692534
2026-03-26,Thursday,8,Student Service Center,4,0,5.115199843508472,6,0,1,1.0111718287625946
2026-03-22,Sunday,11,Student Service Center,1,11,7.680585535597651,24,0,1,88.85702462834867
2026-05-20,Wednesday,17,Library Counter,5,36,5.089877414451507,32,0,0,34.035650608525216
2026-05-29,Friday,8,Fee Counter,2,43,5.670493042193352,30,1,0,126.84705393962177
2026-03-13,Friday,12,Fee Counter,3,36,4.388272581594939,16,0,0,57.485426867131174
2026-02-05,Thursday,8,Fee Counter,4,17,2.9548569462869283,15,0,0,12.502022639213738
2026-03-07,Saturday,16,Admin Office,3,2,2.968820142663322,16,0,1,6.606700026504896
2026-02-18,Wednesday,12,Library Counter,2,58,3.959311439617667,37,0,0,118.22415274570021
2026-03-19,Thursday,8,Admin Office,4,39,4.439443631881497,36,0,0,47.264299596912906
2026-03-01,Sunday,17,Student Service Center,2,25,7.9879420021127245,29,0,0,103.09343963336592
2026-03-28,Saturday,13,Admin Office,1,83,4.042253577070774,68,0,0,336.41178497899404
2026-03-31,Tuesday,15,Admin Office,4,47,4.048535192172815,44,0,0,45.14907658721046
2026-04-12,Sunday,13,Admin Office,4,44,6.442119397773878,23,0,0,70.92795562617815
2026-03-19,Thursday,13,Admin Office,1,46,1.871536780559846,20,0,0,90.8554924486126
2026-01-06,Tuesday,16,Fee Counter,3,77,2.701013398901501,70,0,0,72.68970594157692
2026-01-02,Friday,8,Library Counter,2,34,2.3590688763298435,25,0,0,38.14781599001849
2026-03-26,Thursday,12,Fee Counter,4,111,5.524812156660598,77,1,0,154.67644016440073
2026-03-15,Sunday,10,Cafeteria,1,48,5.260789544224506,42,0,0,252.71311139270537
2026-06-11,Thursday,9,Fee Counter,3,52,6.496420075389775,51,0,0,111.50315627372056
2026-03-09,Monday,15,Fee Counter,4,36,5.499263397716828,27,0,0,50.78375750582895
2026-04-13,Monday,13,Library Counter,4,69,3.2652662860384956,42,0,0,60.03510067010371
2026-04-24,Friday,11,Student Service Center,4,37,4.3035615602870605,29,0,0,44.07106923595797
2026-05-22,Friday,15,Library Counter,2,24,6.316932837397358,20,0,0,79.62706580100938
2026-04-08,Wednesday,15,Library Counter,3,19,6.102314950535249,29,0,1,43.26792509019784
2026-04-19,Sunday,14,Cafeteria,2,100,5.070713319939774,58,1,0,251.88137481566235
2026-06-14,Sunday,12,Cafeteria,3,58,1.3646153484900565,37,0,0,26.870896067444694
2026-06-24,Wednesday,15,Cafeteria,3,29,4.410746922418157,32,0,0,42.48071369583843
2026-05-27,Wednesday,8,Library Counter,5,64,7.559787457450304,62,0,0,98.78623844722554
2026-06-03,Wednesday,9,Admin Office,3,15,3.1266498801545732,7,0,0,16.709111303524182
2026-04-08,Wednesday,13,Library Counter,1,56,6.574101301773645,27,0,0,368.6035354900669
2026-02-24,Tuesday,12,Cafeteria,2,58,4.458880187988894,43,0,0,131.2697559884847
2026-06-05,Friday,17,Fee Counter,3,91,6.349719345966661,68,1,0,194.26858419065803
2026-01-12,Monday,12,Student Service Center,5,40,3.116685242786988,22,0,0,28.299135423054608
2026-01-21,Wednesday,8,Cafeteria,3,79,6.777110936399002,64,1,0,175.99520468815558
2026-04-23,Thursday,11,Cafeteria,1,26,4.4621284460686965,25,0,0,114.70544945625625
2026-02-24,Tuesday,11,Library Counter,3,39,7.008039348871742,31,0,0,90.58262820081416
2026-04-06,Monday,9,Fee Counter,3,42,5.9357920264729644,49,0,1,86.90347826319584
2026-03-20,Friday,13,Admin Office,2,45,7.341663434362511,12,1,0,169.3951352414666
2026-04-30,Thursday,13,Fee Counter,1,21,5.745080312404218,6,0,0,121.46396693178123
2026-02-13,Friday,8,Student Service Center,3,23,5.38092666235427,10,1,0,41.52692138139038
2026-05-14,Thursday,13,Fee Counter,4,103,2.4744220559201064,76,0,0,68.30713464767923
2026-03-18,Wednesday,9,Admin Office,3,59,7.08130061375611,51,0,0,140.55801610528988
2026-03-04,Wednesday,10,Library Counter,1,59,7.503534521797766,56,0,0,446.7029092678456
2026-03-05,Thursday,9,Cafeteria,3,14,7.319432334351815,12,0,0,38.855683227022496
2026-01-17,Saturday,13,Fee Counter,2,39,5.777451236160041,20,0,0,116.44085148994075
2026-04-15,Wednesday,13,Library Counter,1,81,4.395387316691757,54,0,0,355.0767179503892
2026-05-02,Saturday,13,Admin Office,1,82,3.747113939797993,63,0,0,307.16170652415195
2026-03-15,Sunday,16,Fee Counter,5,32,6.114458448840143,28,0,0,42.792760862915976
2026-05-02,Saturday,17,Cafeteria,5,34,5.560424074707291,31,0,0,36.88319738897369
2026-04-28,Tuesday,16,Cafeteria,3,80,6.239953029175387,75,0,0,166.8957416345971
2026-03-25,Wednesday,14,Cafeteria,1,103,1.4984470227886277,66,1,0,157.72954231467156
2026-03-01,Sunday,13,Fee Counter,2,73,7.149620463448111,52,0,0,258.53275796073143
2026-02-24,Tuesday,16,Fee Counter,2,22,1.4550384258756441,21,0,0,15.956455417906291
2026-05-27,Wednesday,14,Admin Office,3,72,3.0104879978915307,51,0,0,76.77312045580518
2026-06-27,Saturday,16,Admin Office,1,32,5.751431884643003,36,0,0,182.89453168565262
2026-01-20,Tuesday,17,Admin Office,3,48,4.671145761305764,31,1,0,79.58558464721327
2026-03-12,Thursday,16,Student Service Center,2,58,4.374654631563001,61,0,0,130.1307559717454
2026-02-21,Saturday,10,Cafeteria,5,14,4.160824526811395,12,0,0,13.287195868898177
2026-02-13,Friday,14,Cafeteria,5,102,6.072264355118221,78,0,0,123.15316249909552
2026-05-25,Monday,17,Student Service Center,5,29,1.3350591923427495,21,0,0,8.006223520315254
2026-04-14,Tuesday,8,Library Counter,4,78,2.573690296571292,74,0,0,55.18404578654374
2026-04-28,Tuesday,12,Student Service Center,4,63,6.644486965555128,19,1,0,102.96385163196528
2026-02-13,Friday,17,Admin Office,5,44,1.5953053491424978,29,1,0,12.798616087629423
2026-03-25,Wednesday,12,Admin Office,5,95,1.914887776238191,73,0,0,34.7698530025857
2026-03-06,Friday,17,Fee Counter,5,79,7.596404553699502,74,0,0,124.91372668662824
2026-04-08,Wednesday,10,Fee Counter,3,26,2.793056196216242,29,0,0,23.243361668236545
2026-04-06,Monday,10,Student Service Center,5,4,3.8559403842871083,8,0,0,1.0
2026-05-17,Sunday,17,Cafeteria,4,41,7.7846842527582965,42,0,0,78.39020272642072
2026-05-23,Saturday,10,Student Service Center,5,22,4.968621002357582,13,0,0,22.047612123317325
2026-01-15,Thursday,11,Admin Office,1,81,1.6801527737617585,73,0,0,134.1510191236632
2026-05-15,Friday,9,Admin Office,2,83,7.00129476473487,65,1,0,288.3895166230246
2026-01-05,Monday,12,Cafeteria,4,75,3.376702433914853,38,1,0,61.17833817460108
2026-01-17,Saturday,17,Fee Counter,1,56,1.4608951515605826,60,0,0,83.78746388078149
2026-05-15,Friday,9,Admin Office,5,45,1.7016231472340027,48,0,0,19.771902078815085
2026-01-18,Sunday,10,Fee Counter,4,25,2.9917842719043928,23,0,0,22.25249631412327
2026-06-07,Sunday,9,Library Counter,4,24,3.1868412837574223,23,0,0,20.236113674632694
2026-06-18,Thursday,17,Fee Counter,4,51,5.533099121612651,45,0,0,74.98241976077341
2026-03-16,Monday,14,Library Counter,5,74,1.7447188378985414,48,0,0,26.783211538871743
2026-02-19,Thursday,9,Admin Office,4,40,3.9420318203797864,39,0,0,41.03693774485198
2026-04-25,Saturday,11,Student Service Center,4,70,2.3442939549130286,63,0,0,45.2605469495152
2026-04-16,Thursday,11,Student Service Center,2,74,7.644193535753413,79,0,0,286.44122848381204
2026-06-12,Friday,17,Library Counter,3,27,1.5659276115027778,29,0,0,18.092815098330192
2026-04-02,Thursday,8,Library Counter,5,66,3.7635125641949974,70,0,0,52.631733824836516
2026-05-07,Thursday,17,Admin Office,4,31,2.726321958834718,26,0,0,23.475880797908218
2026-04-06,Monday,17,Admin Office,3,60,5.848294103975705,62,0,0,118.70340352294784
2026-03-05,Thursday,17,Fee Counter,3,73,1.4916611410863676,74,0,0,38.80873408780431
2026-01-15,Thursday,11,Cafeteria,1,33,2.800239952170991,19,1,0,93.9205977951517
2026-02-26,Thursday,8,Admin Office,3,19,7.087831408816818,14,0,0,47.296734032172864
2026-05-26,Tuesday,16,Library Counter,4,13,7.468544637059886,14,0,0,26.63609418771628
2026-04-06,Monday,17,Student Service Center,2,70,1.2377992493306562,71,0,0,47.062635548259266
2026-03-20,Friday,16,Cafeteria,3,36,1.599404615099749,30,0,0,16.946212967174887
2026-05-22,Friday,13,Fee Counter,4,54,2.8145784100161078,46,0,1,35.97551714291458
2026-04-15,Wednesday,9,Cafeteria,1,38,6.37247083456515,36,0,0,245.14946601694663
2026-04-06,Monday,8,Student Service Center,2,35,7.560014767705853,40,0,0,130.63659268555764
2026-01-24,Saturday,8,Cafeteria,4,30,2.5498693685523293,19,1,0,16.778912311472823
2026-04-12,Sunday,9,Library Counter,1,64,4.106006883841676,70,0,1,266.14514025114937
2026-02-03,Tuesday,11,Library Counter,1,73,2.091432551345191,67,0,0,153.2093609455898
2026-01-09,Friday,14,Fee Counter,5,68,5.526709272119336,32,1,0,79.78567688681636
2026-04-15,Wednesday,10,Library Counter,4,64,7.950044035224867,55,0,0,124.77627543751339
2026-06-01,Monday,13,Cafeteria,3,33,3.0460312089647723,7,0,0,35.75256171288594
2026-03-21,Saturday,17,Cafeteria,4,70,6.70996489001451,48,1,0,117.65046894503384
2026-05-24,Sunday,12,Fee Counter,5,81,1.127105759249552,64,0,0,21.038803782554375
2026-05-14,Thursday,16,Cafeteria,4,40,6.196943583099788,38,0,0,66.5612411507171
2026-01-06,Tuesday,13,Fee Counter,5,84,6.502704526253698,60,0,0,107.21784212690942
2026-04-23,Thursday,12,Cafeteria,2,56,6.6860723879643675,35,0,0,185.50620619391782
2026-02-12,Thursday,9,Library Counter,5,62,5.704735469096353,49,1,0,69.75628110821812
2026-01-15,Thursday,10,Admin Office,1,71,5.3573987709436075,62,0,0,379.0596259116989
2026-03-17,Tuesday,17,Admin Office,2,27,2.222895459946289,20,0,0,29.612328407911598
2026-06-08,Monday,16,Fee Counter,5,30,2.6632994013624978,28,0,0,17.263462879849715
2026-02-27,Friday,13,Cafeteria,2,70,5.351407046302494,52,0,0,185.32508619901748
2026-02-16,Monday,11,Student Service Center,3,20,5.346755673940346,22,0,0,39.20088359987395
2026-01-01,Thursday,13,Admin Office,5,67,1.9908419569147633,32,1,0,29.360383402164214
2026-06-11,Thursday,14,Student Service Center,5,41,4.005931507965773,25,0,0,33.37894078771889
2026-01-17,Saturday,9,Admin Office,2,67,3.0769791597007936,59,0,0,106.81460205322675
2026-04-12,Sunday,14,Admin Office,3,90,2.3072239921812883,63,0,0,70.29844723806588
2026-05-08,Friday,13,Admin Office,3,39,3.4034737049123636,13,0,0,46.592079976584195
2026-02-07,Saturday,12,Student Service Center,3,78,6.025074957918846,53,0,0,160.82825703589546
2026-02-08,Sunday,14,Student Service Center,1,31,1.2383115434018528,12,0,0,41.95623562991359
2026-01-19,Monday,14,Fee Counter,4,86,4.730232298741191,58,0,0,104.77284560932834
2026-05-24,Sunday,14,Library Counter,5,49,6.35883847869521,32,0,0,59.869683777752975
2026-04-24,Friday,10,Fee Counter,5,56,3.396150993792638,43,1,0,38.55970532162356
2026-03-27,Friday,10,Student Service Center,5,34,1.0783951367899287,27,0,0,7.997622442754646
2026-04-23,Thursday,14,Cafeteria,1,28,1.8123742156919822,6,0,0,47.931332861675344
2026-05-28,Thursday,16,Admin Office,1,26,1.7571224656462752,25,0,0,46.756194118077836
2026-01-16,Friday,15,Admin Office,3,80,1.9145418218765382,56,1,0,53.17389408297855
2026-04-14,Tuesday,9,Cafeteria,2,35,4.098123163271211,38,0,0,69.63427490593185
2026-03-19,Thursday,13,Library Counter,1,80,2.152691837551136,65,0,0,173.7418909469666
2026-05-16,Saturday,9,Library Counter,2,31,4.570135658096222,14,1,0,73.5892399365869
2026-03-16,Monday,11,Library Counter,1,12,5.1764898377561455,13,0,0,64.91354506914846
2026-06-19,Friday,8,Fee Counter,3,36,6.2580385747580785,35,0,0,76.81469970332157
2026-03-23,Monday,11,Library Counter,3,45,7.869639730283364,37,0,0,117.84047741271526
2026-01-26,Monday,15,Admin Office,2,14,4.150869908446672,16,0,0,32.01051909782563
2026-01-29,Thursday,11,Admin Office,4,10,1.1298373700708524,14,0,0,5.622227626365596
2026-01-01,Thursday,15,Student Service Center,4,44,3.493771300291609,35,0,0,40.342651040871004
2026-04-05,Sunday,13,Fee Counter,2,67,7.79386760419571,44,0,0,261.4911415552791
2026-06-18,Thursday,13,Library Counter,4,113,6.917360557544897,77,1,0,194.7909965182719
2026-06-03,Wednesday,11,Cafeteria,1,14,3.629940637661894,11,0,0,53.88203390384332
2026-03-26,Thursday,10,Student Service Center,2,6,1.5573137592920645,10,0,0,6.428328338769451
2026-03-09,Monday,12,Fee Counter,4,79,7.208347070745231,69,0,1,142.77470631333642
2026-06-25,Thursday,11,Student Service Center,3,40,5.431480269055749,43,0,0,73.8532864936665
2026-05-11,Monday,14,Cafeteria,3,99,1.1747963030389184,78,0,0,38.964329802368816
2026-05-22,Friday,11,Fee Counter,4,39,3.234796936735278,43,0,1,31.678885212117024
2026-06-05,Friday,17,Cafeteria,5,15,1.4101362139709481,10,0,0,2.9542645041974414
2026-06-18,Thursday,17,Fee Counter,5,38,1.806147383331679,17,1,0,14.069212776532762
2026-01-15,Thursday,12,Library Counter,4,42,6.327774119396805,14,0,0,67.30193551339983
2026-02-22,Sunday,14,Cafeteria,2,61,4.427937759385985,34,0,0,132.94520122384205
2026-01-22,Thursday,12,Cafeteria,1,84,4.804740648618866,40,1,0,407.3225015235783
2026-06-23,Tuesday,13,Cafeteria,2,68,5.187664318963276,47,0,0,180.21914726868889
2026-06-06,Saturday,11,Fee Counter,3,36,3.8226063087655704,41,0,0,48.54104773517551
2026-01-16,Friday,9,Admin Office,1,49,5.035610533420464,47,0,0,251.45565895035364
2026-06-21,Sunday,17,Fee Counter,5,14,4.544601714816017,8,0,0,14.477721907688249
2026-02-24,Tuesday,17,Cafeteria,4,11,3.1111762521214645,16,0,0,10.458139270423075
2026-05-13,Wednesday,10,Fee Counter,2,61,6.685676770261231,43,1,0,206.3461721436464
2026-02-24,Tuesday,16,Student Service Center,2,28,3.361749818741365,25,0,0,45.047217293235946
2026-04-05,Sunday,13,Fee Counter,3,88,7.216061922018466,59,0,0,215.13820916245726
2026-02-08,Sunday,10,Library Counter,2,46,6.677151825045588,56,0,1,151.44626501047983
2026-01-30,Friday,17,Student Service Center,3,27,7.041380751811644,18,0,0,64.57682412750664
2026-06-17,Wednesday,12,Student Service Center,1,110,2.0576373332377007,79,1,0,228.94574326564603
2026-03-11,Wednesday,14,Student Service Center,1,50,6.520805004619969,17,1,0,325.8517836187639
2026-03-27,Friday,10,Student Service Center,3,84,3.5355985475706215,66,1,0,97.7364560007085
2026-06-16,Tuesday,13,Admin Office,1,83,5.01095550879515,62,0,0,416.57632354310675
2026-02-01,Sunday,8,Fee Counter,4,69,3.2375361931133737,79,0,1,55.89637393927196
2026-02-07,Saturday,17,Cafeteria,1,84,6.09104734067698,60,1,0,510.804470162886
2026-04-21,Tuesday,14,Admin Office,4,85,3.668860033623331,61,0,0,78.97078524849493
2026-05-10,Sunday,11,Student Service Center,2,30,6.69678130069093,31,0,0,100.49728379578269
2026-06-08,Monday,12,Fee Counter,3,65,5.01989266179961,30,1,0,112.42879653577192
2026-02-20,Friday,10,Student Service Center,1,71,3.7775501702595724,61,1,0,268.5344693295238
2026-03-22,Sunday,10,Admin Office,1,21,2.898244499978424,13,0,0,65.44395451240868
2026-01-25,Sunday,13,Admin Office,4,53,2.212528668308304,30,0,0,28.601324765858813
2026-06-01,Monday,17,Fee Counter,1,21,2.257851662559121,23,0,0,52.17638670819172
2026-03-26,Thursday,10,Cafeteria,2,23,5.160865686663511,17,0,0,56.9082416686341
2026-04-07,Tuesday,9,Admin Office,4,43,2.4430231219611485,38,0,0,26.48452751106188
2026-02-24,Tuesday,9,Admin Office,5,34,7.052613797229242,30,0,0,48.90532805542075
2026-06-29,Monday,9,Student Service Center,5,5,1.909793056331688,5,0,0,2.883211244953508
2026-01-18,Sunday,12,Library Counter,4,51,7.503953636052378,29,0,0,96.34469542797173
2026-02-18,Wednesday,8,Library Counter,4,30,1.4239399038884346,19,1,0,14.774114617911433
2026-02-18,Wednesday,11,Fee Counter,5,78,4.555259466718944,75,0,0,74.5436944768422
2026-05-07,Thursday,13,Admin Office,1,64,5.4759724812359964,47,0,0,351.0423105245945
2026-06-12,Friday,8,Admin Office,4,87,7.751566891941584,73,1,1,166.80652660490517
2026-05-16,Saturday,17,Student Service Center,4,35,3.1367754037031013,27,0,0,32.24913719384251
2026-04-02,Thursday,16,Student Service Center,4,91,5.490992068955698,68,1,0,128.46576557970585
2026-05-25,Monday,11,Library Counter,3,19,5.712125129461849,15,0,0,41.15442854939714
2026-05-25,Monday,8,Fee Counter,5,43,1.362218357683708,23,1,0,8.956613998777398
2026-04-26,Sunday,13,Library Counter,4,97,4.9879324242478695,70,0,0,119.73010873152641
2026-06-25,Thursday,11,Student Service Center,4,58,6.64167077864238,59,0,0,94.34922215492725
2026-01-22,Thursday,14,Admin Office,2,89,6.177921941134726,78,0,1,278.88333683371286
2026-03-06,Friday,9,Student Service Center,1,21,3.9850855670470238,21,0,0,84.90077972742787
2026-03-04,Wednesday,15,Library Counter,4,59,3.0155642371999054,67,0,1,48.59401028932435
2026-02-01,Sunday,17,Fee Counter,2,79,2.9110839687802224,79,0,0,116.99941171264368
2026-01-01,Thursday,16,Admin Office,5,0,1.1459166786539057,8,0,1,2.029961806624568
2026-01-30,Friday,17,Fee Counter,3,51,2.687457312326264,48,0,0,43.92328636274555
2026-04-07,Tuesday,8,Admin Office,1,15,4.299130812295558,8,0,0,62.43793102921894
2026-01-09,Friday,14,Cafeteria,1,78,5.722717944162133,38,1,0,443.81710891927594
2026-06-02,Tuesday,14,Cafeteria,1,90,4.9249821740592274,72,0,0,446.7914087684352
2026-01-24,Saturday,17,Student Service Center,5,20,7.968836527017768,23,0,0,34.71933127687842
2026-06-24,Wednesday,12,Fee Counter,5,80,7.404523312392074,52,0,0,123.38584631320195
2026-02-17,Tuesday,14,Admin Office,5,84,1.7168024485720084,66,0,0,31.740803326514516
2026-02-18,Wednesday,15,Admin Office,3,29,4.080044230195469,28,0,0,39.474817899933704
2026-03-10,Tuesday,11,Admin Office,2,30,2.9440094746840084,30,0,0,42.66326172244024
2026-05-05,Tuesday,12,Fee Counter,4,59,1.9529550824535793,18,1,0,27.05707636645675
2026-02-17,Tuesday,10,Student Service Center,2,27,5.934792336650441,14,1,0,80.00075004697194
2026-04-01,Wednesday,12,Student Service Center,3,87,4.171103252661319,68,0,0,124.98406106472012
2026-06-26,Friday,12,Admin Office,1,90,5.35815657593883,67,0,0,480.49915300024963
2026-04-18,Saturday,9,Cafeteria,5,85,4.725102394893849,76,0,0,78.18399428861082
2026-03-26,Thursday,14,Library Counter,5,34,2.089132270695055,9,0,0,18.886200698748123
2026-01-13,Tuesday,13,Admin Office,1,90,6.03992461722907,71,0,0,541.2729742500743
2026-06-17,Wednesday,16,Cafeteria,2,57,3.3039569388925623,47,1,0,98.25016212177245
2026-01-18,Sunday,16,Cafeteria,3,53,7.4091438986040865,49,0,0,130.52684173950928
2026-03-23,Monday,12,Student Service Center,4,99,4.135239413911242,70,0,0,101.82132652464075
2026-06-08,Monday,8,Cafeteria,4,57,2.6678368933795102,52,0,0,41.82541078851518
2026-04-06,Monday,14,Admin Office,2,72,1.1689294508478751,47,0,0,43.964755116608075
2026-02-12,Thursday,11,Cafeteria,3,55,4.662281472627512,44,1,0,89.66832263906453
2026-06-29,Monday,16,Library Counter,4,42,7.666109692207747,42,0,0,83.83810097932142
2026-03-14,Saturday,10,Library Counter,1,6,7.807391935933114,11,0,0,44.39047854244269
2026-03-27,Friday,10,Library Counter,1,62,4.0887211350182415,66,0,0,255.86961035812647
2026-05-15,Friday,8,Admin Office,2,51,4.083652207889026,37,1,0,103.153567680439
2026-02-14,Saturday,16,Library Counter,5,54,3.416921460930002,57,0,0,36.621918347338685
2026-01-17,Saturday,11,Admin Office,5,20,4.018720538261938,18,0,0,18.57053070687008
2026-06-11,Thursday,11,Cafeteria,3,67,7.526838473026327,58,0,0,170.75616117354355
2026-05-30,Saturday,16,Admin Office,5,22,6.8612920367716255,14,0,0,34.210795934497355
2026-03-16,Monday,13,Student Service Center,1,106,7.923521258315932,66,1,0,842.2553628761095
2026-02-25,Wednesday,9,Fee Counter,1,47,2.608324723988684,42,0,0,119.87610383960023
2026-02-14,Saturday,8,Admin Office,3,12,6.421852292315841,16,0,0,24.360087906533206
2026-05-11,Monday,12,Cafeteria,2,112,4.006843864644729,77,1,0,225.28278021018315
2026-01-07,Wednesday,14,Library Counter,1,67,6.869744353576157,51,0,0,461.9427296908835
2026-04-24,Friday,8,Library Counter,4,35,6.272494071172141,20,1,0,56.31152333742355
2026-06-27,Saturday,13,Cafeteria,2,80,6.66711089566687,59,0,0,268.1135975706686
2026-03-26,Thursday,13,Library Counter,5,38,5.9199557637722275,23,0,0,46.90401266044944
2026-06-29,Monday,16,Student Service Center,1,6,7.3922922286375865,8,0,1,48.13148271390564
2026-06-14,Sunday,17,Library Counter,1,9,7.257665823867829,13,0,0,68.52924572695682
2026-04-23,Thursday,14,Admin Office,3,41,1.8941993447988237,14,0,0,22.927170928162717
2026-01-01,Thursday,16,Cafeteria,2,30,4.259330863865735,21,0,0,64.6229289686968
2026-02-09,Monday,8,Cafeteria,1,51,4.311661766695623,58,0,1,224.64366062424423
2026-03-19,Thursday,13,Student Service Center,1,29,1.6654558627994236,11,0,0,50.690403976332036
2026-04-15,Wednesday,11,Student Service Center,1,70,5.554094906522864,67,0,0,387.4876414515085
2026-01-21,Wednesday,8,Fee Counter,4,90,1.6983410282669347,78,1,0,41.42732409159234
2026-03-06,Friday,8,Admin Office,2,26,2.173353795287809,26,0,0,31.955658901544233
2026-04-05,Sunday,11,Library Counter,1,66,7.929072388265253,55,1,0,522.0301605895045
2026-04-28,Tuesday,14,Fee Counter,4,54,3.657757081687664,34,0,0,53.48293530941003
2026-05-02,Saturday,12,Admin Office,2,46,5.194229446474044,21,0,0,117.23262695232872
2026-03-29,Sunday,12,Library Counter,3,39,3.295646978250403,31,0,1,43.22637164309634
2026-01-05,Monday,12,Admin Office,2,64,1.086718253326291,20,1,0,34.970146890789714
2026-03-15,Sunday,12,Admin Office,1,63,5.490225966325538,26,1,0,343.4301373433333
2026-03-05,Thursday,10,Admin Office,5,47,1.6399006373878378,51,0,0,13.840941377600254
2026-04-25,Saturday,8,Admin Office,3,74,3.3884145067450744,73,0,0,85.8762330076419
2026-02-28,Saturday,9,Cafeteria,3,73,5.593048001522158,77,0,0,139.93690662246107
2026-02-26,Thursday,17,Admin Office,4,17,4.340943427732647,14,0,0,21.715231018122704
2026-03-16,Monday,16,Fee Counter,4,15,6.814083275801159,19,0,0,25.396407992898176
2026-03-04,Wednesday,15,Library Counter,5,72,2.157271037863793,72,1,1,35.54787057870823
2026-04-26,Sunday,10,Cafeteria,5,34,4.860432067459358,19,1,0,33.66479873773197
2026-04-02,Thursday,8,Cafeteria,4,88,7.7251648722963,69,1,0,167.91327685250414
2026-03-15,Sunday,16,Student Service Center,4,14,4.767402739868743,18,0,0,17.948899022832656
2026-04-29,Wednesday,8,Library Counter,2,20,5.035947743958248,23,0,0,52.843258119945204
2026-02-08,Sunday,12,Fee Counter,4,93,1.9994939509769525,67,0,0,44.29723586566741
2026-02-12,Thursday,9,Cafeteria,1,12,5.659716153605038,9,0,0,67.03732505868005
2026-02-07,Saturday,8,Admin Office,5,17,7.901803607652406,15,0,0,24.258560846720528
2026-05-28,Thursday,12,Admin Office,1,35,3.321831761713699,19,0,1,114.71609268614621
2026-05-14,Thursday,12,Admin Office,4,48,1.04261271682913,35,0,1,13.57424890287751
2026-01-12,Monday,12,Admin Office,4,67,6.718023363787157,26,1,0,111.93110540134285
2026-01-20,Tuesday,11,Cafeteria,2,19,7.930768486144419,9,1,1,78.5646332617295
2026-04-28,Tuesday,14,Admin Office,1,57,5.761493596535676,29,0,0,327.7438014928006
2026-01-18,Sunday,16,Library Counter,4,60,1.6181890485300445,58,0,0,27.913946946163897
2026-01-22,Thursday,9,Admin Office,4,35,4.547483671076199,34,0,0,43.51055011330873
2026-05-10,Sunday,10,Fee Counter,2,20,3.0939120694187108,24,0,0,32.9521214531984
2026-05-22,Friday,14,Fee Counter,5,87,5.657833548467778,59,0,0,103.09869501317299
2026-02-14,Saturday,10,Admin Office,3,81,6.549911736859854,57,1,0,177.30875674004835
2026-04-27,Monday,9,Student Service Center,4,22,1.1131867796816381,9,1,0,7.855877852997041
2026-01-31,Saturday,14,Student Service Center,1,103,3.1938389303218946,78,0,0,327.1608650402913
2026-03-26,Thursday,12,Student Service Center,4,29,7.620910863439005,9,0,0,53.99343603390898
2026-04-04,Saturday,17,Student Service Center,5,25,4.404980845182502,24,0,0,20.100560552049025
2026-04-25,Saturday,11,Admin Office,2,20,5.102114642348076,15,0,0,54.24995729308522
2026-03-28,Saturday,12,Cafeteria,3,58,2.996113206570471,34,0,0,62.12978918384471
2026-06-15,Monday,16,Library Counter,1,45,2.1324134946929227,36,0,0,95.91317481487494
2026-01-13,Tuesday,15,Library Counter,2,22,6.29615753809891,13,0,0,72.83711139921823
2026-01-03,Saturday,10,Student Service Center,3,88,5.470893664182208,76,1,0,160.5808266871485
2026-06-03,Wednesday,9,Admin Office,2,53,6.611604339656447,52,0,0,177.4037240308908
2026-04-25,Saturday,10,Fee Counter,4,50,5.1918381025540885,55,0,0,69.38438409036307
2026-01-22,Thursday,11,Library Counter,3,9,5.544699129865794,14,0,0,14.287729066415213
2026-01-21,Wednesday,14,Cafeteria,4,46,2.4119319017050924,24,0,0,27.215396747400955
2026-03-14,Saturday,13,Cafeteria,5,100,1.2020053933528718,76,0,0,21.55367175503995
2026-02-12,Thursday,12,Admin Office,1,83,3.8282096522992193,45,1,0,320.16820617647534
2026-05-16,Saturday,8,Student Service Center,5,70,5.080670645551642,68,0,0,68.68556135974855
2026-04-29,Wednesday,15,Student Service Center,1,28,7.469517335704821,16,1,0,210.18852852174226
2026-02-21,Saturday,9,Library Counter,3,33,3.4260459151304543,33,0,0,41.373897650657504
2026-06-26,Friday,17,Cafeteria,5,60,7.043124603915871,61,0,0,86.79600180929492
2026-02-04,Wednesday,13,Student Service Center,5,81,3.782177479669188,52,0,0,59.954639040572985
2026-03-09,Monday,13,Library Counter,3,29,1.8288110889905198,13,0,0,16.68375503390758
2026-02-14,Saturday,11,Admin Office,4,83,6.281663151978952,79,0,0,133.11754749160085
2026-01-18,Sunday,10,Library Counter,2,40,3.847068727818689,32,0,0,76.47359975795753
2026-05-15,Friday,17,Student Service Center,2,43,4.675447091334869,33,1,0,98.18913296688869
2026-01-25,Sunday,16,Student Service Center,4,32,6.140614350737417,35,0,0,47.09163841657101
2026-05-25,Monday,17,Admin Office,3,19,4.276426039568252,23,0,0,25.948432372129183
2026-03-26,Thursday,10,Student Service Center,3,41,3.5695246552152424,37,0,0,50.14541701909593
2026-04-04,Saturday,15,Fee Counter,1,53,1.3808708942512458,56,0,0,75.43941304829879
2026-05-25,Monday,12,Fee Counter,2,32,6.111366863130884,5,0,0,97.17103791878809
2026-03-10,Tuesday,12,Fee Counter,4,26,3.093450167261902,5,0,0,19.98073759627399
2026-03-12,Thursday,8,Library Counter,3,54,6.128338750235815,54,0,0,112.22301873994425
2026-04-30,Thursday,17,Student Service Center,4,14,5.839449049933137,5,0,0,22.99838668674521
2026-02-28,Saturday,10,Admin Office,4,0,5.204670873939239,10,0,1,1.0
2026-06-28,Sunday,13,Cafeteria,5,31,4.911063857487867,7,0,0,27.912966612572802
2026-06-22,Monday,12,Admin Office,3,83,5.17664034852737,58,0,0,142.51921226985988
2026-04-24,Friday,14,Fee Counter,1,27,7.73001918668336,9,0,1,209.12624763470046
2026-05-03,Sunday,17,Cafeteria,4,67,1.1645169597282683,62,1,1,19.509637006021464
2026-05-31,Sunday,10,Student Service Center,4,27,2.34640209532515,22,0,0,15.00399620901263
2026-03-15,Sunday,8,Library Counter,1,86,7.697577771560415,76,1,0,660.2224887971338
2026-06-08,Monday,9,Fee Counter,1,27,3.3395070535953186,7,1,0,88.82979727991358
2026-01-15,Thursday,14,Library Counter,3,87,7.808048923616331,65,0,0,229.68235355454573
2026-02-09,Monday,15,Fee Counter,5,36,3.9785401298778202,35,0,0,26.13983942104047
2026-04-07,Tuesday,8,Admin Office,4,82,5.664137261898046,69,1,0,117.48692353851956
2026-03-21,Saturday,11,Admin Office,1,15,2.8782824827503704,21,0,1,40.81589890376536
2026-03-29,Sunday,10,Cafeteria,3,32,4.409107741901911,32,0,0,47.43315934781067
2026-06-27,Saturday,8,Fee Counter,3,65,2.9003895224990095,41,1,0,60.153551899225924
2026-04-30,Thursday,16,Fee Counter,5,85,7.230738314098929,68,1,0,124.34453092045541
2026-03-17,Tuesday,16,Admin Office,2,73,5.291506169179005,64,0,0,190.58769963312974
2026-05-23,Saturday,13,Student Service Center,5,99,4.083756536863648,56,1,0,82.01400156204068
2026-04-01,Wednesday,11,Cafeteria,1,43,1.5170929253522734,32,1,0,64.52224611330757
2026-02-25,Wednesday,12,Fee Counter,2,80,6.579537645939294,61,0,1,265.63491102444436
2026-02-13,Friday,16,Library Counter,5,17,5.223414757182274,12,0,0,15.01018445619701
2026-01-21,Wednesday,8,Library Counter,2,25,4.736193865443655,27,0,0,59.82189927898608
2026-04-14,Tuesday,12,Admin Office,4,84,7.7970362854774935,67,0,0,167.80485389141955
2026-06-26,Friday,8,Cafeteria,5,64,2.125974487045001,49,1,0,29.27374844161233
2026-01-04,Sunday,10,Cafeteria,2,38,7.356924395924415,29,0,0,144.34056865784825
2026-02-26,Thursday,11,Fee Counter,3,30,7.443879199658059,18,1,0,78.91808635270226
2026-01-19,Monday,15,Admin Office,4,29,5.311333135666034,13,1,0,41.82451293582277
2026-05-28,Thursday,17,Admin Office,2,69,6.146287604859266,52,1,0,210.77361651268666
2026-03-08,Sunday,11,Student Service Center,4,39,4.780460006989203,23,1,0,46.92369984886379
2026-02-06,Friday,17,Admin Office,3,15,4.028019855023454,15,0,0,19.18302428727967
2026-05-02,Saturday,9,Cafeteria,2,22,2.8227510952771535,13,0,0,34.072605417612195
2026-02-21,Saturday,9,Cafeteria,4,76,6.8773714710309255,68,0,0,131.07806443360684
2026-05-09,Saturday,16,Admin Office,2,74,4.955057978569819,65,0,0,182.97133592020398
2026-05-30,Saturday,17,Library Counter,4,39,2.9301074588652916,40,0,0,31.94093615630858
2026-02-05,Thursday,15,Cafeteria,2,15,3.671031433365272,10,0,0,28.586240972705596
2026-05-29,Friday,8,Cafeteria,1,44,6.7187791533241334,35,0,0,297.8547685506234
2026-04-04,Saturday,15,Fee Counter,4,27,2.590338772275513,19,0,0,14.517598316301049
2026-05-11,Monday,9,Student Service Center,4,31,7.037507286251639,24,0,0,58.01906810344032
2026-02-25,Wednesday,9,Cafeteria,5,78,2.4337487295309814,71,0,0,37.37787947507178
2026-02-18,Wednesday,17,Cafeteria,3,82,4.679417196002587,69,1,1,125.63407457832868
2026-01-24,Saturday,8,Admin Office,5,16,5.793981354252411,14,0,0,23.000307979087832
2026-03-12,Thursday,17,Library Counter,2,67,7.067508205428304,56,1,0,236.91549588057293
2026-05-20,Wednesday,14,Student Service Center,2,102,5.971909939984748,73,0,0,306.9906945059923
2026-05-27,Wednesday,15,Student Service Center,1,30,4.774395347291112,31,0,1,144.31598116584252
2026-05-01,Friday,14,Cafeteria,3,66,1.7152062612490653,42,0,0,38.496380843469154
2026-05-14,Thursday,15,Fee Counter,4,8,1.6933950395119157,11,0,0,2.937176973028241
2026-04-19,Sunday,17,Admin Office,2,86,3.711333945996847,79,0,0,163.32089382264044
2026-05-06,Wednesday,15,Student Service Center,3,56,1.6524974812488895,48,0,0,28.21405990781199
2026-06-17,Wednesday,17,Student Service Center,5,50,3.7604090026345496,53,0,0,42.495986569783014
2026-05-22,Friday,16,Fee Counter,5,15,2.0717175335916,19,0,0,9.15596317303552
2026-05-05,Tuesday,8,Fee Counter,1,21,2.5383151984390144,23,0,0,55.50542358842373
2026-01-14,Wednesday,11,Admin Office,3,20,1.22550752315261,16,0,0,8.870329700716383
2026-06-29,Monday,16,Library Counter,2,80,6.48741556775442,76,0,0,263.6742557576311
2026-06-05,Friday,15,Library Counter,1,12,2.893283739315562,16,0,0,32.09249207547947
2026-04-08,Wednesday,17,Admin Office,1,28,3.6887477027305455,21,0,0,106.15813245488849
2026-06-26,Friday,16,Student Service Center,3,72,3.3742153400157084,70,0,0,81.47131904930151
2026-05-05,Tuesday,8,Library Counter,4,32,2.86022463330663,42,0,1,20.64044057720585
2026-06-27,Saturday,15,Fee Counter,1,72,6.018189229180941,76,0,0,434.95910724288467
2026-01-03,Saturday,10,Library Counter,3,32,2.175248842635093,34,0,1,22.81721677145485
2026-02-16,Monday,15,Admin Office,3,46,3.9493787162773386,40,0,0,64.38926455989619
2026-05-01,Friday,17,Fee Counter,5,19,3.831614821805922,12,0,0,13.892247189617333
2026-06-11,Thursday,9,Library Counter,3,65,2.5395401968140687,62,0,0,59.79312125065775
2026-04-29,Wednesday,15,Admin Office,5,42,7.177845201250437,42,0,0,59.17087782655392
2026-02-23,Monday,11,Fee Counter,2,3,4.500646350475632,8,0,0,4.577373348219687
2026-05-10,Sunday,16,Cafeteria,5,49,5.716337844728527,46,0,0,60.44180792553618
2026-02-11,Wednesday,10,Library Counter,3,85,5.756551274498677,76,0,0,165.31736950185982
2026-04-16,Thursday,8,Cafeteria,5,54,3.1430405564300234,45,1,1,32.92652578367663
2026-03-14,Saturday,13,Cafeteria,1,98,4.77963759054969,71,0,0,466.9851605604962
2026-04-10,Friday,9,Admin Office,5,59,6.072419358295756,35,1,0,68.93896344828237
2026-05-15,Friday,9,Library Counter,2,28,3.606364728697667,32,0,0,50.035318570723184
2026-03-18,Wednesday,15,Student Service Center,2,75,6.501067996941194,62,1,0,245.23701865646683
2026-06-26,Friday,15,Admin Office,1,35,3.3498589961726886,31,1,1,118.48415537788561
2026-03-05,Thursday,17,Admin Office,3,62,2.296155317913418,56,0,0,49.46920680472181
2026-02-03,Tuesday,14,Cafeteria,4,93,4.367470335932316,78,0,0,98.91050145742395
2026-05-18,Monday,11,Fee Counter,1,46,7.179682592071595,51,0,0,328.7384394199429
2026-04-07,Tuesday,12,Admin Office,4,29,4.2160712263286495,10,0,0,28.187843285109537
2026-05-03,Sunday,12,Admin Office,1,79,2.937460570260423,73,0,1,234.77680001797677
2026-04-27,Monday,17,Student Service Center,4,65,1.755340020560833,61,0,0,33.004888261957284
2026-03-18,Wednesday,15,Student Service Center,5,30,3.0667293815904335,44,0,1,21.553125675114465
2026-06-22,Monday,10,Admin Office,2,68,7.218154232063937,66,0,0,245.51789722966853
2026-03-19,Thursday,17,Admin Office,5,48,2.203792812904801,43,0,0,21.521868900213512
2026-04-13,Monday,13,Library Counter,4,58,1.4529023135279195,39,0,0,23.938044243857565
2026-05-29,Friday,15,Cafeteria,2,44,4.689867452443883,38,0,0,103.90213932623851
2026-06-08,Monday,16,Admin Office,1,36,4.002789865022551,40,0,0,148.01875691681101
2026-03-13,Friday,10,Admin Office,3,65,2.687222165325277,67,0,1,59.20330699900856
2026-03-14,Saturday,14,Student Service Center,2,31,3.631187683569717,13,0,0,60.70526733359464
2026-03-23,Monday,15,Student Service Center,3,68,4.880066480561297,72,0,0,112.9495304721464
2026-01-27,Tuesday,13,Fee Counter,2,61,1.3244728860399566,25,1,0,41.79378037624821
2026-04-08,Wednesday,15,Library Counter,1,59,1.9042874246612465,55,0,0,116.21227682821996
2026-06-16,Tuesday,11,Library Counter,2,44,7.938061516037309,23,1,0,175.01597638564476
2026-03-30,Monday,17,Student Service Center,5,40,2.8388834232783116,25,1,0,20.068749582665664
2026-05-14,Thursday,9,Admin Office,3,70,1.919008097578475,56,1,0,49.301507904046794
2026-02-15,Sunday,10,Admin Office,5,29,1.3685903161575594,26,0,0,6.071454537932819
2026-03-01,Sunday,10,Fee Counter,4,36,3.832587925332666,30,0,0,34.92567527977092
2026-01-07,Wednesday,15,Fee Counter,3,28,4.687248249165234,31,0,0,45.050352910736635
2026-05-03,Sunday,15,Library Counter,2,50,1.9325872358904732,28,1,0,46.948798963925874
2026-03-23,Monday,9,Admin Office,1,74,2.659921216683261,79,0,1,195.71440033150637
2026-03-03,Tuesday,14,Cafeteria,1,35,1.3652949437645399,8,0,0,52.29911612112855
2026-02-07,Saturday,8,Cafeteria,1,34,5.786114854573773,35,0,0,195.55525271016376
2026-06-18,Thursday,15,Student Service Center,3,11,1.769018299369134,16,0,0,6.883868364595841
2026-03-01,Sunday,11,Cafeteria,1,31,6.526185623225179,30,0,0,204.70171136036467
2026-03-29,Sunday,15,Fee Counter,1,61,5.630085869155423,52,0,0,347.2186313167081
2026-01-16,Friday,17,Library Counter,2,83,4.902321842829576,74,0,0,205.5978949201147
2026-01-02,Friday,10,Admin Office,1,45,2.989246002731837,41,0,0,136.2470522829439
2026-04-10,Friday,15,Student Service Center,4,40,6.409631450032184,31,0,0,63.09376301503644
2026-04-19,Sunday,11,Admin Office,2,31,1.5059191902883988,30,0,0,26.298873820231833
2026-02-22,Sunday,14,Cafeteria,3,89,3.612832124204882,50,1,0,111.29041510831347
2026-01-09,Friday,10,Admin Office,2,39,4.585993201351492,23,1,0,92.74237461687773
2026-01-23,Friday,17,Student Service Center,2,90,2.1799840107447896,66,1,0,100.15106902057752
2026-06-08,Monday,13,Cafeteria,5,81,5.983326197089136,56,0,0,99.86317150258871
2026-02-12,Thursday,13,Admin Office,1,81,7.259664807448698,63,0,1,587.521211961355
2026-01-09,Friday,8,Library Counter,3,57,6.236771688119549,62,0,0,117.27197281897053
2026-04-10,Friday,11,Student Service Center,5,88,7.695694243546064,65,1,0,138.75681054946426
2026-06-19,Friday,13,Fee Counter,3,110,2.905732754593299,70,1,0,104.19049230174446
2026-06-14,Sunday,8,Admin Office,4,37,1.5514744970274004,32,0,0,13.566352615430954
2026-01-01,Thursday,9,Admin Office,2,24,4.252389496079811,20,0,0,48.13793664436637
2026-03-28,Saturday,12,Cafeteria,2,54,1.6061115072554517,10,1,0,45.10457422222051
2026-03-10,Tuesday,14,Student Service Center,5,33,2.68185272928524,7,0,0,16.805768046723298
2026-01-17,Saturday,15,Fee Counter,3,18,3.0791416016757145,28,0,1,21.623154386145615
2026-04-13,Monday,8,Cafeteria,1,58,2.7556289275062746,63,0,0,158.84914806068522
2026-02-26,Thursday,9,Fee Counter,5,29,6.659592912822875,18,1,0,42.78297988888478
2026-01-25,Sunday,13,Fee Counter,1,82,4.695364384820977,57,0,0,384.20419021841013
2026-06-25,Thursday,10,Admin Office,3,68,1.8559099690494463,62,0,0,40.52960089870664
2026-01-18,Sunday,11,Cafeteria,4,92,2.690799689011845,68,1,0,62.81206904853234
2026-04-20,Monday,10,Fee Counter,4,67,7.950324436294851,64,0,0,133.33310887751247
2026-02-11,Wednesday,14,Library Counter,1,33,7.857297223692588,7,0,0,264.13394053674097
2026-02-01,Sunday,14,Library Counter,5,69,2.024631570677099,52,0,0,26.058088964091922
2026-03-16,Monday,17,Cafeteria,5,19,2.9802025044798848,24,0,0,12.400875679350253
2026-01-19,Monday,12,Student Service Center,2,59,6.591244042664005,17,1,0,193.49861656262132
2026-05-08,Friday,13,Student Service Center,1,75,4.6123557563925495,57,0,0,345.6944616318974
2026-05-08,Friday,15,Library Counter,4,36,6.502003444541568,35,0,0,61.20966493578795
2026-04-22,Wednesday,8,Cafeteria,2,71,6.069685507693888,66,0,0,219.63706531959906
2026-06-10,Wednesday,10,Library Counter,2,70,6.695395161560861,48,1,0,236.28760634663894
2026-06-06,Saturday,17,Library Counter,2,3,5.9692727620985675,6,0,0,10.61151634920615
2026-06-22,Monday,14,Fee Counter,1,23,6.155459461017454,8,0,0,145.97820549839824
2026-04-22,Wednesday,13,Library Counter,2,34,2.294617360482124,14,0,0,36.31996478651107
2026-02-06,Friday,13,Admin Office,1,59,5.337870987830079,44,0,1,314.22180875920657
2026-03-23,Monday,12,Library Counter,2,89,7.423432336451971,73,0,0,327.96761648212197
2026-02-19,Thursday,14,Fee Counter,1,72,1.8193120696373868,31,1,0,133.71200397912102
2026-06-10,Wednesday,16,Library Counter,5,32,5.041794869931637,27,0,0,36.73550218118196
2026-04-14,Tuesday,11,Fee Counter,1,15,5.796334249100546,10,0,0,84.16089402345614
2026-06-12,Friday,13,Admin Office,4,90,6.333270545315344,65,0,0,140.29529645622196
2026-02-17,Tuesday,15,Admin Office,1,20,5.618096982834189,12,0,0,113.96301209191303
2026-04-02,Thursday,13,Library Counter,4,91,4.872284445804107,72,0,0,109.53647882668173
2026-01-08,Thursday,13,Admin Office,3,68,1.520769800349294,44,0,0,31.63803297645281
2026-03-28,Saturday,16,Fee Counter,3,17,6.407684962138161,5,1,1,35.43400058543077
2026-05-17,Sunday,14,Library Counter,2,92,3.4549162920150915,73,0,0,157.6602111232701
2026-06-05,Friday,17,Student Service Center,2,77,1.6976280691187404,71,0,0,65.71063014355335
2026-05-01,Friday,10,Admin Office,2,83,7.043415731661424,77,0,0,290.57507076865835
2026-02-03,Tuesday,12,Cafeteria,1,83,6.616523856877346,58,0,0,546.9718263962599
2026-01-04,Sunday,13,Fee Counter,1,50,3.6908625164062943,12,1,0,186.9243157357737
2026-02-02,Monday,14,Student Service Center,5,90,6.393425509509074,54,1,0,119.80926081206391
2026-05-05,Tuesday,10,Fee Counter,5,59,2.474519183448757,59,1,1,30.56392113865889
2026-02-13,Friday,9,Student Service Center,2,25,3.6814396849412714,13,1,0,48.06009628643854
2026-01-30,Friday,15,Cafeteria,3,40,2.97120427164676,33,0,0,36.77509622486838
2026-04-07,Tuesday,12,Fee Counter,1,57,4.676829427025572,50,0,1,269.1948653483017
2026-01-08,Thursday,8,Cafeteria,4,4,2.094220549794665,6,0,0,1.8447237788753803
2026-05-14,Thursday,14,Student Service Center,2,37,6.806126478331651,18,0,0,127.73517825319635
2026-06-13,Saturday,15,Cafeteria,3,22,2.2278790415878773,15,0,0,14.466562009742503
2026-06-08,Monday,10,Student Service Center,4,18,4.457458518146819,19,0,0,23.106695991382143
2026-01-22,Thursday,8,Cafeteria,2,42,2.0687826273946652,42,0,0,47.53861524362738
2026-05-14,Thursday,17,Student Service Center,3,46,7.810313798376944,47,0,0,120.48165667324905
2026-01-31,Saturday,10,Cafeteria,3,12,6.82742632093614,8,0,0,31.354364828712292
2026-04-08,Wednesday,17,Library Counter,1,35,1.4870724848050532,38,0,0,53.01845194790732
2026-06-28,Sunday,8,Library Counter,1,90,6.419200500160504,73,1,0,574.9714235295916
2026-02-24,Tuesday,13,Library Counter,1,94,1.278873635866418,57,1,0,125.17864705944234
2026-01-04,Sunday,15,Cafeteria,2,41,7.787004362855908,39,0,0,159.00282518465696
2026-02-18,Wednesday,14,Cafeteria,2,64,5.513987146879886,47,0,0,178.378548149233
2026-04-07,Tuesday,15,Cafeteria,4,12,4.206102370211621,16,0,0,16.535729131320068
2026-05-05,Tuesday,16,Admin Office,3,31,4.671424313140664,23,0,0,46.367359198071924
2026-01-03,Saturday,10,Fee Counter,1,86,6.868038356978797,65,1,0,595.4989130789975
2026-02-08,Sunday,16,Library Counter,3,26,3.2470941075004354,26,0,0,29.746773435177474
2026-01-31,Saturday,12,Admin Office,1,44,4.568437912924587,14,1,1,199.41490793025736
2026-05-15,Friday,11,Fee Counter,4,76,5.734778905456177,72,0,0,107.36390788542691
2026-05-18,Monday,16,Fee Counter,2,65,3.0849500790027196,44,1,0,104.8592723952844
2026-03-07,Saturday,15,Student Service Center,1,19,6.805006742713599,15,0,0,132.1326225579128
2026-03-28,Saturday,14,Library Counter,5,68,2.2028418984184133,26,1,0,29.823824749703967
2026-06-10,Wednesday,11,Library Counter,3,70,5.455811420037069,72,0,0,129.81698739259244
2026-06-22,Monday,15,Admin Office,2,18,5.926968795929921,17,0,0,56.99384589190592
2026-05-31,Sunday,13,Admin Office,1,93,1.031371853278702,78,0,0,96.92744416834654
2026-02-27,Friday,12,Library Counter,3,36,4.330577704962208,20,0,0,54.19545368099531
2026-02-12,Thursday,15,Admin Office,1,73,4.0662224819412875,77,0,0,300.0420324517131
2026-01-11,Sunday,11,Library Counter,4,24,6.667069115899003,17,0,0,44.671283095749374
2026-06-06,Saturday,11,Library Counter,1,59,2.0668484402651695,58,0,0,120.04872722846106
2026-03-26,Thursday,14,Cafeteria,1,69,7.913170421592967,59,0,1,545.9884946725201
2026-03-19,Thursday,11,Library Counter,3,12,6.044692262743924,14,0,0,24.554013500730264
2026-03-02,Monday,11,Admin Office,3,38,5.073788652582699,39,0,0,64.81767644113276
2026-05-03,Sunday,17,Library Counter,1,44,1.5295127646014475,40,0,0,68.00120690005414
2026-06-09,Tuesday,10,Fee Counter,5,50,3.346516793782058,42,0,0,31.228869367419207
2026-06-28,Sunday,11,Student Service Center,1,45,2.4467105645235305,44,0,0,109.82462747107252
2026-06-25,Thursday,16,Library Counter,1,41,6.6617616998795635,44,0,0,274.69832797307396
2026-05-28,Thursday,16,Student Service Center,3,57,1.36436678857115,56,0,0,23.228197830334864
2026-03-06,Friday,8,Admin Office,4,47,1.5511335778443716,44,0,0,20.666310705655015
2026-03-04,Wednesday,16,Fee Counter,5,58,1.5796299230018205,55,0,0,21.94546508914918
2026-05-18,Monday,14,Cafeteria,1,74,3.6640315896467492,50,0,0,274.29337080556485
2026-03-02,Monday,10,Fee Counter,5,49,3.432204254050158,43,0,0,35.66334448798595
2026-04-15,Wednesday,9,Library Counter,3,27,3.2579146564328783,29,0,0,29.716703018756537
2026-05-08,Friday,17,Student Service Center,5,76,2.1773354909977822,60,1,0,31.24624085474916
2026-06-26,Friday,12,Cafeteria,3,104,1.8002617988338765,70,1,0,65.33151401895557
2026-05-05,Tuesday,13,Admin Office,1,39,6.96317742901892,20,0,0,273.5714006454935
2026-04-11,Saturday,13,Cafeteria,3,115,3.733609883790758,74,1,0,144.3142917840327
2026-02-19,Thursday,9,Student Service Center,4,57,1.5136881165640599,56,0,0,21.811861924472524
2026-02-26,Thursday,8,Cafeteria,5,28,6.009716437987376,23,0,0,33.78003245823418
2026-06-03,Wednesday,10,Fee Counter,2,31,1.229848003587143,7,1,0,19.809920415795588
2026-03-03,Tuesday,14,Library Counter,1,25,1.724046166541336,15,0,1,41.950365104034816
2026-04-02,Thursday,8,Library Counter,3,31,7.593373813960359,26,1,1,82.48077339204893
2026-03-18,Wednesday,13,Fee Counter,5,40,6.030211639894994,15,0,0,48.76456669856952
2026-01-17,Saturday,8,Library Counter,5,49,3.289697657800555,41,0,0,31.87153958165271
2026-05-15,Friday,13,Admin Office,3,96,5.579178183943526,74,0,0,177.9956980190554
2026-01-01,Thursday,9,Student Service Center,1,75,4.489984518744887,54,1,0,338.01545364789
2026-01-06,Tuesday,15,Cafeteria,5,80,3.4309406441338894,62,1,0,53.391326991683485
2026-05-20,Wednesday,10,Cafeteria,1,62,5.895596697676838,64,0,0,365.2598133434283
2026-05-30,Saturday,15,Cafeteria,5,74,4.2377378976481035,66,0,0,63.070047621832956
2026-01-17,Saturday,10,Admin Office,1,13,7.963275816433801,8,0,0,107.07569471565246
2026-04-02,Thursday,10,Fee Counter,2,36,1.7169170237443128,28,0,0,30.323120293580775
2026-03-14,Saturday,8,Library Counter,2,85,4.751551951903499,64,1,0,206.02278982958808
2026-06-04,Thursday,17,Fee Counter,5,30,3.424795238339966,33,0,0,20.503412780596953
2026-03-17,Tuesday,10,Student Service Center,2,65,5.572805716387068,63,0,0,180.62880479393846
2026-02-07,Saturday,14,Student Service Center,5,64,3.862905526136841,43,0,0,52.03913261651535
2026-05-22,Friday,8,Student Service Center,2,14,3.339843623454464,14,0,0,27.428901590762095
2026-03-31,Tuesday,12,Cafeteria,4,45,5.791811031219268,20,0,0,63.89511676914528
2026-06-21,Sunday,17,Cafeteria,1,93,4.769331836638942,74,1,0,441.7149747792879
2026-03-21,Saturday,11,Library Counter,2,79,6.5421302509975705,72,0,0,256.7801813223736
2026-06-22,Monday,17,Admin Office,4,83,5.779268041379714,79,0,0,119.37940861831987
2026-05-22,Friday,14,Library Counter,4,60,2.1046061391796607,43,0,0,31.706211488624106
2026-04-21,Tuesday,12,Student Service Center,4,100,5.010206208259345,76,0,0,126.92996654234052
2026-03-14,Saturday,13,Student Service Center,1,103,6.653634543658822,79,0,0,690.0561856379081
2026-04-17,Friday,15,Student Service Center,2,41,2.3299755644159914,36,0,0,47.5120533368799
2026-01-29,Thursday,17,Admin Office,1,68,4.642424358101019,50,1,0,320.1306627072325
2026-04-04,Saturday,9,Student Service Center,2,73,4.7900413362689145,70,0,0,171.98423601296128
2026-05-16,Saturday,14,Admin Office,2,64,3.9920174981215,25,1,0,125.65174655864728
2026-05-16,Saturday,12,Library Counter,3,73,4.07874516483271,48,0,0,102.42460284819798
2026-05-06,Wednesday,17,Cafeteria,5,69,1.1217212004780373,61,0,0,15.721209397004603
2026-03-24,Tuesday,14,Library Counter,5,98,2.57198033493726,70,0,0,51.70903733715788
2026-03-04,Wednesday,14,Fee Counter,1,46,7.555382736119525,21,0,0,352.225622696701
2026-05-11,Monday,10,Student Service Center,1,1,7.600688183149333,6,0,0,11.719064827888449
2026-03-22,Sunday,12,Cafeteria,3,77,2.315887104532237,56,0,0,60.767978980261375
2026-01-21,Wednesday,16,Admin Office,1,69,1.4982375920457374,63,0,0,104.84003194640924
2026-05-18,Monday,14,Student Service Center,5,43,4.5086833419774734,18,0,0,37.68809109986528
2026-04-14,Tuesday,14,Fee Counter,4,50,3.346734849902318,32,0,0,38.84474457565361
2026-01-16,Friday,12,Cafeteria,4,48,3.078242805796002,26,0,0,41.390880816664406
2026-04-08,Wednesday,9,Student Service Center,4,88,6.321439371704122,79,0,0,137.4703615012204
2026-01-03,Saturday,15,Cafeteria,4,65,3.551506751841547,58,0,0,62.62206796457923
2026-02-16,Monday,16,Library Counter,2,57,4.5282660534013015,58,0,0,131.52320446930548
2026-02-10,Tuesday,8,Library Counter,5,19,1.2998612483229888,22,0,0,7.345800452651238
2026-03-12,Thursday,10,Fee Counter,1,38,2.395383739838008,43,0,0,94.60371085741457
2026-01-20,Tuesday,17,Fee Counter,1,21,4.26644058965131,8,1,0,89.95396264151813
2026-03-20,Friday,17,Fee Counter,4,26,4.275247696924175,13,1,1,25.531985813555302
2026-04-06,Monday,10,Fee Counter,2,28,3.7617744576969785,28,0,0,50.218065133179806
2026-04-10,Friday,8,Library Counter,2,33,1.485213829599218,34,0,0,23.566569993583233
2026-03-20,Friday,14,Admin Office,5,72,3.5465023611933995,57,0,0,53.95806611704727
2026-04-18,Saturday,15,Student Service Center,4,69,5.073722478134347,79,0,1,91.79369670279998
2026-03-19,Thursday,9,Student Service Center,3,39,3.5680787600036057,25,1,0,49.47167212020248
2026-02-24,Tuesday,8,Fee Counter,1,63,3.1044235000717286,62,0,0,197.14949303017445
2026-03-09,Monday,14,Student Service Center,5,95,4.755158792295631,54,1,0,90.56283576236733
2026-03-24,Tuesday,15,Cafeteria,5,42,6.897164532690594,37,0,0,56.93937658552611
2026-04-21,Tuesday,8,Student Service Center,2,32,2.0195646374504954,17,1,0,31.971731640970503
2026-03-27,Friday,12,Library Counter,4,61,6.383162671478535,36,0,0,99.68527894163594
2026-05-09,Saturday,10,Fee Counter,3,43,1.3586767880249728,39,0,0,21.93806004336113
2026-01-24,Saturday,13,Student Service Center,5,68,2.796387627406595,36,1,0,40.39959312869704
2026-06-26,Friday,8,Library Counter,3,32,1.2249160628115177,19,1,0,15.751274373126575
2026-06-26,Friday,8,Cafeteria,1,30,7.472532349914094,35,0,0,222.00474769740268
2026-06-29,Monday,15,Cafeteria,2,76,3.8423073636938687,73,0,0,148.42668259420444
2026-03-15,Sunday,14,Cafeteria,3,60,3.9039357886687616,37,0,0,79.35599230736791
2026-05-19,Tuesday,10,Cafeteria,2,65,5.638082850617642,70,0,0,186.3653580155175
2026-05-14,Thursday,14,Fee Counter,3,57,2.2065334111976247,39,0,0,39.178579062625595
2026-05-24,Sunday,10,Admin Office,1,13,5.061203089939126,11,0,0,64.33973724109578
2026-03-29,Sunday,17,Student Service Center,1,73,4.521493744690133,75,0,0,327.68756085744093
2026-02-13,Friday,14,Admin Office,4,54,5.689484395129261,41,0,1,77.56715859857654
2026-04-22,Wednesday,11,Admin Office,4,46,3.399182895121921,22,1,0,37.89843037114356
2026-02-04,Wednesday,13,Admin Office,5,62,4.913429014356762,36,0,0,63.282508390429406
2026-03-27,Friday,14,Student Service Center,1,34,1.489608070970419,7,0,0,50.9995151032879
2026-06-13,Saturday,8,Library Counter,2,39,3.924546328887793,33,0,0,80.44157978288304
2026-04-27,Monday,16,Student Service Center,5,70,3.477095204137654,62,0,0,47.4658532361192
2026-06-29,Monday,9,Admin Office,3,37,4.486843614981037,36,0,0,59.519084686903994
2026-05-16,Saturday,10,Admin Office,5,83,7.5362093875946945,79,0,0,128.42092822857333
2026-04-18,Saturday,8,Cafeteria,3,16,1.4174628225606314,16,0,0,7.547978549759864
2026-02-06,Friday,13,Cafeteria,2,89,4.011599523814574,45,1,0,178.77208352006957
2026-02-22,Sunday,13,Student Service Center,5,66,1.331449841287876,49,0,0,16.142967684933303
2026-02-19,Thursday,16,Library Counter,1,67,6.634916392419457,43,1,0,448.9503529888971
2026-02-28,Saturday,12,Fee Counter,1,85,2.4719795488910057,62,0,0,207.82031010189547
2026-05-05,Tuesday,9,Cafeteria,3,54,2.7009831500258086,34,1,0,47.60609118647399
2026-03-30,Monday,10,Student Service Center,4,56,1.1196546408424877,58,0,0,15.935508475268557
2026-01-29,Thursday,11,Student Service Center,1,74,1.6196333679414732,71,0,0,124.11810077348905
2026-04-26,Sunday,8,Student Service Center,2,23,2.347327557825438,14,0,0,26.108345937789778
2026-01-20,Tuesday,16,Cafeteria,2,27,4.817122416560302,20,0,0,65.4155717779002
2026-02-12,Thursday,14,Student Service Center,4,73,5.043605972462049,46,0,0,92.55507847268922
2026-03-10,Tuesday,12,Student Service Center,3,47,3.9594763839592275,19,0,0,59.558118618159305
2026-05-01,Friday,17,Cafeteria,3,41,2.3768050388880297,42,0,0,35.54577254159617
2026-06-23,Tuesday,9,Admin Office,3,17,1.8986067897279666,30,0,1,11.750619850008569
2026-03-25,Wednesday,12,Admin Office,1,73,6.566107769008024,47,0,0,479.6008521530111
2026-01-20,Tuesday,10,Library Counter,2,28,5.554023537765423,32,0,0,77.60544282483566
2026-01-10,Saturday,12,Admin Office,2,35,4.755012777526445,15,1,1,86.14946434717874
2026-05-09,Saturday,12,Cafeteria,1,76,7.259979030785747,58,0,0,555.5324564756771
2026-05-23,Saturday,11,Fee Counter,5,46,7.926836835064139,51,0,1,73.75756140924354
2026-02-10,Tuesday,8,Student Service Center,1,58,1.4737147566058835,62,0,0,90.42257491305378
2026-05-24,Sunday,10,Library Counter,2,58,2.632031125326606,55,0,0,79.38734739715058
2026-01-25,Sunday,14,Cafeteria,4,37,4.873747081608347,22,0,0,47.23646575709944
2026-05-20,Wednesday,16,Admin Office,2,77,4.676230529539568,77,0,0,183.7127790254891
2026-03-08,Sunday,16,Student Service Center,4,40,2.064814821061878,39,0,0,18.7832294851181
2026-06-24,Wednesday,14,Admin Office,3,66,5.687628131430137,46,0,0,123.23024279291315
2026-06-01,Monday,13,Cafeteria,4,64,5.71618401970489,27,1,0,93.03450721453426
2026-05-09,Saturday,15,Library Counter,1,73,2.032903479841395,55,1,0,149.19038469679975
2026-02-17,Tuesday,12,Cafeteria,1,104,2.4035666648562124,71,1,0,254.08203666229795
2026-01-28,Wednesday,16,Cafeteria,3,43,3.61464292768253,26,1,0,53.864999341064426
2026-06-06,Saturday,12,Admin Office,2,105,6.615549232799112,66,1,0,348.55219778098854
2026-05-30,Saturday,14,Library Counter,1,61,6.137166812916194,37,0,0,373.64441873583655
2026-05-08,Friday,13,Library Counter,1,34,6.270640197641775,12,0,0,211.41362362406
2026-02-05,Thursday,13,Cafeteria,2,82,5.965735216757901,54,0,0,249.07549745819978
2026-02-28,Saturday,15,Fee Counter,4,65,7.162084021929787,53,1,0,113.91965548534763
2026-01-21,Wednesday,16,Cafeteria,3,69,7.036136656036694,61,0,0,160.0922313755078
2026-06-15,Monday,11,Student Service Center,1,65,1.0785462298422375,71,0,1,68.71702597912436
2026-01-10,Saturday,15,Cafeteria,2,25,2.327533410136756,22,0,0,27.919146853272075
2026-01-04,Sunday,11,Fee Counter,1,60,6.254181537551249,61,0,1,380.01841452245856
2026-04-05,Sunday,9,Cafeteria,1,33,5.295945372947037,14,1,0,172.3222596793738
2026-04-23,Thursday,9,Library Counter,4,20,4.421591194288687,17,0,0,19.82220458167663
2026-06-27,Saturday,16,Cafeteria,2,66,4.767529036126062,64,0,0,161.6826758816219
2026-05-11,Monday,16,Student Service Center,1,67,4.218558092924029,66,0,0,281.1935425850398
2026-05-05,Tuesday,12,Student Service Center,1,99,7.202355881330532,71,0,0,712.951144487241
2026-05-26,Tuesday,8,Library Counter,1,77,5.477511093551092,59,1,0,419.0461371481833
2026-04-23,Thursday,13,Fee Counter,2,79,1.0454266497089804,54,0,0,46.21213578723518
2026-03-08,Sunday,12,Admin Office,3,96,4.692052594504596,67,0,0,151.26210775481732
2026-02-16,Monday,14,Fee Counter,1,88,2.061779938566739,68,0,0,182.8098309963002
2026-01-07,Wednesday,13,Admin Office,5,54,5.695080180551063,39,0,0,63.65593625490844
2026-03-11,Wednesday,14,Student Service Center,1,95,6.633159453368584,69,0,0,634.4999380646861
2026-03-09,Monday,14,Fee Counter,5,39,7.501840091276548,11,0,0,60.24502401244306
2026-05-18,Monday,11,Library Counter,1,58,4.993869984649805,42,1,0,293.67114395678936
2026-01-13,Tuesday,9,Cafeteria,4,26,7.377458704917094,22,0,0,48.141421536145806
2026-03-30,Monday,13,Fee Counter,1,45,1.222892211836685,21,0,0,57.28450156969108
2026-05-22,Friday,16,Student Service Center,1,1,6.228325587488663,5,0,0,4.840541610834602
2026-06-28,Sunday,17,Library Counter,2,62,6.487418501925839,60,0,0,203.5969532015525
2026-06-16,Tuesday,12,Cafeteria,2,69,4.824166999655093,53,0,1,169.05487720015418
2026-06-28,Sunday,16,Admin Office,4,54,6.028031917371701,41,1,0,81.0734866003306
2026-05-27,Wednesday,13,Student Service Center,4,75,3.850724920834494,41,1,0,69.4095553535315
2026-06-21,Sunday,13,Library Counter,2,50,7.281372758981381,32,0,0,181.34198577787956
2026-02-18,Wednesday,10,Cafeteria,2,26,1.261230645025451,29,0,0,19.546054197581864
2026-02-08,Sunday,9,Library Counter,1,3,4.373357900288777,5,0,1,12.45580938607328
2026-01-22,Thursday,15,Admin Office,1,30,5.356039630863491,34,0,0,161.37903665316716
2026-02-20,Friday,11,Library Counter,1,12,6.691608748796737,13,0,0,79.7401785072575
2026-06-02,Tuesday,9,Admin Office,5,72,2.137153694912654,63,0,0,35.66144458853093
2026-02-08,Sunday,10,Cafeteria,3,44,5.574795026945738,38,0,0,81.09146444119509
2026-04-22,Wednesday,15,Admin Office,3,30,5.8826532202565245,25,0,0,56.40919403448515
2026-02-27,Friday,13,Admin Office,3,62,7.56594446708806,47,0,1,155.22451792293086
2026-02-16,Monday,12,Fee Counter,4,80,6.304684223244812,65,0,0,125.98721095529827
2026-06-11,Thursday,17,Library Counter,1,99,6.288231991687723,75,1,0,624.1315024063649
2026-02-15,Sunday,15,Fee Counter,2,64,4.324498471198694,59,0,0,140.1862746201859
2026-04-11,Saturday,13,Student Service Center,2,84,5.988628579527221,66,0,1,255.86476534902874
2026-04-14,Tuesday,12,Cafeteria,4,76,3.9170338048113433,53,0,0,76.36742666619398
2026-05-16,Saturday,10,Library Counter,1,60,1.8192903788191046,40,1,0,106.28589331058718
2026-02-23,Monday,8,Admin Office,1,19,5.4238746508831435,11,0,0,104.97993675862072
2026-05-13,Wednesday,11,Admin Office,2,29,5.533617099482063,28,0,0,84.57203427867726
2026-06-25,Thursday,14,Student Service Center,2,98,3.752985689949537,75,0,0,186.6684113222906
2026-05-17,Sunday,14,Library Counter,2,35,2.9960940211917935,6,0,0,56.912340488032925
2026-05-01,Friday,10,Library Counter,2,46,5.3341156090414055,24,1,0,126.25140831658183
2026-01-06,Tuesday,9,Fee Counter,4,44,5.258083296193278,22,1,0,60.5617419581277
2026-06-26,Friday,8,Admin Office,1,25,5.551093545169458,29,0,0,142.67076251879251
2026-03-28,Saturday,12,Fee Counter,3,109,2.2731648870611116,73,1,0,80.94834556978608
2026-05-12,Tuesday,17,Fee Counter,1,80,5.426258521609749,71,0,0,433.8794420723001
2026-03-28,Saturday,10,Fee Counter,5,15,1.2282124043601328,7,0,0,2.9141960475030033
2026-05-04,Monday,17,Student Service Center,1,33,1.9713197576985944,35,0,0,62.97562583626191
2026-01-24,Saturday,10,Cafeteria,2,39,4.946023756833324,44,0,0,94.06240008530386
2026-03-01,Sunday,9,Student Service Center,2,72,4.208793748615701,74,0,1,149.82235163772205
2026-02-23,Monday,17,Fee Counter,2,56,7.196978973098091,49,0,0,204.89439739694237
2026-04-13,Monday,8,Library Counter,4,75,2.144191008337358,67,0,0,39.94701828151093
2026-06-23,Tuesday,15,Student Service Center,5,40,1.287464616226281,34,0,0,7.87202750493326
2026-06-05,Friday,17,Admin Office,2,69,1.9143677680850426,62,0,0,70.51732105329587
2026-03-12,Thursday,8,Fee Counter,1,58,5.091440795765586,40,1,0,294.93210550254094
2026-01-06,Tuesday,14,Student Service Center,4,66,2.6668544999942467,49,0,0,44.393962403259245
2026-03-04,Wednesday,12,Student Service Center,1,89,3.288151528357237,49,1,0,296.7523954862042
2026-03-08,Sunday,8,Cafeteria,5,64,5.930039816671524,61,0,0,78.84228433758919
2026-01-16,Friday,12,Student Service Center,3,62,2.6626612929364817,42,0,0,57.461355286560945
2026-04-20,Monday,12,Student Service Center,4,23,1.589193055921427,7,0,0,7.831226687584231
2026-03-09,Monday,9,Fee Counter,4,25,2.331246948667948,6,1,0,13.342211229335813
2026-04-11,Saturday,14,Cafeteria,4,38,3.709916252905992,20,0,0,32.51915004981771
2026-04-18,Saturday,14,Admin Office,5,46,5.30533213998506,26,0,0,52.60299460224927
2026-05-25,Monday,12,Cafeteria,5,88,3.2378698066637535,67,0,0,59.9399974551348
2026-05-22,Friday,10,Cafeteria,5,65,1.0531399132173989,46,1,0,15.272183537355152
2026-03-08,Sunday,16,Student Service Center,3,22,6.077456103302955,8,1,1,45.812196155140825
2026-01-31,Saturday,12,Admin Office,3,73,3.7400521415599894,50,0,0,95.92730737482593
2026-02-15,Sunday,8,Cafeteria,5,54,5.8746309490939606,43,1,0,61.32955926574398
2026-02-25,Wednesday,13,Cafeteria,3,67,2.7742839887002573,42,0,0,65.96460406451294
2026-02-23,Monday,9,Fee Counter,4,7,5.091289521512291,11,0,0,9.034253482062763
2026-02-03,Tuesday,10,Cafeteria,5,21,7.455398066849797,12,0,0,29.526324804800335
2026-05-28,Thursday,14,Fee Counter,2,27,6.887193464301882,5,0,0,96.07161654308231
2026-05-05,Tuesday,16,Library Counter,2,31,6.88019915558471,36,0,0,111.36660339257719
2026-06-27,Saturday,16,Cafeteria,2,33,1.4421741163212176,27,0,0,22.937886243616425
2026-05-27,Wednesday,9,Admin Office,3,80,1.53475321756714,63,1,0,44.15449918777854
2026-02-11,Wednesday,11,Cafeteria,4,36,6.297458648849762,37,0,0,60.37264270597626
2026-01-29,Thursday,9,Student Service Center,5,50,7.082805155448015,51,0,1,72.1613888252727
2026-06-03,Wednesday,10,Cafeteria,5,8,5.5182789786271735,7,0,0,6.187425345948238
2026-06-17,Wednesday,14,Cafeteria,1,60,1.325141721000331,36,0,0,77.77683554475273
2026-02-05,Thursday,17,Library Counter,4,73,7.559382434960427,65,0,0,137.68621648054136
2026-03-28,Saturday,16,Fee Counter,1,58,5.941527774162444,56,0,0,346.0331957603595
2026-02-23,Monday,8,Student Service Center,2,50,7.353029927742865,55,0,0,181.28137113193708
2026-04-20,Monday,17,Admin Office,1,20,7.258753188785633,21,0,0,149.89170526212587
2026-05-16,Saturday,13,Admin Office,1,61,2.096069633252747,38,0,0,126.35072456843717
2026-02-06,Friday,9,Fee Counter,4,9,4.0287007374238595,9,0,0,12.28778861509998
2026-04-20,Monday,11,Fee Counter,4,82,4.333629694620137,77,0,0,93.74159539680979
2026-02-27,Friday,17,Student Service Center,5,69,7.981244281478394,62,0,0,109.39860024959572
2026-04-22,Wednesday,11,Fee Counter,2,60,4.147631641790458,56,0,0,123.67238814630235
2026-02-21,Saturday,12,Student Service Center,3,69,4.915814811287686,45,0,0,110.42995137504658
2026-04-01,Wednesday,16,Fee Counter,2,74,3.4405113484900234,79,0,0,128.96884169632463
2026-05-15,Friday,9,Fee Counter,1,43,2.6167410301043725,46,0,0,112.71331041439915
2026-02-10,Tuesday,12,Fee Counter,1,38,1.276272941520347,12,0,0,50.320021933022765
2026-06-25,Thursday,11,Cafeteria,5,43,3.3976645515673374,28,1,0,33.844509721255605
2026-01-26,Monday,10,Admin Office,4,43,6.786548428248413,42,0,0,72.2870457746574
2026-01-31,Saturday,17,Fee Counter,2,36,1.4201525831178952,22,1,1,27.87885395998026
2026-02-06,Friday,15,Fee Counter,1,52,3.882351851584642,32,1,0,199.6574335717147
2026-03-23,Monday,8,Fee Counter,1,74,3.201899812179395,77,0,0,239.00720316019587
2026-06-09,Tuesday,11,Cafeteria,2,44,5.773982130965135,57,0,1,126.72740444152636
2026-05-14,Thursday,9,Cafeteria,3,74,2.4837136318058146,70,0,0,62.52121374587722
2026-04-19,Sunday,15,Fee Counter,3,23,5.5274247275735275,6,1,0,47.319219057505734
2026-03-16,Monday,11,Library Counter,1,47,2.6176753477031833,41,0,0,127.25829091437704
2026-05-12,Tuesday,17,Cafeteria,3,63,5.417099354531718,55,0,0,113.84592945893996
2026-05-31,Sunday,16,Fee Counter,5,53,3.5800368568669634,52,0,0,38.26997179592509
2026-06-16,Tuesday,10,Cafeteria,5,63,5.16148856024831,54,0,0,69.10561396792838
2026-02-02,Monday,11,Fee Counter,1,90,4.12770827893478,74,1,0,375.40651249693514
2026-05-29,Friday,13,Cafeteria,2,32,5.208137763977469,9,0,0,82.74761807494076
2026-03-07,Saturday,12,Library Counter,1,95,7.898516041457849,67,0,0,751.0881610229782
2026-06-22,Monday,11,Fee Counter,5,53,4.546190873284216,53,0,0,52.31335331780782
2026-03-17,Tuesday,15,Fee Counter,4,81,2.8234130534014437,75,0,0,61.03453934817854
2026-03-23,Monday,9,Student Service Center,1,52,1.0241230064380877,39,1,0,52.89584452000361
2026-06-28,Sunday,17,Cafeteria,5,14,7.405988653784907,15,0,0,19.639333408809676
2026-06-02,Tuesday,12,Library Counter,2,97,3.476571898282336,79,0,0,170.72231896833836
2026-01-06,Tuesday,17,Student Service Center,1,58,2.9707457782148223,60,0,0,176.57200383979068
2026-02-24,Tuesday,17,Fee Counter,5,60,4.703864773145483,51,0,0,56.36293853553981
2026-01-22,Thursday,15,Cafeteria,1,59,3.612784713115328,54,0,0,214.20056447476478
2026-02-07,Saturday,8,Library Counter,4,44,2.8045836351488815,35,0,0,29.811195326866788
2026-05-30,Saturday,11,Cafeteria,3,11,3.8464453893613673,5,0,0,17.368172855597145
2026-04-24,Friday,16,Student Service Center,4,82,6.078539795642329,78,0,0,129.01280829682867
2026-06-14,Sunday,11,Fee Counter,2,39,1.479123784503371,32,0,0,29.42291597800497
2026-02-21,Saturday,10,Library Counter,1,82,2.0931547129129813,73,0,0,176.00221475073343
2026-04-26,Sunday,15,Admin Office,4,9,2.187368651221007,7,0,0,7.50044399991743
2026-05-19,Tuesday,15,Student Service Center,4,56,3.802276283294519,50,0,0,50.89377744413012
2026-03-23,Monday,15,Admin Office,3,60,4.392116582383326,55,0,0,92.25418045335775
2026-04-18,Saturday,10,Library Counter,4,57,7.763933763281772,52,0,0,111.71905937979615
2026-01-12,Monday,11,Library Counter,5,14,7.675223574255561,29,0,1,23.694492807873072
2026-03-26,Thursday,16,Admin Office,2,49,2.673179457625684,50,0,0,65.44501430659682
2026-05-28,Thursday,9,Cafeteria,4,31,4.432872527957636,22,0,0,38.33529423853539
2026-02-07,Saturday,13,Cafeteria,2,65,4.816335803632075,47,0,0,157.96655544097555
2026-02-13,Friday,13,Library Counter,3,82,6.656692863454583,45,1,0,185.634202451042
2026-06-07,Sunday,14,Admin Office,3,67,6.3098865992675375,43,0,0,142.28995648068204
2026-01-30,Friday,11,Student Service Center,2,53,2.118498934794993,45,0,0,56.20452857541341
2026-06-14,Sunday,14,Student Service Center,3,43,4.57844720327943,15,0,0,64.17004579272665
2026-05-19,Tuesday,17,Library Counter,1,38,3.7690747834126768,26,1,0,148.19936157824932
2026-02-07,Saturday,8,Admin Office,1,36,1.3370555242124065,45,0,1,49.17368622318397
2026-03-27,Friday,14,Admin Office,5,106,2.140412733357035,63,1,0,44.54383838738014
2026-03-22,Sunday,12,Library Counter,4,86,5.564797850366237,45,1,0,117.06542058699964
2026-04-09,Thursday,10,Student Service Center,1,67,5.787862327921326,67,0,0,392.49392299768766
2026-03-21,Saturday,17,Library Counter,1,73,4.662526139771046,79,0,1,340.1338906649955
2026-02-13,Friday,11,Library Counter,2,35,7.653095638630723,30,0,0,135.57835699582375
2026-02-14,Saturday,14,Library Counter,3,96,4.442557860438598,58,1,0,145.02807790097634
2026-04-10,Friday,11,Library Counter,4,11,7.676385773489789,14,0,0,21.43718258279448
2026-02-23,Monday,8,Cafeteria,2,84,2.1703799062769544,68,1,0,91.96781069394105
2026-06-02,Tuesday,8,Library Counter,1,34,2.77365016400566,20,1,0,98.43650597149541
2026-04-05,Sunday,15,Library Counter,5,32,1.0415344772223953,14,1,0,5.389829900893454
2026-03-04,Wednesday,10,Admin Office,2,64,2.104042219582748,47,1,0,69.35034863403237
2026-05-10,Sunday,17,Fee Counter,3,11,5.327066031816901,20,0,1,19.265503949733983
2026-06-11,Thursday,15,Cafeteria,4,20,2.882123945390604,22,0,0,13.360775671614839
2026-03-16,Monday,11,Library Counter,1,29,6.478345523539065,32,0,0,190.18250102463512
2026-05-01,Friday,15,Admin Office,1,6,2.45796951037556,7,0,0,16.616379765162563
2026-04-16,Thursday,13,Fee Counter,2,62,3.298501466290438,33,0,0,103.19966092784443
2026-06-13,Saturday,10,Cafeteria,2,42,3.199171889543745,37,0,0,67.17631204633112
2026-03-04,Wednesday,17,Student Service Center,4,50,1.3341365277512924,42,0,0,19.99177028240019
2026-05-30,Saturday,16,Fee Counter,4,31,7.014273230774733,31,0,0,58.6964847159554
2026-01-13,Tuesday,17,Admin Office,2,71,1.5280314872244691,72,0,1,57.92846183426226
2026-06-27,Saturday,17,Fee Counter,5,79,3.6092690404702115,74,0,0,59.98586064099322
2026-01-23,Friday,14,Student Service Center,2,71,7.4548427285834595,36,1,0,263.0638494141398
2026-01-17,Saturday,13,Cafeteria,2,24,4.950388175112055,5,0,0,63.25246498450581
2026-04-17,Friday,10,Cafeteria,2,63,7.745782905823515,60,1,1,244.19464872728963
2026-05-11,Monday,14,Cafeteria,2,70,3.5397402132993205,50,0,0,125.79576823312094
2026-06-12,Friday,8,Fee Counter,4,67,5.941034426273793,65,0,0,99.20003582851527
2026-06-06,Saturday,14,Admin Office,4,94,6.796759564878152,79,0,0,163.05617782530217
2026-03-01,Sunday,16,Student Service Center,4,47,1.4946773321565492,55,0,1,20.016723622538215
2026-02-27,Friday,13,Student Service Center,5,41,1.4357060831114665,21,0,0,12.947773663633201
2026-02-18,Wednesday,13,Student Service Center,4,38,1.5540403466480934,12,0,0,16.462220342260803
2026-03-21,Saturday,17,Fee Counter,4,86,6.869517677265459,66,1,0,150.473159479559
2026-04-09,Thursday,14,Fee Counter,5,95,1.1730006557193833,71,0,0,26.511950721645373
2026-01-28,Wednesday,14,Student Service Center,1,84,5.859728736307046,62,0,0,495.87252035035954
2026-01-14,Wednesday,14,Cafeteria,3,34,4.122400579651087,14,0,0,46.217275229968976
2026-03-05,Thursday,9,Admin Office,1,60,4.901183803888164,59,0,0,291.6323237229778
2026-04-13,Monday,9,Library Counter,3,71,2.5911168506696667,62,0,0,60.35689903984218
2026-05-20,Wednesday,14,Library Counter,4,99,7.808969814929704,73,0,0,194.75354335338406
2026-01-26,Monday,14,Fee Counter,2,75,6.8104576053704555,46,0,0,258.0251390352515
2026-05-16,Saturday,9,Cafeteria,5,96,4.14361570018004,76,1,0,79.40406447279807
2026-03-30,Monday,8,Student Service Center,5,97,7.669361280073331,75,1,0,151.10224425749493
2026-04-01,Wednesday,17,Library Counter,2,30,5.343275812499777,15,1,0,83.50657373494637
2026-03-28,Saturday,14,Admin Office,1,37,2.6516625243616874,30,0,1,96.45968361004226
2026-06-15,Monday,9,Library Counter,1,85,2.3617098243003722,77,0,0,201.3246266998276
2026-06-11,Thursday,12,Fee Counter,2,101,5.323466353804815,69,1,0,272.3955638234901
2026-03-19,Thursday,16,Student Service Center,5,56,4.669656595942122,54,0,0,51.48269050465913
2026-02-03,Tuesday,10,Library Counter,5,46,2.5639912172476844,39,0,0,23.066080799399973
2026-03-01,Sunday,15,Fee Counter,4,7,5.876995202471198,7,0,0,14.783458109322197
2026-02-28,Saturday,16,Student Service Center,3,58,6.955114792102261,62,0,0,133.8224990447896
2026-06-05,Friday,9,Admin Office,5,75,4.299063799733217,75,1,1,65.87261298423661
2026-01-21,Wednesday,8,Fee Counter,4,40,2.4887468960678962,52,0,1,26.383270875188956
2026-02-12,Thursday,9,Cafeteria,4,68,7.529684104791798,57,1,0,130.72594765776805
2026-03-19,Thursday,10,Cafeteria,1,102,3.2359546909994314,78,1,0,327.81341744022495
2026-04-30,Thursday,14,Fee Counter,3,94,1.761570924666684,74,0,0,57.01355668687506
2026-01-05,Monday,12,Admin Office,2,72,6.492362986389916,32,1,0,230.89899397273038
2026-02-23,Monday,9,Library Counter,3,89,2.2923904471612078,73,1,0,71.08787010948195
2026-02-01,Sunday,10,Student Service Center,1,47,1.6392935105573265,45,0,0,75.67714567859372
2026-04-15,Wednesday,11,Cafeteria,2,45,1.5418817195770513,44,0,0,33.4860171881544
2026-05-01,Friday,17,Library Counter,1,73,2.7792535197051764,65,0,0,199.88889196695908
2026-03-25,Wednesday,14,Cafeteria,1,50,3.617791814941328,9,1,0,183.80390777703792
2026-05-24,Sunday,16,Admin Office,5,71,1.1208268984806806,68,0,0,17.118712196704436
2026-03-18,Wednesday,16,Library Counter,5,7,7.0301354498304365,21,0,1,14.311449993028784
2026-06-27,Saturday,16,Student Service Center,3,24,6.9472783055775595,21,0,0,57.63990892435002
2026-04-22,Wednesday,11,Fee Counter,3,22,6.221682325327997,18,0,0,47.671167892237165
2026-04-17,Friday,9,Library Counter,1,71,4.806087143811153,67,0,0,340.43727017072143
2026-02-25,Wednesday,15,Student Service Center,5,28,5.017039417738551,28,0,0,26.274486880114672
2026-03-16,Monday,11,Fee Counter,5,29,3.0509197608382452,26,0,0,15.097062332228276
2026-01-27,Tuesday,13,Library Counter,4,50,3.1299225512085913,31,0,0,36.36449838772338
2026-04-12,Sunday,13,Library Counter,4,83,3.3381026953035797,43,1,0,72.91799357829166
2026-03-20,Friday,14,Cafeteria,2,62,7.287908651447874,34,0,0,230.69304065789905
2026-04-12,Sunday,10,Library Counter,5,48,3.7351033934678233,47,0,0,36.06187996766985
2026-06-25,Thursday,9,Library Counter,3,3,5.494095092726688,6,0,0,6.186326761047102
2026-02-23,Monday,13,Fee Counter,3,69,3.313133883330533,54,0,0,76.99845072818763
2026-05-29,Friday,8,Library Counter,4,20,2.988200677419476,20,0,0,12.149447809457941
2026-04-24,Friday,9,Student Service Center,4,39,4.666989249299759,39,0,0,46.61916249952938
2026-01-21,Wednesday,8,Fee Counter,2,12,5.862356012083335,11,0,0,35.228848844989024
2026-06-03,Wednesday,11,Admin Office,3,51,6.8885835720200745,42,0,0,115.46857379930023
2026-04-11,Saturday,10,Admin Office,3,41,6.100964739327468,44,0,1,86.46954355879919
2026-01-16,Friday,10,Student Service Center,4,15,3.187655899270145,17,0,1,10.75686077679768
2026-01-10,Saturday,10,Admin Office,3,39,2.2645061325728646,38,0,0,31.19500022233482
2026-01-14,Wednesday,14,Admin Office,3,95,4.3746640706264355,79,0,0,142.22010785340038
2026-03-09,Monday,17,Library Counter,2,36,3.2344772512109077,21,1,0,58.61448848415853
2026-04-14,Tuesday,10,Fee Counter,1,55,2.274472581020027,50,0,0,129.78289448635732
2026-02-11,Wednesday,16,Cafeteria,1,66,5.367349230005275,58,0,0,353.102477581817
2026-06-17,Wednesday,15,Admin Office,2,55,4.907345647098304,56,0,0,134.0720995870727
2026-05-31,Sunday,17,Cafeteria,5,23,1.6290054260003277,19,0,0,11.128828193092165
2026-04-04,Saturday,10,Admin Office,3,26,6.440070357606315,11,1,0,56.86135313519208
2026-03-01,Sunday,8,Cafeteria,2,78,3.6958754964345557,71,0,0,141.16753629586586
2026-03-10,Tuesday,9,Cafeteria,1,20,5.271809186331619,14,0,0,103.79615410061639
2026-05-24,Sunday,15,Fee Counter,5,53,5.325324958965037,50,0,0,59.00352818512173
2026-03-04,Wednesday,8,Admin Office,4,59,4.9754435229138565,56,0,0,74.33412937167984
2026-01-10,Saturday,14,Fee Counter,2,37,2.959507351595104,17,0,0,53.57336832991848
2026-06-09,Tuesday,8,Student Service Center,2,31,6.56465652977274,46,0,1,106.4855575451198
2026-04-03,Friday,8,Fee Counter,2,10,1.0499101415470424,5,0,0,7.7031384683978885
2026-04-20,Monday,9,Admin Office,1,22,2.6952048613309394,26,0,0,62.064539728718586
2026-03-27,Friday,15,Cafeteria,2,37,6.585836055367301,39,0,0,120.35702291410202
2026-06-26,Friday,10,Fee Counter,1,78,2.0408152629144425,72,0,0,160.07415232531875
2026-06-26,Friday,9,Cafeteria,3,33,6.42306400454421,36,0,0,73.02788586088414
2026-05-11,Monday,16,Fee Counter,4,14,2.13820285882589,9,0,0,6.324144947865792
2026-06-18,Thursday,13,Library Counter,5,76,7.453151553585443,50,0,0,111.71744723278924
2026-01-18,Sunday,10,Cafeteria,2,14,4.827855571889906,23,0,1,33.02579324392346
2026-03-31,Tuesday,11,Library Counter,3,43,2.0281031308324518,22,1,0,27.9073554415467
2026-03-23,Monday,11,Cafeteria,5,48,3.2294741928471504,44,0,0,32.223159640729435
2026-03-26,Thursday,16,Student Service Center,5,58,3.5170348087447456,55,0,0,38.91207724756262
2026-06-25,Thursday,11,Library Counter,3,34,6.450040308532868,19,1,0,72.70562876753878
2026-06-23,Tuesday,16,Library Counter,4,63,2.0179600136680786,56,0,0,33.51211025225415
2026-05-23,Saturday,11,Admin Office,2,23,6.663890577506619,8,1,0,74.34383151247086
2026-02-21,Saturday,9,Fee Counter,4,32,4.634744663094206,27,0,0,40.63630245811812
2026-01-17,Saturday,9,Admin Office,2,66,5.075142372688592,43,1,0,168.70325032870466
2026-01-12,Monday,15,Cafeteria,2,19,4.8164775517218015,20,0,0,48.11450320076223
2026-06-27,Saturday,9,Student Service Center,3,52,4.928439571692086,54,0,1,87.19507413069024
2026-05-06,Wednesday,11,Admin Office,4,57,5.502130158143392,54,0,0,78.55925664257774
2026-04-23,Thursday,8,Cafeteria,4,49,7.638546117150362,37,1,0,93.46218749168078
2026-03-01,Sunday,13,Library Counter,5,36,2.448672063640405,9,0,0,17.313433137247117
2026-03-12,Thursday,9,Admin Office,5,44,2.0777269587309837,30,1,0,20.809780390664404
2026-06-28,Sunday,11,Cafeteria,1,75,5.214346804845456,72,1,1,393.3678245142595
2026-01-03,Saturday,14,Cafeteria,2,43,5.266124850229705,13,1,0,111.21905592128427
2026-05-20,Wednesday,9,Admin Office,2,70,3.582285604644155,76,0,1,123.22493252463931
2026-05-23,Saturday,12,Student Service Center,4,22,6.5638118312302876,17,0,1,34.93551667422781
2026-03-14,Saturday,12,Cafeteria,4,44,6.4361893753768165,26,0,0,70.4161421187423
2026-01-25,Sunday,15,Cafeteria,5,56,4.326030261098177,61,0,0,48.82499209912274
2026-05-21,Thursday,10,Library Counter,1,53,6.006203668267065,49,0,0,318.2846242072243
2026-05-30,Saturday,13,Library Counter,2,98,7.491711496770844,74,0,0,365.6981567170348
2026-01-11,Sunday,16,Fee Counter,4,50,4.227068941877349,41,0,0,54.692504109231294
2026-06-14,Sunday,12,Admin Office,3,66,2.4355710890225244,50,0,0,55.18380659151901
2026-04-22,Wednesday,12,Admin Office,2,74,7.963948649432548,31,1,0,294.0852881876361
2026-04-22,Wednesday,16,Admin Office,1,18,7.4325432017734805,18,0,0,131.43437696110104
2026-03-23,Monday,17,Library Counter,3,55,5.551246881727084,69,0,1,99.78981383318627
2026-01-17,Saturday,16,Library Counter,5,53,6.674111410876812,46,0,0,72.93178915071051
2026-06-29,Monday,12,Library Counter,3,31,4.315212610462791,7,0,0,43.61316586967983
2026-06-09,Tuesday,9,Fee Counter,4,50,1.8625470844932517,44,0,0,20.759971417296416
2026-01-29,Thursday,13,Fee Counter,2,77,4.252021969281774,53,1,1,161.92021154625334
2026-06-13,Saturday,17,Student Service Center,3,27,1.7056334940799032,5,1,0,13.474891240159815
2026-01-15,Thursday,16,Library Counter,2,70,3.2867467266665855,71,0,0,113.97941280790369
2026-03-07,Saturday,16,Fee Counter,2,66,4.599648379971371,65,0,0,155.6048100098153
2026-02-02,Monday,8,Student Service Center,1,25,4.028945144740926,18,0,0,103.15920730505593
2026-05-16,Saturday,13,Fee Counter,4,48,5.679675969122796,32,0,0,71.91695675731563
2026-03-22,Sunday,16,Fee Counter,4,54,7.945677645932258,48,0,0,111.11579700464564
2026-05-15,Friday,14,Student Service Center,1,72,1.080447287434763,49,0,0,80.89892178356915
2026-01-13,Tuesday,10,Fee Counter,4,25,1.1418914397113682,23,0,0,10.283029080592232
2026-04-05,Sunday,12,Student Service Center,1,40,6.021294509286086,25,0,0,244.5241185148568
2026-05-01,Friday,10,Admin Office,5,0,4.003509372185023,5,0,0,1.0
2026-02-22,Sunday,11,Fee Counter,3,11,3.7448970287849064,11,0,0,16.522257412062395
2026-02-23,Monday,10,Cafeteria,3,83,7.800339491891917,79,0,0,220.35681153901197
2026-05-14,Thursday,9,Admin Office,1,85,2.990942267326541,78,0,0,253.3680685233244
2026-01-12,Monday,8,Student Service Center,3,48,5.391359772977239,53,0,0,90.05165230838122
2026-06-18,Thursday,8,Library Counter,5,55,7.334858836504548,55,0,0,85.30422119398851
2026-05-20,Wednesday,12,Library Counter,4,35,2.424465703782179,15,0,0,22.659387493284356
2026-04-21,Tuesday,9,Student Service Center,2,4,1.0536955950285214,7,0,1,1.0
2026-06-09,Tuesday,11,Cafeteria,1,94,7.459774752188601,75,1,0,700.1141476574621
2026-02-25,Wednesday,16,Fee Counter,2,36,7.2089040545480065,23,1,0,131.36777832115843
2026-03-26,Thursday,10,Admin Office,5,9,1.7203821983597742,6,0,0,1.0
2026-04-01,Wednesday,10,Admin Office,5,43,3.0386052976188496,41,0,0,29.5920983299633
2026-04-05,Sunday,8,Library Counter,2,19,3.268848906326238,15,0,0,28.75515115236114
2026-02-28,Saturday,15,Admin Office,1,19,5.433459361021395,33,0,1,107.38684765098222
2026-02-20,Friday,13,Fee Counter,4,57,7.518106637774356,38,0,0,107.29174758640475
2026-05-02,Saturday,12,Cafeteria,2,34,2.692700933260069,17,0,1,43.060898791453965
2026-05-28,Thursday,15,Cafeteria,2,96,1.3847051225504647,79,1,0,70.99349885249379
2026-01-25,Sunday,8,Library Counter,3,55,1.4284805489228556,54,0,0,27.104022745695502
2026-05-18,Monday,15,Admin Office,5,73,6.508717780749379,76,0,0,97.27904275003648
2026-06-24,Wednesday,11,Student Service Center,3,78,5.028086485714658,73,0,0,130.88418453126044
2026-04-13,Monday,8,Cafeteria,5,68,3.5782155393828785,70,0,0,52.7430389933031
2026-04-23,Thursday,12,Fee Counter,4,57,2.899261333522642,30,0,0,40.06017861982889
2026-06-10,Wednesday,8,Fee Counter,4,83,1.25103678918261,78,0,0,24.150110996529293
2026-03-22,Sunday,14,Library Counter,5,28,6.260651186638776,13,0,0,33.508543041311064
2026-01-24,Saturday,15,Admin Office,3,34,1.0305235233906302,29,0,0,11.245860645294247
2026-02-02,Monday,10,Library Counter,1,89,6.094779684217607,78,1,0,544.4102405792437
2026-01-25,Sunday,15,Student Service Center,2,30,6.017073478770154,33,0,0,94.26655041888665
2026-05-16,Saturday,17,Student Service Center,5,35,5.645865972386679,18,1,0,44.44715905102179
2026-03-08,Sunday,12,Fee Counter,1,73,1.4343573684480293,58,0,1,105.5158956459841
2026-06-04,Thursday,10,Admin Office,5,57,6.401485160367112,43,1,0,76.7212783215587
2026-05-22,Friday,11,Fee Counter,1,24,4.379844309811854,24,0,0,108.99407890266731
2026-04-20,Monday,17,Cafeteria,2,60,5.7178689062158545,66,0,1,175.33013619847281
2026-03-20,Friday,11,Fee Counter,4,37,6.7624695952644505,14,1,0,65.2224853605882
2026-05-07,Thursday,11,Student Service Center,3,13,1.575903234733445,14,0,0,10.965118569418049
2026-06-12,Friday,9,Fee Counter,5,0,6.8155490598735184,5,0,0,4.507731700942105
2026-01-14,Wednesday,16,Library Counter,2,65,4.388973889825616,70,0,1,142.6380591265589
2026-04-27,Monday,16,Fee Counter,4,60,3.724818503687714,63,0,1,59.31169098190004
2026-03-26,Thursday,15,Fee Counter,5,41,4.40032784384405,37,1,1,35.50990081266523
2026-06-28,Sunday,16,Student Service Center,3,49,7.286475000212976,40,0,0,122.49708447396293
2026-05-13,Wednesday,9,Fee Counter,1,38,1.5964986083123964,33,0,0,58.03909508663162
2026-02-17,Tuesday,9,Admin Office,4,78,6.772773189167018,63,1,0,129.69722430636648
2026-02-25,Wednesday,13,Student Service Center,1,43,4.621402441014492,27,0,1,197.27873760196732
2026-05-28,Thursday,12,Admin Office,2,98,3.5682696330576253,69,0,0,177.8353985943981
2026-06-27,Saturday,15,Library Counter,2,40,4.474079641481971,41,0,0,91.45168687704381
2026-02-10,Tuesday,15,Fee Counter,2,16,4.02795149487902,17,0,0,30.55506857233182
2026-06-08,Monday,12,Cafeteria,1,62,6.266407811061887,42,0,0,391.4488039021911
2026-06-16,Tuesday,12,Admin Office,4,79,3.0496899857334907,72,0,1,62.7798768660002
2026-04-23,Thursday,11,Fee Counter,2,55,3.3095101458973235,50,0,0,95.02879867833681
2026-02-23,Monday,8,Library Counter,5,33,1.892101388990861,32,0,0,13.202530388283957
2026-04-07,Tuesday,15,Library Counter,5,55,1.9070506485885579,58,0,0,18.870571602582462
2026-05-11,Monday,17,Student Service Center,3,52,1.3774167865283906,54,0,0,25.461734256397612
2026-04-25,Saturday,16,Fee Counter,5,35,1.6550973874953168,32,0,0,11.78461341675997
2026-06-04,Thursday,9,Student Service Center,1,68,7.883572922554617,68,0,0,533.286889845952
2026-01-04,Sunday,10,Student Service Center,4,70,3.508815670856716,63,0,0,58.569569052739986
2026-01-02,Friday,8,Admin Office,2,52,2.4813072914456704,47,0,0,62.89149779803354
2026-03-09,Monday,14,Cafeteria,3,53,4.355880604276091,26,0,0,77.39302555739036
2026-03-31,Tuesday,14,Student Service Center,1,93,2.6464349516841192,73,0,0,247.6084810729791
2026-03-13,Friday,11,Admin Office,2,73,6.410169709292076,74,0,0,232.72382907450103
2026-06-20,Saturday,10,Cafeteria,3,47,7.668101869221934,43,0,0,119.24647907257622
2026-06-23,Tuesday,9,Cafeteria,3,49,2.5580938601580154,49,0,0,39.10308489268004
2026-01-05,Monday,12,Cafeteria,5,115,5.409359866522071,75,1,0,125.8275368446524
2026-06-11,Thursday,13,Fee Counter,3,45,4.528497026996712,29,0,0,70.74628354155837
2026-03-09,Monday,14,Admin Office,2,53,7.542237716540773,12,1,0,203.2421031403175
2026-03-03,Tuesday,16,Student Service Center,4,55,2.673251602048643,48,0,0,35.81296035936301
2026-02-28,Saturday,13,Fee Counter,2,94,4.844235774478531,68,0,0,230.63352112589254
2026-05-25,Monday,8,Library Counter,2,51,4.27728727220137,49,0,0,112.55183852123062
2026-01-09,Friday,15,Cafeteria,5,23,4.053461349558361,26,0,0,17.695951121523144
2026-03-24,Tuesday,14,Student Service Center,2,98,4.527280388048078,71,0,0,220.08271446918337
2026-05-09,Saturday,15,Student Service Center,4,83,1.79559178346294,61,1,0,40.28649399870048
2026-05-02,Saturday,16,Cafeteria,4,51,3.1408207038288904,48,0,0,44.495909138913454
2026-04-21,Tuesday,17,Cafeteria,3,42,5.613435370777181,42,0,0,80.11228343393311
2026-06-09,Tuesday,11,Student Service Center,3,17,7.696620618969494,22,0,0,42.405448559822716
2026-01-16,Friday,13,Library Counter,1,100,5.000139960236551,74,0,0,504.9027841314967
2026-02-13,Friday,10,Fee Counter,3,4,1.5853936422595845,6,0,0,5.550094987479451
2026-05-04,Monday,8,Cafeteria,1,36,6.347688712170964,36,0,0,231.17034695028747
2026-04-19,Sunday,15,Fee Counter,3,24,3.358500708529554,21,0,0,30.227441807730276
2026-03-16,Monday,14,Fee Counter,1,90,5.247233832278715,67,0,0,472.8730501199486
2026-02-28,Saturday,13,Cafeteria,2,108,3.3030882964875286,79,0,0,178.90298887776993
2026-04-02,Thursday,9,Fee Counter,4,73,2.2959861952942484,74,0,0,40.70464746668262
2026-01-19,Monday,12,Library Counter,2,93,3.617995569179172,76,0,0,171.72007342871174
2026-03-23,Monday,16,Fee Counter,1,86,4.053869943630938,79,0,0,349.0995513952073
2026-06-11,Thursday,14,Cafeteria,3,36,7.962636092105781,11,0,0,97.82411190923699
2026-06-05,Friday,10,Admin Office,5,30,4.17624267756286,28,0,0,29.11561219793317
2026-02-01,Sunday,9,Student Service Center,4,58,7.926942972803978,59,0,0,112.86735037238864
2026-04-08,Wednesday,15,Library Counter,5,14,6.389006039752255,13,0,0,19.27494419654568
2026-03-19,Thursday,16,Student Service Center,4,62,7.345714424836426,66,0,0,117.4339126296747
2026-04-19,Sunday,13,Fee Counter,5,65,7.688366263465809,40,0,0,99.45604611481252
2026-01-19,Monday,12,Admin Office,1,61,2.547461055330517,37,0,0,156.04059370717204
2026-02-04,Wednesday,12,Fee Counter,4,39,6.459410453737869,18,1,1,67.68451352599304
2026-04-08,Wednesday,15,Fee Counter,1,75,4.063566553070956,75,0,0,308.61123171325056
2026-05-23,Saturday,17,Library Counter,1,23,7.379683263296012,26,0,0,171.1860565465043
2026-03-03,Tuesday,9,Cafeteria,3,32,1.8176862176848587,20,1,0,19.378521123290234
2026-02-10,Tuesday,14,Student Service Center,4,62,7.068604471593083,47,0,0,111.57752500375524
2026-05-06,Wednesday,13,Fee Counter,5,40,5.5936340260554225,17,0,0,48.53768586760978
2026-02-24,Tuesday,11,Student Service Center,4,58,5.679592270274752,56,0,0,85.33905431987132
2026-02-17,Tuesday,12,Fee Counter,3,104,6.1654675623519495,75,0,0,218.1398215664292
2026-02-13,Friday,9,Library Counter,4,55,1.7168918618875897,59,0,0,25.748818433338755
2026-04-22,Wednesday,12,Cafeteria,1,51,5.241362602493075,33,0,1,268.26561638281333
2026-04-01,Wednesday,14,Admin Office,2,84,4.401787532246663,63,0,0,183.17087863363466
2026-03-22,Sunday,16,Admin Office,3,54,3.170182115254657,50,0,0,60.04169610457254
2026-02-05,Thursday,17,Student Service Center,2,57,6.819633986000594,46,1,0,195.28118026946706
2026-03-02,Monday,15,Library Counter,2,68,5.975790774044105,68,0,0,206.030934615911
2026-02-04,Wednesday,12,Library Counter,4,76,2.3411646477909613,55,0,0,49.029166059986274
2026-05-10,Sunday,9,Cafeteria,3,9,2.145459762411913,14,0,0,9.651278109924633
2026-04-20,Monday,12,Cafeteria,2,27,7.762084672893238,10,0,0,109.36439425944613
2026-05-15,Friday,12,Cafeteria,3,50,1.759105324258833,33,0,0,32.113277549619234
2026-03-06,Friday,14,Library Counter,3,90,3.381942235181999,75,0,0,98.47435717022347
2026-01-07,Wednesday,9,Cafeteria,1,27,3.6989401607722403,30,0,0,99.6172257405909
2026-06-02,Tuesday,16,Library Counter,1,27,7.695845481323796,25,0,0,212.65571642927532
2026-05-04,Monday,12,Student Service Center,2,88,7.8724572229459255,66,0,0,349.84047960661434
2026-05-10,Sunday,8,Student Service Center,1,37,6.932724024234124,34,0,0,260.40652294591945
2026-06-27,Saturday,9,Fee Counter,1,59,6.441026380028915,58,0,0,380.773563684854
2026-02-05,Thursday,11,Fee Counter,1,79,4.143684078377449,67,1,0,329.8046301511442
2026-01-03,Saturday,8,Admin Office,4,54,6.402727484718485,56,0,0,85.17615571774161
2026-03-23,Monday,14,Student Service Center,3,94,4.01679589753698,52,1,0,125.5154204067819
2026-01-17,Saturday,13,Student Service Center,5,46,3.3701814797804692,21,0,0,34.36171639697825
2026-06-25,Thursday,12,Fee Counter,3,53,7.061202635108134,31,0,0,122.46220323249273
2026-04-13,Monday,12,Library Counter,1,74,5.555868511858346,46,0,0,409.2875503606246
2026-06-10,Wednesday,10,Admin Office,4,19,7.7745103435341445,21,0,0,34.847988860417495
2026-05-16,Saturday,9,Cafeteria,2,88,6.815326067692586,76,1,0,300.2926006434924
2026-02-16,Monday,15,Admin Office,4,85,1.2657295267403896,71,1,0,27.805037403008416
2026-03-09,Monday,13,Cafeteria,4,101,1.9872520765464148,77,0,0,54.92771130674618
2026-06-10,Wednesday,11,Library Counter,4,16,6.8017557997376725,13,0,0,31.228377341764777
2026-05-25,Monday,16,Fee Counter,4,28,4.79030979189161,29,0,0,37.78126924377914
2026-01-01,Thursday,14,Admin Office,3,57,5.52857614356447,17,1,0,108.99988271532388
2026-01-13,Tuesday,12,Fee Counter,4,58,2.7014020842329556,43,0,0,40.93583210112235
2026-06-09,Tuesday,12,Library Counter,3,73,3.824014331477887,57,0,1,97.78151026505114
2026-04-15,Wednesday,15,Admin Office,4,55,2.3302647016411253,59,0,0,35.22248952647883
2026-06-28,Sunday,11,Student Service Center,1,12,1.5887116979212423,22,0,1,16.105077291033005
2026-02-15,Sunday,9,Admin Office,2,62,3.142727721103318,62,0,0,98.13116686713641
2026-04-29,Wednesday,8,Cafeteria,4,65,6.74981500460785,64,0,0,112.05928671996975
2026-05-05,Tuesday,9,Student Service Center,5,70,2.494941059205133,61,0,0,38.456574757047676
2026-06-22,Monday,14,Admin Office,1,73,4.440179004976364,41,1,0,323.9689837695348
2026-01-07,Wednesday,15,Library Counter,3,21,5.017201071631246,13,0,0,33.67430156547191
2026-05-19,Tuesday,17,Cafeteria,2,42,7.45284156976975,41,0,0,157.50617145428663
2026-02-13,Friday,9,Library Counter,1,19,1.2367514920343945,22,0,0,24.078283929593105
2026-03-30,Monday,11,Cafeteria,4,33,5.478506401366058,45,0,1,47.35271018261312
2026-05-06,Wednesday,14,Admin Office,2,93,2.812972513097429,67,0,0,135.01657502408878
2026-05-23,Saturday,14,Admin Office,2,116,5.547642144286693,79,1,0,320.2940024702432
2026-03-20,Friday,12,Student Service Center,3,69,6.33014594565189,37,1,0,143.23747682838797
2026-03-28,Saturday,10,Cafeteria,3,37,6.756970692058659,32,0,0,81.3215069730661
2026-06-14,Sunday,11,Cafeteria,5,33,1.6805709254849734,17,1,0,11.20853009570985
2026-02-16,Monday,12,Admin Office,5,67,3.7068404624715163,48,0,0,53.094593176298694
2026-04-16,Thursday,9,Library Counter,5,74,5.776009852345883,76,0,0,83.56784550880113
2026-06-25,Thursday,12,Fee Counter,1,25,3.0170986462322142,9,0,0,72.50124434450318
2026-01-24,Saturday,9,Library Counter,5,67,1.1051587196651225,46,1,0,15.875142600736027
2026-03-09,Monday,17,Library Counter,3,25,5.942286887707178,27,0,0,51.04552647104921
2026-02-13,Friday,8,Student Service Center,2,32,4.5354464892599715,36,0,1,70.66323205766697
2026-06-23,Tuesday,12,Student Service Center,5,61,5.7155803154757026,56,0,1,67.2809401496639
2026-06-19,Friday,14,Library Counter,4,79,1.3396816610368512,57,0,0,24.964955596656385
2026-05-25,Monday,9,Fee Counter,4,72,3.381196652719427,70,0,0,61.60280474245402
2026-02-28,Saturday,17,Admin Office,4,47,2.1559806865813966,50,0,0,30.261915257276506
2026-04-24,Friday,17,Student Service Center,5,48,2.6484607700716287,50,0,0,23.78095607424387
2026-04-17,Friday,10,Cafeteria,2,15,3.132115912656764,17,0,0,25.835358359555478
2026-03-24,Tuesday,11,Admin Office,4,79,3.0090012535527895,79,0,0,59.26081984844915
2026-06-15,Monday,14,Fee Counter,4,51,3.2217270154329074,35,0,0,44.02410591665724
2026-02-11,Wednesday,13,Fee Counter,3,48,6.873480027923781,33,0,0,112.73158020964138
2026-03-09,Monday,17,Library Counter,2,19,3.887375394884934,12,0,0,41.462401968190605
2026-05-17,Sunday,10,Fee Counter,3,49,4.8726621701984625,49,0,0,84.12267853116099
2026-02-28,Saturday,8,Fee Counter,2,41,2.210786672221526,19,1,0,49.70411217644441
2026-03-03,Tuesday,17,Cafeteria,3,87,1.364779300268856,63,1,0,37.395520419389115
2026-02-09,Monday,16,Library Counter,1,9,2.7406724032098753,12,0,0,28.2363859074435
2026-01-24,Saturday,16,Cafeteria,2,17,6.104166919674092,11,0,0,54.61780721654674
2026-06-14,Sunday,11,Fee Counter,5,51,3.692086550021527,47,0,0,37.88878822987289
2026-03-25,Wednesday,12,Library Counter,2,43,4.668629772881202,21,0,0,101.86884681248968
2026-01-14,Wednesday,17,Student Service Center,5,52,1.1555444766395686,40,1,0,11.71352753658152
2026-05-06,Wednesday,13,Fee Counter,3,82,6.029138283788657,48,1,1,162.771248425624
2026-01-29,Thursday,13,Admin Office,3,80,5.382311293260016,60,0,0,141.79851144389855
2026-02-12,Thursday,16,Admin Office,5,0,3.8913963624945227,8,0,1,1.0
2026-06-21,Sunday,9,Fee Counter,2,40,1.2271232164300712,40,0,0,29.34487376780104
2026-06-24,Wednesday,11,Fee Counter,5,23,1.123419862538173,23,1,1,6.464325094902204
2026-05-15,Friday,16,Admin Office,4,49,6.606207393354256,27,1,0,81.18358336607648
2026-03-01,Sunday,17,Student Service Center,2,22,2.0561463277722316,27,0,0,20.61853888269043
2026-04-26,Sunday,16,Student Service Center,4,29,2.6386484531625034,23,0,0,17.660686229682454
2026-05-01,Friday,13,Library Counter,5,108,4.105133264661062,74,1,0,89.00315456564385
2026-02-03,Tuesday,11,Library Counter,1,49,6.645826255234781,51,0,0,329.8745349895212
2026-01-22,Thursday,16,Admin Office,3,69,5.063969165135513,59,1,0,116.10549663189647
2026-02-02,Monday,12,Cafeteria,2,80,7.740337961346716,59,0,0,314.09421989419604
2026-03-19,Thursday,15,Student Service Center,5,44,5.063845253069279,50,0,1,41.772661524846036
2026-04-12,Sunday,17,Library Counter,2,87,1.5987916705789433,71,1,0,71.65152412560646
2026-03-18,Wednesday,17,Student Service Center,1,79,7.016700347791395,76,0,0,556.0478931527019
2026-01-30,Friday,14,Cafeteria,5,52,5.511675949692521,35,0,0,60.731927995646004
2026-06-07,Sunday,14,Student Service Center,2,97,1.2137938470481684,78,0,0,56.59894073474593
2026-05-21,Thursday,8,Student Service Center,1,83,7.377351054996398,77,0,0,610.6691836810622
2026-06-11,Thursday,14,Student Service Center,1,60,6.519123825550989,37,0,0,394.65370323840074
2026-03-08,Sunday,11,Cafeteria,3,44,6.2583425269012,45,0,0,89.99193485057086
2026-06-15,Monday,15,Fee Counter,2,64,4.553619975158616,45,1,0,146.04187430648054
2026-06-13,Saturday,14,Cafeteria,1,76,6.383430313668196,35,1,0,484.9432440457615
2026-01-27,Tuesday,14,Student Service Center,2,84,4.351039297138274,69,0,0,181.1649963185208
2026-03-13,Friday,10,Library Counter,2,56,4.56825288129637,33,1,0,127.85495993180004
2026-03-07,Saturday,9,Library Counter,5,32,4.710172457774652,21,1,1,28.19174715834619
2026-02-22,Sunday,11,Admin Office,3,76,4.214395683767709,72,0,0,111.72695788058248
2026-06-10,Wednesday,17,Cafeteria,1,63,2.1405550727833225,61,0,0,133.62013714278098
2026-02-05,Thursday,15,Fee Counter,3,13,5.362812829849596,13,0,0,23.75912082004696
2026-06-14,Sunday,14,Cafeteria,1,99,3.3543844696453675,75,0,0,335.26753081776945
2026-06-28,Sunday,14,Fee Counter,2,72,5.353659448673282,49,0,0,197.46345565113205
2026-03-04,Wednesday,11,Cafeteria,5,57,7.066598468202345,53,0,0,80.27476018340582
2026-05-11,Monday,9,Fee Counter,4,80,1.9471075056381406,73,0,0,41.190211783999096
2026-03-04,Wednesday,9,Cafeteria,2,36,2.6961397856649496,25,1,0,52.65657987804103
2026-06-06,Saturday,10,Fee Counter,3,46,7.100600034050591,42,0,0,109.65473615036586
2026-05-05,Tuesday,15,Admin Office,1,64,5.128269981724739,56,0,0,330.65851140902686
2026-05-24,Sunday,13,Fee Counter,5,89,7.266020157771974,65,0,0,131.81786906371198
2026-06-29,Monday,10,Fee Counter,5,56,7.476083728733805,51,0,0,85.14717729876773
2026-01-31,Saturday,11,Admin Office,5,71,1.4886888359383588,66,0,0,19.42141022181086
2026-04-25,Saturday,17,Fee Counter,4,17,3.6263663423751513,15,0,0,12.838695296668794
2026-04-29,Wednesday,17,Admin Office,4,15,6.165710003365326,7,0,0,26.96189835035774
2026-05-16,Saturday,13,Student Service Center,4,65,3.3659722191834605,47,0,0,54.507920676385474
2026-06-11,Thursday,14,Admin Office,5,24,6.070538945942529,8,0,0,26.800566971643107
2026-02-25,Wednesday,12,Admin Office,5,92,5.660638223225408,74,0,0,103.33518813075185
2026-06-09,Tuesday,17,Admin Office,1,55,2.671964247577399,55,0,0,151.05930024445516
2026-03-19,Thursday,15,Fee Counter,5,75,4.764821978206898,73,0,0,70.59034755363315
2026-02-01,Sunday,16,Student Service Center,2,41,4.822047260735112,35,0,0,101.45441358358562
2026-05-29,Friday,8,Student Service Center,3,60,1.3708515531181784,63,0,0,25.044138478125635
2026-05-10,Sunday,13,Cafeteria,5,87,2.1419164048723993,64,0,0,37.925468398959595
2026-03-11,Wednesday,15,Library Counter,3,15,7.452219745543988,9,0,0,38.78469260959581
2026-01-28,Wednesday,14,Cafeteria,3,62,2.590544858699374,37,0,0,52.49224943608438
2026-01-13,Tuesday,15,Student Service Center,2,58,1.7853899512939486,53,0,0,55.44458512439857
2026-06-26,Friday,10,Admin Office,5,25,7.041181727841231,28,0,0,39.161581461929394
2026-02-17,Tuesday,14,Admin Office,5,32,2.6845136946006356,10,0,0,18.727062479844335
2026-02-03,Tuesday,10,Admin Office,4,47,1.0230526020471937,44,0,0,9.395000620077194
2026-03-07,Saturday,11,Cafeteria,4,15,4.388822717011548,20,0,0,20.729083398688765
2026-05-30,Saturday,13,Fee Counter,3,82,7.611604463017465,40,1,0,206.41006191774392
2026-01-25,Sunday,16,Fee Counter,3,30,5.794078380187932,34,0,0,58.67369278429633
2026-01-26,Monday,14,Fee Counter,5,48,1.5335287541153375,27,0,0,16.14718227687836
2026-01-22,Thursday,9,Fee Counter,5,12,5.61519936065169,11,0,0,14.204144339288174
2026-04-06,Monday,12,Fee Counter,3,85,1.37150947519957,45,1,0,42.00083859495272
2026-04-13,Monday,8,Cafeteria,1,38,4.699606198118323,39,0,0,181.12025404116523
2026-02-22,Sunday,16,Cafeteria,5,31,6.87723611464482,32,0,0,40.59066918625963
2026-04-08,Wednesday,14,Admin Office,5,108,2.1071892328659825,72,1,0,42.935108876540454
2026-04-06,Monday,12,Cafeteria,1,67,3.2062508686112228,39,0,0,217.536963064946
2026-01-21,Wednesday,17,Admin Office,2,47,1.1710191651538167,43,0,0,32.42697494054034
2026-06-08,Monday,9,Admin Office,2,56,5.347858220382672,53,0,0,148.94278897182238
2026-03-19,Thursday,10,Cafeteria,4,17,5.280015650595223,12,0,0,20.365772911581452
2026-01-12,Monday,16,Admin Office,3,70,5.3582540529671885,73,0,0,123.53104086901831
2026-05-24,Sunday,16,Cafeteria,1,4,5.388269758675019,8,0,0,18.69795453300372
2026-03-30,Monday,12,Fee Counter,5,78,2.7452246456406737,49,0,0,45.23717034769773
2026-01-23,Friday,10,Admin Office,5,35,4.57283282103322,32,0,0,32.749113749292256
2026-02-21,Saturday,9,Student Service Center,4,21,4.806531329509104,13,0,0,30.00545961583878
2026-02-06,Friday,10,Library Counter,3,56,3.44862301632818,59,0,0,65.16227219868813
2026-04-02,Thursday,11,Student Service Center,3,33,6.316889224547831,33,0,0,71.15052341773843
2026-02-24,Tuesday,14,Library Counter,3,25,5.216537801051704,9,0,0,45.17329062339945
2026-04-16,Thursday,11,Library Counter,2,70,6.377216786786875,73,0,1,225.82744474633444
2026-05-09,Saturday,12,Library Counter,4,93,3.4895390298218776,51,1,0,81.60378257612248
2026-01-17,Saturday,15,Admin Office,4,82,1.722068625365967,79,0,0,33.59473849951648
2026-03-30,Monday,13,Admin Office,3,36,1.1065157078368404,17,0,1,15.80005516135827
2026-05-13,Wednesday,16,Fee Counter,1,65,2.9014283509203915,66,0,0,190.44322258780196
2026-03-06,Friday,10,Library Counter,2,74,3.246055315167788,78,0,0,122.75653317579214
2026-03-24,Tuesday,15,Library Counter,3,50,1.646810027714935,55,0,0,28.513304729297143
2026-05-08,Friday,9,Fee Counter,4,35,6.134090456674607,30,0,0,51.17848511115772
2026-06-17,Wednesday,14,Fee Counter,4,80,2.218471685643591,65,0,1,48.50937339289829
2026-01-26,Monday,13,Library Counter,4,70,2.1739194319280886,50,0,0,35.77930659728166
2026-01-20,Tuesday,13,Library Counter,3,110,2.9566951978827327,72,1,0,106.71668419458072
2026-06-16,Tuesday,12,Fee Counter,2,22,5.184895469964841,13,0,1,60.425470268948494
2026-04-23,Thursday,16,Student Service Center,3,39,5.826424094288701,30,0,0,79.96732701469276
2026-01-10,Saturday,10,Library Counter,2,46,3.5365660731000848,48,0,0,80.79459784439793
2026-04-27,Monday,8,Library Counter,4,46,4.094581120325444,48,0,0,51.20736385666515
2026-01-26,Monday,11,Admin Office,5,78,2.656504835173309,63,1,0,46.0318820661247
2026-03-22,Sunday,11,Cafeteria,3,44,1.3276977006395927,26,1,0,18.902487362412266
2026-05-20,Wednesday,13,Fee Counter,2,61,4.37462541167136,36,0,0,136.33464336505563
2026-05-25,Monday,13,Library Counter,3,30,1.2300390805659789,14,0,0,10.387649864001379
2026-03-02,Monday,15,Cafeteria,3,90,3.2388514630437695,68,1,0,96.77749851261909
2026-03-07,Saturday,10,Fee Counter,1,45,4.569142317678673,44,0,0,205.0307607444427
2026-05-05,Tuesday,16,Cafeteria,3,63,5.244740890434147,66,0,0,111.16597953349498
2026-04-26,Sunday,15,Cafeteria,5,61,7.006546505574606,37,1,0,84.9894484725694
2026-02-08,Sunday,16,Cafeteria,3,29,5.007312595570962,8,1,0,48.8076146896005
2026-03-25,Wednesday,17,Library Counter,1,37,1.5258990915067294,25,1,0,56.001969809072136
2026-06-05,Friday,9,Student Service Center,5,75,7.170620801195407,79,0,0,105.11999715728426
2026-02-25,Wednesday,12,Library Counter,4,60,3.89001489431951,33,0,0,60.92246976362643
2026-04-07,Tuesday,12,Student Service Center,2,43,4.950570210429328,14,0,0,110.9897927183404
2026-01-04,Sunday,11,Fee Counter,4,55,5.180488859301953,51,0,0,75.80970482905195
2026-01-13,Tuesday,15,Admin Office,3,40,1.9185746624410323,42,0,0,29.63977639393179
2026-01-25,Sunday,9,Library Counter,3,57,1.816941448417273,34,1,0,34.97554558399412
2026-02-04,Wednesday,14,Library Counter,2,68,4.890060083874242,56,0,1,168.1150208662009
2026-04-11,Saturday,8,Fee Counter,1,13,3.172310049941941,14,0,0,38.74487244811466
2026-02-26,Thursday,13,Fee Counter,5,106,7.994558984167292,73,1,0,173.28238260851637
2026-05-20,Wednesday,10,Fee Counter,2,49,7.187947850506861,37,1,0,173.72787246217933
2026-05-16,Saturday,10,Student Service Center,3,21,4.211616207508045,15,0,0,31.390098002711603
2026-03-23,Monday,17,Library Counter,5,69,4.1798742024183575,64,0,0,61.139326623066715
2026-06-20,Saturday,17,Student Service Center,1,31,5.085205414106334,15,1,0,154.93173806458236
2026-03-13,Friday,15,Library Counter,2,30,3.569218229351101,24,0,0,57.411608338876576
2026-01-03,Saturday,16,Admin Office,5,70,1.1813091523528096,75,0,0,17.388386787799767
2026-06-01,Monday,14,Library Counter,2,62,7.671474503893208,37,0,0,235.29600012470834
2026-04-25,Saturday,13,Fee Counter,3,44,2.645679806895266,29,0,0,42.8303231920287
2026-03-24,Tuesday,14,Library Counter,3,35,6.832017127036978,11,0,0,79.63800781581652
2026-04-24,Friday,14,Admin Office,4,102,1.5574589797933385,71,1,0,43.898139440266135
2026-02-05,Thursday,15,Fee Counter,1,31,6.382888001234846,27,0,0,197.12261438510788
2026-05-08,Friday,11,Student Service Center,4,66,7.564162289267954,62,0,0,128.04177582730205
2026-04-06,Monday,12,Student Service Center,5,35,6.8358805189581835,12,0,0,47.904037376569086
2026-06-08,Monday,11,Fee Counter,1,39,4.572990372890535,42,0,0,178.39615096641285
2026-05-26,Tuesday,17,Cafeteria,3,26,5.177517610101081,6,1,0,44.70434618189137
2026-03-10,Tuesday,14,Fee Counter,5,53,1.764187912280022,19,1,0,20.934271844250908
2026-02-04,Wednesday,12,Admin Office,1,72,7.256302557939326,31,1,0,521.5028328993284
2026-01-14,Wednesday,11,Student Service Center,4,68,2.568578141046023,70,0,0,46.00707989962108
2026-03-27,Friday,15,Fee Counter,3,97,5.267069074125205,76,1,0,173.0400735768803
2026-03-04,Wednesday,17,Fee Counter,1,76,3.5149384103519177,64,1,0,264.16415310585205
2026-04-28,Tuesday,8,Cafeteria,3,70,7.290709288945465,66,0,0,169.06825792674272
2026-05-21,Thursday,11,Cafeteria,1,56,6.3582091307280475,59,0,0,355.92281956657615
2026-02-12,Thursday,9,Cafeteria,5,6,7.786685924479206,11,0,0,14.193979914834173
2026-04-15,Wednesday,14,Admin Office,1,40,7.585999958071824,23,0,0,307.0740182550366
2026-02-22,Sunday,13,Cafeteria,5,99,5.210430949641305,59,1,0,103.37657708272991
2026-02-09,Monday,12,Admin Office,1,105,2.938749965895451,62,1,0,308.2361039831451
2026-01-06,Tuesday,10,Cafeteria,4,23,4.897526338431926,22,0,0,29.814301123965016
2026-02-05,Thursday,13,Cafeteria,2,88,3.0658823080425397,48,1,0,134.78792169071755
2026-01-25,Sunday,17,Fee Counter,3,39,2.9057627056857886,26,1,0,41.67096695206396
2026-01-14,Wednesday,11,Library Counter,5,30,5.9648346564565005,21,0,0,36.16339849301525
2026-01-10,Saturday,11,Student Service Center,1,40,5.254766404989715,32,0,0,211.20139924298684
2026-01-24,Saturday,10,Library Counter,5,71,4.835401105736544,65,0,0,73.07583144172649
2026-05-14,Thursday,15,Library Counter,1,25,7.392709580485436,16,0,0,185.0848327922775
2026-05-02,Saturday,15,Library Counter,1,14,3.1582639527381198,8,0,0,46.16221775618593
2026-01-23,Friday,10,Admin Office,3,13,2.030417227685363,5,0,0,9.8690462412312
2026-01-16,Friday,8,Admin Office,4,81,6.470041603072303,77,0,0,131.67872029508814
2026-01-14,Wednesday,17,Cafeteria,2,70,6.127891025019236,68,0,0,211.79056854150372
2026-03-31,Tuesday,12,Cafeteria,4,54,1.3642089286489152,32,0,0,18.922640493153153
2026-04-20,Monday,8,Library Counter,3,75,6.512195800356516,76,0,0,163.41332705496455
2026-04-21,Tuesday,11,Fee Counter,4,63,7.489903836027527,64,0,0,121.7975547960772
2026-01-02,Friday,14,Student Service Center,3,33,3.027872144191403,13,0,0,33.770170555668656
2026-01-12,Monday,8,Admin Office,3,65,5.549794355753884,54,1,0,124.28599776134014
2026-06-21,Sunday,16,Student Service Center,1,5,7.377516298345355,6,0,1,41.63959648486399
2026-02-12,Thursday,10,Fee Counter,3,35,2.0455301320130195,11,1,0,26.19328794888193
2026-02-24,Tuesday,16,Fee Counter,2,52,2.4416405130203795,54,0,0,63.87206461547265
2026-02-07,Saturday,8,Fee Counter,2,23,3.5622849476214564,23,0,0,37.97765027389467
2026-06-03,Wednesday,17,Library Counter,3,10,4.929732612080609,12,0,1,17.289107631365866
2026-01-18,Sunday,9,Admin Office,5,14,3.4723246671993806,16,0,0,14.63205414005531
2026-01-23,Friday,17,Fee Counter,2,59,3.3775172615041034,63,0,1,99.53239178755689
2026-03-25,Wednesday,11,Cafeteria,1,66,5.265855418974133,59,0,0,350.8098308758199
2026-01-22,Thursday,13,Cafeteria,4,70,3.813972961649895,39,1,0,67.83833902346927
2026-02-28,Saturday,15,Library Counter,2,14,6.194496003897063,15,0,0,41.90188367011704
2026-03-24,Tuesday,11,Admin Office,2,64,7.421845208584319,59,0,0,237.76641886360807
2026-06-25,Thursday,11,Cafeteria,1,65,2.3697675981501067,70,0,1,152.2531654938628
2026-04-27,Monday,10,Student Service Center,5,41,7.361727839611806,55,0,1,59.72211000484513
2026-01-09,Friday,11,Student Service Center,2,37,2.9303813295625,32,0,0,52.85312804399527
2026-03-31,Tuesday,17,Student Service Center,5,44,3.4124675438240883,39,0,0,32.7310058761616
2026-06-14,Sunday,12,Library Counter,3,40,2.8493200078536898,17,0,0,37.414674799615845
2026-04-02,Thursday,11,Fee Counter,5,33,1.833660311307285,33,0,0,10.647479743602249
2026-02-07,Saturday,14,Library Counter,5,94,6.677825109184866,77,0,0,123.65192403746109
2026-04-21,Tuesday,9,Cafeteria,1,36,1.9715274361521007,32,0,0,69.45329262206874
2026-04-28,Tuesday,12,Cafeteria,1,88,6.70747893905256,62,0,0,592.4331829831789
2026-04-16,Thursday,14,Fee Counter,1,65,1.2776291348198932,46,0,0,82.22628892378621
2026-04-15,Wednesday,11,Fee Counter,2,77,6.932916441658484,63,1,0,268.9738678883879
2026-02-19,Thursday,11,Fee Counter,1,68,3.647560338542328,47,1,0,247.28098835431038
2026-06-15,Monday,16,Library Counter,1,74,7.86987224257534,66,0,0,585.5686596284331
2026-06-08,Monday,10,Cafeteria,3,59,4.614211921943825,58,0,0,88.5199264666376
2026-01-08,Thursday,13,Library Counter,5,64,7.981501440652976,36,0,0,101.49928283612175
2026-04-16,Thursday,14,Student Service Center,3,58,2.238670785098976,33,0,0,46.44071348694786
2026-04-06,Monday,13,Fee Counter,4,56,3.2487652338434727,35,0,0,42.60404299069583
2026-06-14,Sunday,13,Student Service Center,3,67,1.0769888074932186,50,0,1,27.823494505016804
2026-03-18,Wednesday,8,Library Counter,5,40,2.134923616926191,44,0,0,18.693947236139547
2026-01-01,Thursday,11,Fee Counter,1,80,3.6651664191627207,78,0,0,291.1787011298303
2026-02-06,Friday,15,Cafeteria,3,38,3.83021769530281,30,0,0,53.38791142643181
2026-03-13,Friday,8,Cafeteria,4,42,7.339791405224374,40,0,0,77.31716788251381
2026-05-26,Tuesday,12,Cafeteria,5,65,2.5314647758388555,48,0,0,36.87934317178245
2026-06-16,Tuesday,11,Student Service Center,1,59,4.430714573989009,61,0,0,259.291807559449
2026-01-22,Thursday,15,Library Counter,5,72,2.9747812427251836,63,0,0,44.143067811601284
2026-05-21,Thursday,8,Fee Counter,1,47,2.43513457410463,47,0,0,111.46414713426566
2026-04-20,Monday,11,Admin Office,5,54,2.467409215659423,57,0,0,31.048712589010893
2026-05-23,Saturday,11,Cafeteria,3,37,6.5240392161381,26,1,0,79.76001577112194
2026-04-30,Thursday,10,Cafeteria,2,27,2.4609029129926654,41,0,1,33.466959008887436
2026-01-30,Friday,12,Student Service Center,2,70,3.077572983361152,51,0,0,112.69165343294547
2026-04-19,Sunday,11,Fee Counter,1,3,2.8177281891226444,5,0,0,10.340798722858153
2026-02-16,Monday,10,Student Service Center,2,76,4.262835934874313,60,1,0,166.04536375416365
2026-04-24,Friday,9,Fee Counter,4,6,1.6270343610610034,18,0,1,6.485502198885027
2026-05-25,Monday,10,Cafeteria,3,55,3.99292630084488,54,0,0,71.2046825729886
2026-05-27,Wednesday,12,Admin Office,4,29,2.605356003335509,16,0,1,19.3300370479725
2026-03-06,Friday,11,Admin Office,5,50,6.829299391097264,50,0,0,70.66631830940219
2026-03-01,Sunday,11,Cafeteria,1,35,7.212247464997641,30,0,0,253.82168672267213
2026-01-07,Wednesday,16,Cafeteria,2,96,1.7847710793189373,75,1,0,88.34690934751316
2026-02-12,Thursday,12,Student Service Center,4,58,3.325670913145548,36,0,0,48.72005729389965
2026-01-20,Tuesday,9,Student Service Center,4,9,7.453493694412588,8,0,0,20.870242306087007
2026-03-12,Thursday,8,Fee Counter,5,88,1.1332257751491688,70,1,0,17.785458404004913
2026-05-19,Tuesday,8,Library Counter,5,88,5.66099580840514,73,1,0,102.51628880244408
2026-02-25,Wednesday,9,Admin Office,5,17,1.4998439145405307,14,0,0,2.7955234479228537
2026-02-25,Wednesday,9,Fee Counter,2,27,3.3364235458869596,37,0,1,48.87951462242144
2026-03-25,Wednesday,11,Admin Office,1,62,4.380125853808828,46,1,0,273.5822319781111
2026-03-17,Tuesday,15,Library Counter,1,70,1.9896272846673866,74,0,1,142.05975913435478
2026-06-06,Saturday,17,Student Service Center,5,50,6.385271527325765,32,1,0,68.15698005768797
2026-06-15,Monday,13,Fee Counter,2,57,6.338947062562986,37,0,0,177.92674086591674
2026-03-28,Saturday,17,Cafeteria,4,73,6.407513759792946,72,0,0,117.78628099458906
2026-04-10,Friday,11,Admin Office,5,13,1.3015895130980502,12,0,0,1.6365381334777762
2026-06-04,Thursday,9,Cafeteria,2,64,4.370535652243425,64,0,0,139.2940353890428
2026-05-04,Monday,15,Cafeteria,5,52,2.5593067948297463,53,0,0,30.38661725115265
2026-03-05,Thursday,13,Student Service Center,3,49,7.873293381345985,25,0,0,131.97423594921423
2026-06-13,Saturday,16,Fee Counter,2,38,7.133203290770176,36,0,0,132.53858221938185
2026-06-17,Wednesday,10,Fee Counter,2,62,1.1636430277681091,59,0,0,37.37625146239329
2026-06-24,Wednesday,13,Admin Office,5,18,6.923624616874071,10,0,1,24.48361091515343
2026-05-02,Saturday,11,Fee Counter,2,63,2.9417125151367514,56,0,0,95.34623493651885
2026-03-10,Tuesday,12,Admin Office,5,35,5.584834261434182,12,0,0,36.58269645779074
2026-05-17,Sunday,13,Library Counter,2,100,3.3075254772340736,77,0,0,162.95639783240418
2026-05-16,Saturday,8,Fee Counter,5,27,1.2197020447780553,28,0,0,4.518583421727532
2026-02-24,Tuesday,10,Fee Counter,2,75,3.930225321687778,67,0,0,149.05414764731026
2026-02-11,Wednesday,12,Library Counter,4,38,6.086459197916933,9,0,0,56.52981631217632
2026-03-31,Tuesday,12,Cafeteria,4,50,2.9724984762319107,31,0,0,39.16161665200895
2026-06-24,Wednesday,13,Cafeteria,2,39,3.3699046878848558,14,0,0,69.06078993148071
2026-05-07,Thursday,12,Library Counter,1,102,6.904538771549485,75,0,0,704.4799354304446
2026-05-12,Tuesday,15,Library Counter,2,66,2.3352485390345636,71,0,0,78.13123480904747
2026-05-17,Sunday,15,Fee Counter,3,74,1.3058980688751292,75,0,0,29.491630836931794
2026-04-18,Saturday,8,Library Counter,4,77,3.961412492816363,77,0,0,77.95091595808938
2026-01-15,Thursday,12,Cafeteria,5,29,7.04931853788385,13,0,0,44.091046784477
2026-03-13,Friday,9,Admin Office,5,28,1.3449512502036276,20,0,0,10.161975041417632
2026-03-02,Monday,11,Fee Counter,1,51,7.351458900618083,55,0,0,377.01861077180996
2026-01-12,Monday,10,Student Service Center,2,43,6.20091251978169,25,1,0,135.16135744753868
2026-03-12,Thursday,16,Fee Counter,3,29,5.158088906356588,22,0,0,53.76659779496564
2026-06-11,Thursday,10,Cafeteria,3,37,1.1973322084757538,32,0,0,15.033365343653207
2026-05-22,Friday,15,Student Service Center,4,49,2.465770780214939,31,1,0,34.885839401839846
2026-05-31,Sunday,9,Fee Counter,2,22,4.155735880210731,12,1,0,43.751539151645076
2026-04-11,Saturday,16,Cafeteria,2,52,6.7389104620801366,48,0,0,175.93994497008384
2026-01-29,Thursday,9,Fee Counter,2,61,7.051554325911914,45,1,0,219.48226349511987
2026-01-22,Thursday,9,Cafeteria,4,40,5.033202505784037,40,0,0,52.089781025097366
2026-03-21,Saturday,17,Cafeteria,3,72,2.0161459585289085,74,0,0,52.85281109709285
2026-01-11,Sunday,9,Student Service Center,2,21,6.262273505239094,15,0,0,67.40815848599841
2026-03-09,Monday,9,Library Counter,5,32,7.345129923258304,33,0,0,44.02685536975653
2026-03-16,Monday,9,Library Counter,2,40,7.384476419218228,41,0,0,150.63917768023143
2026-01-12,Monday,10,Cafeteria,3,14,2.9295096116959414,17,0,0,13.313110841531905
2026-02-01,Sunday,10,Student Service Center,2,51,1.3239355736067435,53,0,0,31.965001079799343
2026-03-09,Monday,17,Student Service Center,4,79,4.40790216084193,75,0,0,90.49240208472648
2026-01-21,Wednesday,15,Admin Office,2,5,3.204144081424248,8,0,0,7.8794551465572225
2026-05-08,Friday,11,Student Service Center,5,81,5.374906551934366,65,1,0,85.58080196970052
2026-06-03,Wednesday,13,Student Service Center,1,42,3.148871546452821,22,0,0,131.00686693292508
2026-06-28,Sunday,12,Fee Counter,4,96,7.98649877514566,68,0,0,195.38352569287355
2026-01-07,Wednesday,17,Admin Office,4,29,2.7919693436860396,37,0,1,18.433846089016996
2026-02-17,Tuesday,12,Student Service Center,2,29,3.3176600440024906,7,0,0,47.857934446524894
2026-04-29,Wednesday,17,Fee Counter,1,55,3.06119824927882,61,0,1,169.59583180265332
2026-01-03,Saturday,16,Library Counter,2,36,5.523843639285092,19,1,0,103.81549965302194
2026-02-08,Sunday,13,Fee Counter,3,62,1.0305945135020855,35,0,0,22.460388494231267
2026-01-22,Thursday,10,Admin Office,5,72,6.83006208682452,71,0,0,96.57344226413444
2026-03-08,Sunday,17,Student Service Center,1,50,2.7254436810334663,33,1,0,140.85821033449974
2026-06-06,Saturday,12,Student Service Center,1,52,7.306159292917268,18,1,0,379.52218908855167
2026-04-20,Monday,13,Cafeteria,4,53,2.474084875400195,35,0,0,35.71504427623925
2026-04-19,Sunday,14,Student Service Center,1,85,7.659252480382883,65,0,0,649.5686679169042
2026-05-21,Thursday,16,Fee Counter,5,32,7.423859073765168,20,1,0,49.19628440397406
2026-02-12,Thursday,11,Fee Counter,2,81,6.551451455612656,73,0,0,270.03420619760317
2026-03-16,Monday,9,Student Service Center,2,82,2.3393744210093845,70,1,0,94.96785381100541
2026-05-23,Saturday,11,Student Service Center,3,6,3.06127264810085,5,0,0,10.214260081672597
2026-04-04,Saturday,8,Student Service Center,5,51,6.102092051680144,47,0,0,62.658587256334854
2026-03-02,Monday,16,Library Counter,5,40,1.3156438033796463,32,0,0,12.112750316849333
2026-06-29,Monday,8,Cafeteria,4,25,6.930808181509309,26,0,0,42.28358930505544
2026-03-14,Saturday,9,Library Counter,2,57,2.8322022052817166,40,1,0,85.11591234201614
2026-03-26,Thursday,12,Library Counter,1,80,1.0174681752058041,65,0,0,85.05416055791099
2026-05-02,Saturday,8,Fee Counter,1,58,2.344438305575487,49,0,0,135.4980094162889
2026-06-08,Monday,11,Cafeteria,1,80,7.582641175856619,60,1,0,608.7785217458157
2026-03-26,Thursday,12,Cafeteria,5,84,4.826927104720271,58,0,0,79.75640584270297
2026-04-25,Saturday,8,Admin Office,5,80,1.7742402635846513,63,1,0,32.322106514279675
2026-05-10,Sunday,12,Library Counter,4,86,5.115929007681825,54,1,0,113.54847032875138
2026-05-12,Tuesday,15,Student Service Center,1,63,5.726137003683668,62,0,0,362.2314157977333
2026-03-01,Sunday,12,Admin Office,2,57,3.66756539449614,31,0,0,107.50964293489093
2026-02-21,Saturday,16,Library Counter,3,42,3.101181590701718,41,0,0,46.0863808186757
2026-01-22,Thursday,9,Library Counter,1,64,4.0099477801701475,40,1,0,258.2212231990249
2026-06-17,Wednesday,8,Cafeteria,1,54,5.4136188964979866,42,1,0,294.5232871458523
2026-06-17,Wednesday,13,Fee Counter,3,41,5.0457003681867105,26,0,0,71.20789125698197
2026-01-03,Saturday,15,Cafeteria,4,80,3.503039706704689,79,0,0,70.14286037494387
2026-05-12,Tuesday,17,Fee Counter,2,43,5.901307047083524,27,1,0,131.2007154077525
2026-02-27,Friday,12,Cafeteria,1,37,7.385739290045084,8,0,0,270.76369326481864
2026-04-13,Monday,15,Library Counter,1,68,2.3123553158234404,73,0,0,160.8694559116293
2026-02-04,Wednesday,17,Admin Office,2,75,5.337984397231431,73,0,0,202.29469188771574
2026-06-03,Wednesday,16,Library Counter,2,29,7.41167859480388,10,1,0,105.7416936014502
2026-02-25,Wednesday,12,Student Service Center,5,74,6.047455751120211,40,1,0,87.16139513274933
2026-03-07,Saturday,11,Fee Counter,1,22,1.0694624501416155,20,0,0,28.27807381427351
2026-05-08,Friday,14,Fee Counter,3,71,7.905196002742994,47,0,0,191.33636106872262
2026-04-18,Saturday,16,Cafeteria,3,73,3.45919744575299,67,0,0,88.30114275784199
2026-02-05,Thursday,11,Student Service Center,4,32,2.1757367747711402,30,0,0,19.522514676957268
2026-04-19,Sunday,16,Cafeteria,1,34,2.814337147753819,25,0,0,98.82437951306984
2026-06-01,Monday,10,Admin Office,1,53,1.762359733762149,44,0,0,95.21408982776383
2026-01-04,Sunday,16,Fee Counter,4,51,7.0549972882423715,49,0,0,93.17985105817196
2026-02-16,Monday,16,Cafeteria,5,67,2.269843008015333,76,0,1,33.20210383133163
2026-04-03,Friday,16,Fee Counter,3,11,5.239124915002532,12,0,0,24.08744864398823
2026-04-15,Wednesday,12,Fee Counter,4,50,3.2107487939849135,23,0,0,42.08931418954702
2026-05-19,Tuesday,11,Student Service Center,4,84,3.0466607890068462,76,0,0,64.14604322648007
2026-01-15,Thursday,13,Cafeteria,4,23,3.059705032589924,6,0,0,18.406615934348658
2026-06-18,Thursday,13,Cafeteria,3,82,2.39476661292206,67,0,0,69.85635180424843
2026-05-25,Monday,12,Student Service Center,3,62,4.5284303787879505,41,0,0,94.39198389763669
2026-01-01,Thursday,11,Fee Counter,4,2,2.515296043027342,5,0,0,3.3283829403533205
2026-01-13,Tuesday,12,Cafeteria,2,65,4.699450227823826,29,1,0,153.10378077528858
2026-04-12,Sunday,10,Cafeteria,3,63,5.949345134460918,72,0,1,125.28723363724208
2026-03-03,Tuesday,8,Library Counter,4,32,4.773057662922097,23,0,0,35.43754624108024
2026-05-14,Thursday,12,Cafeteria,3,90,7.207669059615812,64,0,0,214.51874576381127
2026-05-07,Thursday,12,Admin Office,2,75,1.0786728786576385,51,0,0,39.267796267163064
2026-01-27,Tuesday,17,Student Service Center,5,62,5.165068442628807,66,0,0,69.03608003746822
2026-06-13,Saturday,9,Cafeteria,5,32,4.662709675163398,35,0,0,32.13001205919658
2026-06-29,Monday,11,Fee Counter,1,38,4.982900935751223,22,1,0,191.29674020955594
2026-05-04,Monday,9,Fee Counter,4,79,3.0693005214759217,64,1,0,63.81756744872267
2026-04-19,Sunday,11,Fee Counter,5,25,5.290473953659173,20,0,0,25.87905282745576
2026-03-22,Sunday,10,Library Counter,4,30,2.5640866478254463,25,0,0,21.06564295382903
2026-06-18,Thursday,14,Admin Office,5,33,5.179934396521991,16,0,0,36.73262441859395
2026-01-03,Saturday,12,Fee Counter,1,13,4.726942348733129,8,0,1,62.99054947381403
2026-02-01,Sunday,8,Fee Counter,5,57,4.593370949184857,33,1,0,49.634553438471094
2026-06-16,Tuesday,16,Fee Counter,5,65,1.0086416722202198,64,0,0,16.85411501920813
2026-04-10,Friday,12,Admin Office,3,48,2.7021730146801035,22,0,0,42.97441851725475
2026-05-25,Monday,8,Student Service Center,5,31,4.073705640245176,36,0,0,28.1072980580472
2026-02-18,Wednesday,16,Fee Counter,5,63,1.5271862641999085,49,1,1,21.994990111133777
2026-05-03,Sunday,10,Admin Office,2,84,2.1833733111718043,64,1,0,91.60049201889153
2026-03-02,Monday,13,Student Service Center,1,92,3.7404929902948925,66,0,0,343.8935991838864
2026-06-27,Saturday,11,Cafeteria,5,10,7.471517008935034,10,0,0,14.97527611103791
2026-02-02,Monday,10,Cafeteria,1,20,2.135015024977715,18,0,0,44.077765156097826
2026-02-19,Thursday,11,Fee Counter,2,32,6.503527614498229,32,0,0,108.39285456829471
2026-05-01,Friday,15,Cafeteria,3,11,7.208914305103924,17,0,1,25.03548069616988
2026-05-19,Tuesday,10,Fee Counter,3,24,2.8003995123791103,18,0,0,23.511999128129837
2026-02-12,Thursday,8,Student Service Center,5,33,3.899709760647024,36,0,0,25.522395967642673
2026-01-03,Saturday,13,Fee Counter,2,39,4.181803817692785,19,0,0,85.74477561879858
2026-01-26,Monday,12,Cafeteria,4,98,4.500456343208416,64,1,1,114.95153657773352
2026-04-11,Saturday,14,Fee Counter,3,48,4.958099134605828,29,0,0,82.7072387273415
2026-06-19,Friday,8,Library Counter,1,66,5.905589230906268,42,1,0,390.1114288540627
2026-03-03,Tuesday,16,Library Counter,4,24,5.141826316201762,36,0,1,33.30118613972897
2026-03-02,Monday,8,Cafeteria,2,12,5.09585627540008,5,0,0,33.37674082516651
2026-06-07,Sunday,10,Admin Office,5,50,2.1398250208062395,44,0,0,25.525169864348605
2026-01-28,Wednesday,11,Cafeteria,3,20,4.2110683768140555,26,0,1,28.620775217471834
2026-02-14,Saturday,13,Fee Counter,1,22,2.9241956412517967,6,0,0,67.64439085197817
2026-02-21,Saturday,10,Cafeteria,4,41,7.095791171761442,21,1,0,72.34345504456574
2026-05-11,Monday,12,Library Counter,2,57,4.691007068235789,40,0,0,133.2986175017397
2026-03-02,Monday,8,Library Counter,5,88,7.548977195362702,78,1,0,131.95310808479178
2026-01-10,Saturday,16,Student Service Center,3,38,4.2179767791385805,33,0,0,51.65935628607774
2026-06-07,Sunday,16,Library Counter,3,14,2.3306215451494228,12,0,0,11.468591687335826
2026-02-04,Wednesday,9,Cafeteria,2,39,6.412162111000797,53,0,1,125.73735021580028
2026-05-09,Saturday,12,Cafeteria,3,29,2.9207096314399372,7,0,0,26.288904104640473
2026-04-20,Monday,16,Library Counter,3,74,1.86830449464055,70,0,0,43.16693242836953
2026-04-21,Tuesday,10,Student Service Center,2,20,3.036652978864902,11,0,0,32.178473412448554
2026-03-23,Monday,11,Fee Counter,5,13,2.877505859323565,24,0,1,6.773971427402288
2026-06-28,Sunday,14,Admin Office,3,118,1.817364518742346,77,1,0,71.44398536768595
2026-05-18,Monday,10,Student Service Center,2,22,3.1534632567006278,25,0,0,35.602275983515575
2026-05-25,Monday,17,Cafeteria,5,77,7.509879723631035,78,0,0,115.2814687927615
2026-06-29,Monday,17,Cafeteria,1,29,3.8514062651913106,28,0,0,112.15604744532558
2026-02-11,Wednesday,9,Cafeteria,4,88,3.725267452085647,79,0,0,80.7955430203401
2026-05-01,Friday,10,Fee Counter,1,47,1.8817674341328043,41,0,0,92.12981360318705
2026-02-27,Friday,16,Student Service Center,3,56,3.1203143164633698,67,0,1,61.480320450157016
2026-02-21,Saturday,10,Fee Counter,1,70,5.940199223382527,59,1,0,417.43456691583265
2026-04-26,Sunday,8,Fee Counter,5,73,7.286138188494348,65,0,0,106.68183444506971
2026-06-27,Saturday,15,Library Counter,5,12,6.722019864497088,5,0,0,15.345366174118006
2026-02-27,Friday,16,Student Service Center,5,12,7.574114627885835,17,0,0,15.52458497334584
2026-05-13,Wednesday,16,Student Service Center,5,66,1.7497876072058656,65,0,0,26.198538946218562
2026-03-04,Wednesday,13,Student Service Center,3,100,6.2539416901193015,77,0,0,212.49367544961655
2026-03-04,Wednesday,15,Admin Office,5,70,7.521085594171841,49,1,0,106.87195517223117
2026-02-15,Sunday,8,Cafeteria,4,74,4.1640892268578416,77,0,0,76.53125077035659
2026-05-08,Friday,12,Library Counter,4,52,1.0949869893281114,34,0,0,13.274243389432721
2026-03-06,Friday,16,Library Counter,2,72,5.523975017865976,71,0,0,197.2900899509914
2026-04-22,Wednesday,15,Library Counter,3,88,6.889517192715326,79,0,0,199.37492235576212
2026-03-21,Saturday,8,Student Service Center,1,20,7.895668663378584,25,0,0,156.79552877034533
2026-06-22,Monday,13,Student Service Center,3,65,5.4551151949413,48,0,0,119.79894454719584
2026-05-14,Thursday,12,Student Service Center,3,83,6.788851792388216,63,0,0,186.21824103677628
2026-03-18,Wednesday,17,Cafeteria,5,35,2.1086172810939776,24,1,1,19.076121815729884
2026-01-26,Monday,15,Student Service Center,5,67,7.425733864909494,64,0,0,97.87773417337903
2026-04-22,Wednesday,12,Cafeteria,5,67,1.748999800385195,53,0,1,23.94169789611815
2026-03-23,Monday,12,Library Counter,2,49,7.444312589579518,22,0,0,185.43004025142906
2026-06-02,Tuesday,13,Library Counter,1,80,4.425113816858081,46,1,0,357.9578184811345
2026-04-02,Thursday,15,Student Service Center,4,54,4.206482036581642,57,0,0,57.30783923508579
2026-02-26,Thursday,14,Library Counter,5,90,7.571401277100728,75,0,0,133.3724789503555
2026-04-23,Thursday,12,Fee Counter,3,93,2.026298782481913,69,0,0,60.98746881519026
2026-02-12,Thursday,13,Library Counter,1,60,5.741978634490228,41,0,0,349.2563764822592
2026-05-15,Friday,8,Student Service Center,2,42,2.0369885240566297,22,1,0,47.72527900001574
2026-01-25,Sunday,11,Library Counter,5,35,7.93733720959265,32,0,0,57.154337217340725
2026-01-09,Friday,9,Library Counter,2,21,2.977284612292486,13,0,0,28.686971160808298
2026-06-17,Wednesday,15,Cafeteria,1,93,5.918206767528339,74,1,0,552.3026483935506
2026-04-15,Wednesday,11,Library Counter,1,26,2.9920651733335424,39,0,1,78.15333789985438
2026-02-04,Wednesday,14,Fee Counter,2,70,7.793336525092477,59,0,1,274.40771464257296
2026-04-06,Monday,14,Library Counter,4,41,5.645043363860991,22,0,0,57.30610339336087
2026-03-31,Tuesday,12,Fee Counter,3,93,4.381191906333784,55,1,0,138.17345427758048
2026-03-24,Tuesday,16,Student Service Center,5,72,7.950357344364794,76,0,0,116.5156241732059
2026-01-28,Wednesday,13,Library Counter,4,48,3.9710632280062543,22,0,0,50.33699211727475
2026-06-21,Sunday,16,Student Service Center,3,38,1.766756234841599,22,1,0,21.359266604137957
2026-02-14,Saturday,12,Library Counter,1,32,3.1336919423010485,16,0,0,100.864832885299
2026-03-15,Sunday,17,Student Service Center,1,69,3.4335706330830775,52,1,0,240.20300027385446
2026-06-16,Tuesday,9,Library Counter,1,34,2.4707381465351506,37,0,0,82.24077986662284
2026-01-22,Thursday,11,Cafeteria,5,44,4.7266929915211335,36,0,0,46.525330800674865
2026-03-29,Sunday,11,Cafeteria,3,43,6.045008161600402,20,1,0,91.15220915200622
2026-01-31,Saturday,8,Student Service Center,1,41,3.9899311343830006,32,0,0,161.55035391355338
2026-04-21,Tuesday,9,Cafeteria,1,20,5.4116670997431315,6,1,0,108.72591098133135
2026-02-07,Saturday,12,Fee Counter,5,44,1.2684433564778512,25,0,0,8.378970775630751
2026-06-13,Saturday,15,Library Counter,4,47,3.2525783601132616,41,0,0,37.90149104446007
2026-03-20,Friday,14,Library Counter,3,67,4.083371825088899,48,0,0,90.39010540449503
2026-04-30,Thursday,17,Library Counter,3,58,7.972538410576185,62,0,1,155.05403042896305
2026-04-21,Tuesday,10,Cafeteria,2,27,2.542726532063183,30,0,1,35.00566616481662
2026-06-10,Wednesday,15,Fee Counter,5,20,1.1148450010886413,17,0,0,2.1182770588208095
2026-01-25,Sunday,9,Fee Counter,3,11,2.6466420597945257,5,0,0,13.703648885284903
2026-06-23,Tuesday,15,Fee Counter,4,34,1.6650193327605147,44,0,1,11.706943540018182
2026-06-12,Friday,15,Student Service Center,5,19,6.715970468174665,15,0,0,30.404657950200413
2026-03-28,Saturday,11,Library Counter,2,21,1.829786558829538,17,0,0,19.8518504602928
2026-01-07,Wednesday,12,Cafeteria,3,41,7.879875183427796,17,0,0,112.21170211634515
2026-05-09,Saturday,17,Admin Office,3,65,2.4641387840258555,68,0,0,52.88477512761312
2026-03-15,Sunday,12,Student Service Center,4,60,6.276783831851198,40,0,0,98.20259940021397
2026-03-08,Sunday,12,Library Counter,3,78,1.3218769120446054,43,1,0,36.008047219418536
2026-05-13,Wednesday,12,Library Counter,1,58,6.991401328024311,39,0,0,408.531983098893
2026-06-16,Tuesday,9,Library Counter,5,57,6.419005338190946,62,0,0,71.1013957385071
2026-03-04,Wednesday,12,Admin Office,3,73,6.006700699847951,68,0,1,149.04856035232842
2026-03-11,Wednesday,15,Library Counter,2,61,4.516558422458971,61,0,0,140.40364241168913
2026-06-16,Tuesday,15,Cafeteria,2,31,4.804007768810148,26,0,0,74.17149581565728
2026-06-19,Friday,9,Student Service Center,2,80,2.091546059212548,71,0,0,84.36460042976573
2026-03-28,Saturday,11,Student Service Center,5,50,7.0844006164536495,49,0,0,73.21622846704904
2026-01-17,Saturday,13,Admin Office,1,70,7.209488340410145,41,0,0,503.6253679878897
2026-01-22,Thursday,10,Fee Counter,5,86,6.257376538494737,67,1,0,112.48929677974964
2026-06-09,Tuesday,14,Library Counter,4,52,5.775719417345928,13,1,0,77.49445556817103
2026-01-22,Thursday,9,Library Counter,5,32,1.1623118111058506,18,1,0,8.43056644604092
2026-06-03,Wednesday,13,Student Service Center,5,96,7.42430503456173,77,0,0,143.32476837561495
2026-03-03,Tuesday,11,Admin Office,4,92,6.488925810259103,69,1,0,152.06831461252875
2026-06-05,Friday,13,Library Counter,1,91,1.6424980168731138,63,0,0,152.68605384780818
2026-01-16,Friday,16,Fee Counter,5,46,3.0346348494378446,44,0,0,27.360191290347792
2026-03-17,Tuesday,12,Fee Counter,3,66,4.1046412907352465,47,0,0,92.0832551694825
2026-06-06,Saturday,8,Library Counter,3,69,4.167409524725391,60,0,0,97.1354613511226
2026-04-07,Tuesday,14,Cafeteria,3,47,2.250493516429169,20,0,0,38.846557623113455
2026-04-29,Wednesday,16,Student Service Center,4,50,5.384116326847155,55,0,0,70.85391373094424
2026-02-23,Monday,15,Admin Office,1,20,2.285506949078782,24,0,0,45.47576062038145
2026-01-16,Friday,12,Cafeteria,3,81,1.6316892236719203,59,0,0,43.33148487280027
2026-01-02,Friday,13,Student Service Center,3,66,6.3455404373878785,40,0,0,141.2056247333572
2026-04-09,Thursday,12,Cafeteria,5,89,1.6595966225860734,65,0,0,32.103265302850474
2026-02-05,Thursday,14,Cafeteria,2,50,7.977843333728108,23,0,0,202.67844230478215
2026-02-12,Thursday,9,Admin Office,5,80,3.0700673346617227,78,0,0,52.20324730181023
2026-02-28,Saturday,10,Admin Office,5,32,7.784721539477632,37,0,0,48.70960255127774
2026-02-26,Thursday,13,Fee Counter,4,68,3.849958957140941,34,1,0,65.14784487947338
2026-05-12,Tuesday,17,Library Counter,5,40,6.065047481488046,42,0,0,52.15606060375414
2026-04-29,Wednesday,10,Admin Office,4,77,2.9005694871652206,68,0,0,59.45300944089484
2026-05-18,Monday,17,Student Service Center,5,76,1.9201221165374869,64,1,0,32.56544753198028
2026-01-24,Saturday,11,Admin Office,4,49,6.951338972949148,44,0,0,84.62392630913007
2026-06-20,Saturday,9,Admin Office,5,23,7.607285231782871,13,1,0,39.20070290616267
2026-04-16,Thursday,10,Student Service Center,3,70,2.445072191340034,63,0,0,60.22013703185253
2026-04-08,Wednesday,13,Student Service Center,5,58,1.5852942832206844,25,1,0,20.07177880841802
2026-05-04,Monday,13,Student Service Center,4,107,2.668885762564429,78,0,0,72.77304871575285
2026-02-06,Friday,14,Student Service Center,3,25,1.4097899536505456,18,0,1,11.958083061599392
2026-01-13,Tuesday,16,Admin Office,4,84,2.939425077924251,78,0,0,60.44564159256777
2026-04-27,Monday,17,Cafeteria,1,47,6.145096659225585,50,0,0,286.57677802675164
2026-05-21,Thursday,13,Fee Counter,2,77,3.026845261576087,61,0,0,117.99220196868535
2026-06-10,Wednesday,9,Library Counter,1,18,2.3979029124639824,10,0,0,44.93984724562479
2026-05-07,Thursday,11,Admin Office,2,53,1.0439988210801383,44,0,0,25.803115265666783
2026-02-21,Saturday,9,Cafeteria,5,71,3.404019672528248,64,0,0,48.29111514310225
2026-06-16,Tuesday,14,Student Service Center,3,68,1.8418593539215968,45,0,0,39.31839837810712
2026-02-14,Saturday,12,Student Service Center,3,113,3.073002150809944,76,1,0,113.83959078321077
2026-01-19,Monday,17,Library Counter,4,21,4.833800061204009,24,0,0,25.052765932157946
2026-02-14,Saturday,9,Student Service Center,5,64,1.9950245931956174,44,1,0,27.927673785580193
2026-06-23,Tuesday,13,Student Service Center,1,56,7.501074799525271,37,0,0,423.80001913387036
2026-05-25,Monday,12,Student Service Center,3,29,5.428801772027552,7,0,0,51.22547417165026
2026-05-10,Sunday,17,Admin Office,4,70,2.5716472459599173,61,0,0,44.13039113007955
2026-06-01,Monday,9,Library Counter,5,62,2.071794716340134,53,0,0,25.85625932490556
2026-06-24,Wednesday,15,Library Counter,4,11,1.856130214056067,16,0,0,3.839031830198109
2026-06-28,Sunday,14,Student Service Center,5,44,5.974601639467997,26,0,0,54.72740030740181
2026-04-30,Thursday,17,Admin Office,5,9,1.6422083561598408,12,0,0,2.5278845834092407
2026-02-24,Tuesday,12,Fee Counter,4,67,7.796906563325249,41,0,0,131.99398077318182
2026-02-24,Tuesday,12,Fee Counter,5,60,4.362576747300531,27,1,0,50.30604718573203
2026-03-07,Saturday,16,Cafeteria,5,68,5.920446986433776,65,0,0,84.32984712659437
2026-06-04,Thursday,12,Fee Counter,1,83,1.489547550733604,42,1,0,128.06262611556016
2026-03-25,Wednesday,17,Library Counter,4,81,2.5173970866899023,76,0,0,50.414295561601165
2026-02-16,Monday,17,Student Service Center,2,47,2.13388048850877,40,0,0,48.570427716799
2026-03-15,Sunday,8,Cafeteria,3,60,2.1039535129836593,57,0,0,41.25228081606674
2026-02-06,Friday,16,Cafeteria,1,33,5.277064739179324,29,0,0,171.79259003605125
2026-06-26,Friday,10,Student Service Center,3,64,2.0727655109055743,55,0,0,45.83722700901258
2026-04-30,Thursday,10,Admin Office,3,62,2.5979954348358243,60,0,0,51.65246494037794
2026-02-23,Monday,11,Cafeteria,5,36,2.315282639610812,24,1,0,18.19272046954244
2026-05-13,Wednesday,15,Admin Office,4,18,5.158494580461856,22,0,0,26.2585156274219
2026-06-27,Saturday,11,Admin Office,4,24,4.527873479804539,29,0,0,31.90486852556478
2026-02-12,Thursday,16,Library Counter,5,56,1.9950809305872204,45,1,0,21.035434094311626
2026-05-31,Sunday,17,Admin Office,5,54,5.613803193298331,49,0,0,65.45156640072753
2026-04-16,Thursday,17,Fee Counter,2,36,2.678892239366227,39,0,0,46.79130804978466
2026-02-16,Monday,10,Fee Counter,5,20,1.9250933811302589,14,0,0,5.282063239277769
2026-05-23,Saturday,8,Cafeteria,2,30,7.761195090603396,21,0,0,115.34292817288602
2026-01-03,Saturday,10,Fee Counter,3,62,3.9299591869615105,59,0,0,85.12624904885278
2026-06-08,Monday,11,Cafeteria,5,21,5.477816715018003,19,1,1,20.03067124933426
2026-02-17,Tuesday,15,Admin Office,4,5,5.680216663925863,7,0,0,7.508311465238083
2026-01-19,Monday,8,Library Counter,1,43,2.4739455728380095,42,0,0,109.29040770607061
2026-01-13,Tuesday,11,Library Counter,1,11,4.429412781231463,13,0,0,50.06985783386869
2026-04-16,Thursday,12,Fee Counter,1,101,4.90428080241355,60,1,0,498.8023688025208
2026-06-11,Thursday,8,Student Service Center,2,74,6.744355779982075,67,1,1,250.88730659212408
2026-01-21,Wednesday,9,Library Counter,5,9,6.504220012894835,16,0,1,9.987028331821415
2026-04-02,Thursday,13,Fee Counter,2,78,1.6678240394361104,61,0,0,69.17984519676656
2026-04-30,Thursday,11,Cafeteria,1,12,2.2827702000942742,17,0,0,31.177126080557258
2026-05-13,Wednesday,14,Cafeteria,1,58,1.5775355931581787,38,0,0,95.23305772850499
2026-02-03,Tuesday,15,Library Counter,1,51,1.1418996087793085,46,0,0,58.38279550154628
2026-05-07,Thursday,11,Student Service Center,4,90,6.900523698677899,71,1,0,159.99504271859297
2026-03-21,Saturday,8,Admin Office,4,48,6.861000444948328,44,0,0,85.60611235774218
2026-04-04,Saturday,11,Cafeteria,3,34,2.082609501298375,38,0,0,24.507173653263273
2026-01-13,Tuesday,8,Admin Office,4,22,5.603705749128505,17,0,0,35.602357863579115
2026-01-14,Wednesday,15,Admin Office,2,33,5.898766133406796,11,1,0,102.27924538831778
2026-02-28,Saturday,17,Cafeteria,4,76,7.246639802153098,75,0,0,135.09788988231662
2026-04-09,Thursday,17,Student Service Center,5,64,6.309814446276295,66,0,1,78.28069775976603
2026-03-28,Saturday,15,Cafeteria,1,75,7.8223618176529595,78,0,1,590.4419746847591
2026-02-08,Sunday,9,Student Service Center,1,17,7.635256758792726,14,0,0,126.82959038110414
2026-06-05,Friday,17,Cafeteria,2,43,6.396269782957074,44,0,0,140.954757333643
2026-05-04,Monday,11,Library Counter,1,53,5.757497248499277,51,0,0,302.6095877069665
2026-01-08,Thursday,9,Fee Counter,3,91,7.069105549304062,69,1,0,213.9115063930574
2026-05-30,Saturday,8,Fee Counter,3,63,7.499792343991671,66,0,0,156.78735776098526
2026-01-28,Wednesday,10,Student Service Center,4,57,6.740292538390824,50,0,0,100.43301773394242
2026-06-20,Saturday,13,Fee Counter,5,70,6.718304162794184,53,0,0,94.87042244396999
2026-03-20,Friday,14,Fee Counter,4,66,5.852309026511761,42,0,0,98.05469107593208
2026-04-12,Sunday,9,Cafeteria,1,69,4.558915859502617,72,0,0,316.252428190701
2026-01-18,Sunday,8,Student Service Center,3,22,1.6706810575975788,13,0,0,13.060014552149722
2026-06-18,Thursday,11,Admin Office,1,74,7.530355881301249,56,1,0,554.8128072167134
2026-01-20,Tuesday,10,Fee Counter,1,76,3.539136727518609,76,0,0,273.64086619303777
2026-06-12,Friday,12,Library Counter,3,105,6.93145019700162,77,0,0,242.0165987106882
2026-05-20,Wednesday,15,Cafeteria,3,41,3.820367314531568,37,0,0,52.19715431084088
2026-05-06,Wednesday,11,Student Service Center,3,84,3.731952047919866,70,1,0,106.93373706259572
2026-02-06,Friday,15,Library Counter,5,67,2.7763382864149633,71,0,0,37.41748829463513
2026-06-17,Wednesday,8,Cafeteria,2,40,4.4671115758272695,17,1,0,93.78889084308528
2026-02-16,Monday,13,Student Service Center,4,76,4.538091597024633,58,0,0,88.03682623005471
2026-05-25,Monday,12,Admin Office,1,99,1.5601022547889152,71,0,0,157.56918488159397
2026-06-02,Tuesday,11,Library Counter,5,68,2.2944755369641823,67,0,0,28.47726235514138
2026-03-04,Wednesday,14,Student Service Center,1,57,4.1296929684145685,30,0,0,239.8677026584186
2026-04-17,Friday,8,Library Counter,3,67,1.3402093855614663,71,0,1,31.945102327802175
2026-05-08,Friday,8,Library Counter,3,40,6.8082110635733954,40,0,0,95.34427235645884
2026-04-02,Thursday,8,Student Service Center,5,35,5.6907475700558665,36,0,0,42.9135219599943
2026-03-03,Tuesday,10,Admin Office,5,9,5.116334028419464,12,0,0,10.321729983783296
2026-02-01,Sunday,16,Student Service Center,1,46,3.814821699535701,37,0,0,172.71733829660093
2026-06-26,Friday,13,Library Counter,2,46,5.862776922047132,30,0,0,139.74748815273654
2026-05-05,Tuesday,11,Fee Counter,5,49,5.0089737016357505,48,0,0,50.55070087634326
2026-01-13,Tuesday,12,Fee Counter,2,34,4.325776709383511,15,0,0,70.99679822643495
2026-01-18,Sunday,11,Fee Counter,4,10,6.438400094781544,23,0,1,18.99581201214577
2026-05-02,Saturday,8,Cafeteria,4,96,5.981286819934396,74,1,0,145.85811844036638
2026-01-03,Saturday,12,Library Counter,5,65,7.532130359567512,50,0,1,102.85032503261431
2026-02-11,Wednesday,13,Student Service Center,4,82,3.2872897273241066,63,0,0,68.92261315697753
2026-03-09,Monday,10,Fee Counter,4,24,1.8932833349436156,27,0,0,14.486738535931934
2026-02-22,Sunday,11,Cafeteria,1,8,2.5668967199437884,11,0,0,18.695117422108336
2026-04-09,Thursday,12,Cafeteria,2,47,4.544530917413558,11,1,0,104.33379650006306
2026-04-11,Saturday,12,Fee Counter,2,45,2.8596882909950914,16,0,0,69.2979383583239
2026-04-30,Thursday,13,Admin Office,2,64,2.554649817787938,36,0,0,84.68358950889605
2026-01-30,Friday,15,Student Service Center,5,36,6.146735341780473,32,0,0,42.08426544247364
2026-01-16,Friday,12,Fee Counter,1,87,4.166988205266939,55,1,0,360.78819246265186
2026-06-12,Friday,11,Library Counter,3,65,7.713326702139722,57,0,0,171.79778090627477
2026-03-15,Sunday,8,Cafeteria,4,65,2.0407839046414664,62,0,0,33.229368653567704
2026-05-22,Friday,13,Fee Counter,2,49,3.3999157481751805,23,0,0,82.69992660562103
2026-01-02,Friday,11,Cafeteria,5,30,5.192314004835355,33,0,0,32.1651093583207
2026-06-12,Friday,11,Library Counter,5,71,5.069948012568321,67,0,0,74.82783303834131
2026-02-07,Saturday,14,Fee Counter,3,93,2.133127196133226,64,0,0,63.62835322600843
2026-03-12,Thursday,10,Library Counter,5,84,3.7944036221612327,66,1,0,62.24026423036099
2026-06-27,Saturday,9,Student Service Center,2,20,6.671510853416567,19,0,0,70.17121761949274
2026-03-16,Monday,9,Library Counter,4,31,3.606498985310685,29,0,0,28.593632048008104
2026-06-17,Wednesday,10,Student Service Center,4,35,2.3820009588039963,27,0,0,22.66169493509142
2026-06-10,Wednesday,14,Fee Counter,4,94,5.8173074751792315,65,0,0,136.1659810714842
2026-03-30,Monday,12,Library Counter,2,95,2.4661666251773804,70,0,0,117.24730694351616
2026-01-04,Sunday,17,Student Service Center,5,33,1.429610508694352,45,0,1,8.923386973478353
2026-01-15,Thursday,10,Library Counter,1,74,1.828570677029071,79,0,1,135.02233961031652
2026-02-23,Monday,12,Cafeteria,1,37,1.1468599638375332,17,0,0,42.59988029176726
2026-05-23,Saturday,9,Admin Office,5,33,6.8133762756033605,37,0,0,43.82628859020114
2026-04-13,Monday,12,Cafeteria,2,31,3.284166372763541,11,0,0,48.47779556170357
2026-03-21,Saturday,8,Library Counter,4,88,4.304996359982704,71,1,0,92.95821151326035
2026-03-10,Tuesday,8,Library Counter,2,71,3.9944242706293522,58,1,0,143.80910027133118
2026-04-19,Sunday,13,Cafeteria,1,44,3.9866062859232425,15,0,0,175.98333079738669
2026-04-27,Monday,12,Fee Counter,2,78,4.735902613906202,54,0,0,184.01201791232612
2026-03-15,Sunday,16,Library Counter,4,54,1.5097082870489555,40,1,0,20.167457214250405
2026-02-26,Thursday,8,Admin Office,4,67,3.8631898464025385,68,0,0,63.272450648814946
2026-05-22,Friday,10,Student Service Center,3,89,5.450294340572634,75,1,0,164.17628955707482
2026-01-10,Saturday,9,Fee Counter,5,0,3.3318782236582813,11,0,1,1.287654895894506
2026-02-16,Monday,8,Fee Counter,3,39,5.814552829901909,38,0,0,75.14170803048205
2026-03-09,Monday,16,Admin Office,4,34,3.938778115417913,34,0,0,33.05830825751035
2026-05-24,Sunday,12,Library Counter,4,30,3.7735591809280287,12,0,0,26.364302692497937
2026-06-28,Sunday,8,Student Service Center,5,13,1.5424721516321953,7,0,0,1.4746646109979533
2026-01-04,Sunday,13,Cafeteria,2,24,2.9761218400797977,7,0,0,33.38812379991385
2026-05-01,Friday,17,Fee Counter,2,38,4.560783293814104,41,0,0,84.1215487607464
2026-06-11,Thursday,8,Student Service Center,3,17,6.172119589324611,15,0,0,37.975046113266345
2026-05-15,Friday,12,Student Service Center,3,39,1.0534729623804118,24,0,0,11.32174495980948
2026-03-31,Tuesday,17,Fee Counter,5,7,2.8118121704849632,11,0,0,6.926487851994814
2026-04-04,Saturday,16,Library Counter,3,75,1.8138770588638566,69,0,0,45.98447979100093
2026-02-11,Wednesday,14,Student Service Center,3,77,1.9027679069614383,35,1,0,48.863350681542286
2026-01-25,Sunday,12,Admin Office,4,46,5.349079239517524,18,0,0,58.886731570971314
2026-04-13,Monday,8,Admin Office,3,50,6.242168957661541,42,0,0,103.02801542421112
2026-04-04,Saturday,11,Library Counter,1,0,6.748865285969011,9,0,1,1.0
2026-01-06,Tuesday,12,Admin Office,3,66,4.3800202543299225,41,0,0,100.29825646565327
2026-02-06,Friday,9,Admin Office,2,48,3.9753261566185203,51,0,0,93.4150108501018
2026-05-19,Tuesday,17,Fee Counter,2,36,7.386471608923968,33,0,0,133.57377497830467
2026-06-28,Sunday,12,Library Counter,3,79,1.9033737055658428,62,0,0,47.97108192739631
2026-02-24,Tuesday,16,Library Counter,5,27,1.6868708923962212,31,0,0,13.590631062600153
2026-01-10,Saturday,16,Student Service Center,5,54,1.6078549430800804,49,0,0,21.525937592956996
2026-03-25,Wednesday,15,Library Counter,1,26,2.757264953334877,18,0,0,70.52280208888305
2026-01-27,Tuesday,11,Admin Office,3,84,6.589425538257405,68,1,0,182.93030931789338
2026-04-05,Sunday,16,Library Counter,1,31,4.98823761814303,12,1,0,157.295801498264
2026-02-01,Sunday,9,Student Service Center,2,69,2.014587473480109,63,0,0,73.25916178964466
2026-03-16,Monday,9,Fee Counter,4,74,4.813986799835114,67,1,1,90.48032130705188
2026-05-01,Friday,17,Student Service Center,5,44,5.244656350018236,35,0,0,44.504826833937905
2026-02-19,Thursday,13,Fee Counter,5,54,7.211114740288569,34,0,0,78.18314343403942
2026-03-09,Monday,17,Admin Office,1,48,6.1365912983753255,52,0,0,293.10284055228715
2026-02-20,Friday,16,Student Service Center,3,55,3.000037250639434,63,0,1,54.69563826315653
2026-02-27,Friday,15,Cafeteria,1,91,3.834504539582992,72,1,0,348.0941249701383
2026-05-24,Sunday,17,Student Service Center,5,0,1.2343324520475831,5,0,1,4.323415245404957
2026-02-02,Monday,9,Admin Office,1,41,1.3527845597036723,33,0,0,56.30689955762838
2026-01-22,Thursday,12,Library Counter,3,73,1.486928284404903,31,1,0,37.85662267583495
2026-06-17,Wednesday,11,Library Counter,2,12,3.4217024304207824,5,0,0,20.86148881834714
2026-06-08,Monday,17,Admin Office,4,72,4.858318516788036,73,0,0,88.26862551787022
2026-03-20,Friday,12,Student Service Center,5,64,4.723797119450745,49,0,0,63.43921517816228
2026-03-05,Thursday,16,Admin Office,3,31,3.4485694155609954,24,0,0,37.80471476624934
2026-05-18,Monday,10,Student Service Center,5,45,3.8771897830851807,47,0,0,38.21256215432672
2026-02-24,Tuesday,17,Admin Office,4,16,6.430290534341433,9,0,0,27.909979118463962
2026-02-18,Wednesday,15,Fee Counter,5,87,1.3170827742141704,73,1,0,27.369731810274622
2026-03-02,Monday,15,Admin Office,4,47,2.255115853191511,42,0,0,28.897651983659113
2026-02-17,Tuesday,13,Fee Counter,3,72,4.788763739323809,46,0,0,118.8786403723338
2026-01-26,Monday,17,Student Service Center,5,35,5.86747594536494,31,0,0,38.32918859789273
2026-05-06,Wednesday,13,Library Counter,5,88,1.3138830578793894,73,0,0,25.83512141570707
2026-05-08,Friday,12,Admin Office,4,37,2.617183230910051,31,0,1,28.07424630337683
2026-05-15,Friday,17,Cafeteria,3,21,7.628198110622318,21,0,0,56.99082025710777
2026-06-19,Friday,17,Library Counter,5,8,4.074606340184319,13,0,0,4.691662550607497
2026-02-16,Monday,17,Library Counter,3,16,3.87096590005009,19,0,0,19.64777901735007
2026-05-22,Friday,15,Library Counter,3,75,4.556191208876746,79,0,0,115.41697057073611
2026-02-24,Tuesday,17,Cafeteria,4,52,4.181437561858183,44,0,0,52.83961498867552
2026-06-27,Saturday,8,Cafeteria,3,5,2.970633647264921,7,0,1,2.721009072035441
2026-02-12,Thursday,14,Cafeteria,5,86,1.2145541349506268,66,0,0,18.895631518042826
2026-01-14,Wednesday,12,Admin Office,5,38,1.1844671151457962,18,0,0,9.60106531556365
2026-03-23,Monday,11,Fee Counter,1,32,7.388402986478005,37,0,0,238.1259129625005
2026-01-16,Friday,17,Student Service Center,2,71,5.864449552479029,78,0,1,211.6636652482535
2026-06-17,Wednesday,16,Fee Counter,5,44,6.901100483914739,40,0,0,59.131016449647596
2026-02-14,Saturday,17,Student Service Center,5,15,6.530063112199119,19,0,0,19.59595121371511
2026-03-22,Sunday,11,Admin Office,5,44,5.079232318658297,26,1,0,48.43210331030758
2026-02-06,Friday,15,Admin Office,1,74,3.4733200554012087,77,0,0,254.59515949373082
2026-04-03,Friday,10,Cafeteria,2,30,1.9959523608005219,17,1,0,33.44499169747029
2026-03-05,Thursday,10,Fee Counter,4,5,3.3342509992140936,7,0,1,7.194535514999769
2026-06-09,Tuesday,11,Fee Counter,4,65,2.6460012989435375,57,0,0,46.222957001558704
2026-03-30,Monday,8,Library Counter,4,12,3.6777314860769286,11,0,0,13.715410069022084
2026-04-16,Thursday,15,Fee Counter,1,28,1.685783632765471,25,0,0,49.63999441889216
2026-02-12,Thursday,9,Student Service Center,3,52,6.391954765236994,40,1,0,112.96502700950585
2026-01-11,Sunday,15,Library Counter,4,21,5.174335959238337,12,0,0,28.002392817800256
2026-03-15,Sunday,9,Student Service Center,4,71,2.5626095120575654,67,0,0,43.01788555016281
2026-04-25,Saturday,17,Library Counter,4,26,5.252474084123162,27,0,0,32.65979443059957
2026-05-29,Friday,9,Library Counter,5,42,4.2921617101269245,45,0,0,37.53658574171587
2026-06-03,Wednesday,12,Fee Counter,2,110,6.527861589158914,76,1,0,357.58339859888287
2026-01-16,Friday,11,Cafeteria,5,41,3.374000714531241,41,0,0,24.937111102632333
2026-04-04,Saturday,13,Cafeteria,4,38,5.4784020470977515,13,0,0,53.7268532573341
2026-04-19,Sunday,17,Library Counter,5,36,3.9293570450013178,36,0,0,32.12996123014203
2026-01-03,Saturday,17,Fee Counter,3,59,3.093083953044768,49,1,1,60.30348167568282
2026-01-17,Saturday,13,Library Counter,1,75,1.3448251429751248,52,0,0,99.14911258755495
2026-01-15,Thursday,9,Student Service Center,1,18,1.7910883774288489,15,0,0,31.27987615081096
2026-01-25,Sunday,8,Student Service Center,5,30,3.9528571265780563,13,1,0,21.49369738470783
2026-04-28,Tuesday,9,Fee Counter,2,37,6.254601537301974,41,0,1,116.25411001412215
2026-04-28,Tuesday,15,Cafeteria,5,70,5.755725230386922,62,0,0,85.4429791995134
2026-06-08,Monday,9,Library Counter,1,69,6.9555956482372965,75,0,1,483.1629978387297
2026-01-16,Friday,10,Cafeteria,5,40,5.4232892990185535,16,1,0,43.83443830422644
2026-01-25,Sunday,12,Student Service Center,2,35,6.957297140101315,7,0,0,124.76719656239435
2026-02-02,Monday,11,Cafeteria,2,54,4.591666719680793,53,0,0,125.26498157821077
2026-05-29,Friday,8,Cafeteria,1,80,4.342854587780198,66,1,0,347.6659087939989
2026-05-23,Saturday,9,Admin Office,4,30,3.767747344859891,27,0,0,25.514077263190753
2026-05-08,Friday,9,Cafeteria,2,22,2.69714152503658,23,0,0,31.77065853578028
2026-01-10,Saturday,12,Fee Counter,2,60,5.493213040039355,41,0,0,169.50750214606455
2026-03-11,Wednesday,17,Library Counter,2,19,2.4040498443650096,9,1,0,26.79673883062287
2026-01-03,Saturday,8,Fee Counter,1,23,4.73971305857725,15,0,0,113.73709694763039
2026-01-12,Monday,12,Student Service Center,5,107,4.609479818138916,76,1,0,96.84871678238031
2026-05-31,Sunday,10,Fee Counter,2,73,7.045927326445339,65,0,0,260.3389148875163
2026-04-05,Sunday,8,Cafeteria,5,61,4.2604990122598085,66,0,0,50.765240189995325
2026-02-12,Thursday,12,Admin Office,4,71,2.0108441091246716,43,0,0,37.77956108293258
2026-05-03,Sunday,17,Admin Office,3,50,6.4544471818776,43,0,0,108.91706481778571
2026-01-16,Friday,8,Cafeteria,1,64,4.9128573291513895,55,0,0,318.50814381476357
2026-05-01,Friday,8,Fee Counter,3,21,1.719499049901075,12,0,0,13.381404443030089
2026-05-10,Sunday,8,Cafeteria,4,8,3.466823087406629,9,0,0,10.500856881359006
2026-04-04,Saturday,8,Student Service Center,4,20,6.364088646085822,12,0,0,33.39979574215308
2026-03-15,Sunday,8,Cafeteria,1,41,1.191236581492203,41,0,0,45.86668326727239
2026-03-15,Sunday,11,Admin Office,1,47,5.440780816479592,35,1,0,253.54614069750903
2026-04-11,Saturday,9,Cafeteria,3,38,3.4432842871687175,48,0,1,41.29116450928514
2026-04-19,Sunday,15,Student Service Center,4,30,4.601874827362803,30,0,0,36.828957497029684
2026-05-23,Saturday,12,Library Counter,1,79,6.397310085572871,61,0,0,503.2404014507465
2026-05-01,Friday,8,Fee Counter,2,3,3.0299678222131123,7,0,0,2.306631358529234
2026-01-16,Friday,15,Library Counter,3,44,6.587640197116697,42,0,0,99.42610238701295
2026-04-16,Thursday,9,Fee Counter,4,33,2.65521703243649,10,1,0,23.887941625419522
2026-05-26,Tuesday,8,Student Service Center,5,37,7.1551073261255125,30,0,0,55.87042209137166
2026-02-08,Sunday,14,Fee Counter,2,64,1.1329926190053552,44,0,0,35.08236111153518
2026-03-22,Sunday,11,Cafeteria,2,27,2.8776988521484053,26,0,0,42.413412351909095
2026-01-30,Friday,17,Admin Office,1,86,2.2030650414574726,77,0,0,194.29909708145095
2026-05-18,Monday,10,Student Service Center,5,24,7.637536132465228,15,0,0,35.26655955038398
2026-02-14,Saturday,8,Fee Counter,3,44,1.6160367521399106,35,0,0,25.724371797278728
2026-06-26,Friday,16,Student Service Center,2,24,3.6328570164559153,27,0,0,43.026792497523004
2026-02-11,Wednesday,8,Fee Counter,3,58,4.243457656032087,50,0,0,79.63124935331041
2026-04-25,Saturday,11,Fee Counter,5,18,4.298784787529739,10,0,0,17.258467443641578
2026-01-13,Tuesday,12,Cafeteria,4,38,7.410545095828908,23,0,0,68.91601537113876
2026-04-30,Thursday,12,Library Counter,5,54,1.4252761071161404,30,0,0,17.22651756280363
2026-02-13,Friday,11,Library Counter,1,65,2.8295481972785566,69,0,0,181.54506448714943
2026-06-27,Saturday,8,Student Service Center,4,17,4.203789577966438,17,0,0,22.36366512330659
2026-02-09,Monday,17,Admin Office,4,9,4.623991563397921,5,0,0,7.585091605075302
2026-04-02,Thursday,11,Student Service Center,2,28,7.591499164161761,32,0,0,109.64585969682045
2026-05-29,Friday,14,Admin Office,5,98,5.776426573756602,77,0,0,112.76834810998196
2026-02-08,Sunday,13,Fee Counter,4,75,5.171795315715018,62,0,1,97.74697979315783
2026-02-08,Sunday,11,Student Service Center,5,25,4.012763543143095,34,0,1,19.305064002997646
2026-04-07,Tuesday,15,Admin Office,4,45,6.990877378464437,55,0,1,79.77551085506596
2026-05-16,Saturday,13,Student Service Center,5,107,3.577090182539515,65,1,0,76.36186290563143
2026-02-16,Monday,9,Fee Counter,5,44,7.095347727855049,34,1,0,60.92951739804721
2026-04-27,Monday,10,Cafeteria,2,84,4.193960771915404,71,1,0,174.81103394429712
2026-05-28,Thursday,15,Cafeteria,1,61,6.638763466570602,59,0,0,409.5348558889121
2026-03-17,Tuesday,10,Cafeteria,5,77,5.420813399768808,73,0,0,88.39480281491383
2026-03-30,Monday,16,Cafeteria,4,45,3.1523315464390773,43,0,0,39.11041106118439
2026-01-25,Sunday,10,Fee Counter,2,14,4.353643447344603,8,0,0,35.04587949491975
2026-05-22,Friday,8,Library Counter,3,67,7.142388289222735,73,0,1,157.47564720671343
2026-06-13,Saturday,15,Library Counter,4,67,2.0758555938892647,70,0,0,32.066279999409666
2026-06-14,Sunday,15,Library Counter,4,55,2.851913895969095,56,0,1,43.64118175712647
2026-03-13,Friday,14,Cafeteria,2,81,7.48458938128213,69,0,1,307.9538890083081
2026-02-07,Saturday,8,Admin Office,2,38,3.8401078509206794,31,0,0,74.9469678887951
2026-01-27,Tuesday,17,Library Counter,3,31,4.257150374930769,22,0,0,47.27098934648861
2026-04-21,Tuesday,15,Library Counter,1,70,2.889587183227663,61,0,0,203.19948052536108
2026-06-16,Tuesday,16,Admin Office,4,75,6.581988512682278,71,0,0,124.36976580332538
2026-01-17,Saturday,12,Admin Office,5,65,7.438442205817157,42,0,0,95.30490537375185
2026-01-05,Monday,17,Fee Counter,2,58,3.2149966107307337,54,0,0,96.249985140143
2026-04-15,Wednesday,11,Admin Office,5,55,6.569410800081155,54,0,0,71.35184146734866
2026-05-13,Wednesday,10,Cafeteria,4,79,1.928010070886713,78,0,0,38.200573959030265
2026-03-19,Thursday,17,Student Service Center,5,20,3.79093588601029,17,0,0,12.85312754121701
2026-05-26,Tuesday,12,Admin Office,5,34,7.630662326654329,16,0,0,54.86963114591129
2026-02-13,Friday,14,Cafeteria,4,51,1.2322092992463227,26,0,0,17.24988122078025
2026-03-29,Sunday,8,Student Service Center,3,54,5.484572160740787,52,0,0,98.23142768682912
2026-01-02,Friday,10,Student Service Center,5,2,2.803692192152183,17,0,1,1.0
2026-06-18,Thursday,13,Student Service Center,4,31,6.79612729878652,16,0,0,52.82334616982131
2026-04-16,Thursday,15,Fee Counter,2,65,4.2260914366367,56,0,0,141.54590041853072
2026-01-13,Tuesday,10,Library Counter,5,67,7.3407832753076026,64,0,0,100.9267721415005
2026-06-12,Friday,9,Library Counter,3,66,7.556032588516122,63,0,0,169.5148924592748
2026-06-04,Thursday,16,Library Counter,1,58,1.3306004776582727,60,0,0,74.81979532158608
2026-02-27,Friday,15,Student Service Center,3,25,4.084779370306214,17,0,0,38.57714057641716
2026-03-16,Monday,14,Library Counter,3,63,3.0248695098522274,44,0,0,65.9452159790364
2026-05-07,Thursday,10,Student Service Center,1,57,6.794699710408876,49,0,0,388.64636821086174
2026-03-18,Wednesday,15,Library Counter,5,55,5.6654771863301105,52,0,0,62.40018463151808
2026-04-23,Thursday,15,Library Counter,3,64,2.1866991598656105,64,0,0,50.37287232919285
2026-02-25,Wednesday,14,Fee Counter,1,71,2.302350229660896,27,1,0,160.7150938452679
2026-06-14,Sunday,12,Library Counter,4,52,3.492291974921171,33,0,0,46.898606304847064
2026-05-10,Sunday,11,Admin Office,3,67,5.006614481417081,68,0,0,116.44210589036138
2026-01-22,Thursday,17,Fee Counter,1,36,3.52302181376353,32,0,0,127.99416541070276
2026-03-20,Friday,14,Admin Office,2,102,5.222128120958137,79,0,0,265.00738057274134
2026-04-26,Sunday,9,Student Service Center,4,70,5.767262187138976,65,1,1,103.25707443815841
2026-05-01,Friday,8,Admin Office,5,74,4.335378439223003,78,0,0,64.70064683866349
2026-05-25,Monday,13,Student Service Center,3,54,5.194154113570166,36,0,0,94.26697792787964
2026-03-23,Monday,8,Library Counter,4,53,1.0389900392248541,52,0,0,18.71202776473322
2026-06-21,Sunday,17,Fee Counter,3,72,7.5038205320931555,70,0,0,182.7963079332673
2026-03-21,Saturday,13,Fee Counter,2,102,4.248518138682727,78,0,0,218.81634848619998
2026-04-07,Tuesday,8,Student Service Center,2,19,6.630509579354327,23,0,0,60.70439717333621
2026-06-08,Monday,12,Fee Counter,5,40,5.84985013899814,24,0,0,45.51061179709764
2026-06-04,Thursday,15,Cafeteria,4,46,1.9002024935763429,28,1,0,25.893706121253995
2026-04-04,Saturday,16,Fee Counter,1,61,3.2708893757491424,56,0,0,197.83253748016267
2026-04-19,Sunday,11,Fee Counter,1,65,1.3212570751253447,60,0,0,89.36859763929775
2026-06-23,Tuesday,14,Admin Office,4,84,4.120826737043634,69,0,0,87.42242383809077
2026-03-23,Monday,13,Fee Counter,5,67,7.019271021819158,46,0,0,91.54981502073079
2026-01-09,Friday,8,Admin Office,1,67,6.204976824534901,71,0,0,419.62277334547986
2026-01-04,Sunday,15,Admin Office,5,41,4.6363083180152795,44,0,0,40.10284908618897
2026-05-08,Friday,9,Library Counter,5,53,2.000997635094565,49,0,0,25.213297228292
2026-01-29,Thursday,17,Fee Counter,2,85,4.126515485169389,61,1,0,174.96864358234333
2026-04-29,Wednesday,10,Fee Counter,1,64,3.23521795291715,63,0,0,206.69197372499974
2026-03-12,Thursday,13,Cafeteria,4,48,5.224505569725351,32,0,0,64.92310229524273
2026-05-04,Monday,9,Student Service Center,2,19,5.163561999700299,9,1,0,49.31521866233776
2026-04-13,Monday,9,Student Service Center,4,28,1.7976192957635866,33,0,0,12.106890799000288
2026-06-25,Thursday,13,Student Service Center,1,93,4.1460925876892984,67,0,0,383.7840959919099
2026-02-14,Saturday,12,Fee Counter,5,93,7.3509442494905155,66,0,0,134.41929084132082
2026-04-21,Tuesday,9,Library Counter,1,12,3.1715814955636157,16,0,0,38.88683711278637
2026-03-26,Thursday,14,Student Service Center,2,70,6.836242516444782,50,0,0,240.63899925560537
2026-03-11,Wednesday,9,Student Service Center,5,63,6.532241718358282,68,0,0,84.93890993851939
2026-06-20,Saturday,13,Fee Counter,5,39,4.30586232759285,31,0,1,33.05940241377108
2026-04-10,Friday,8,Library Counter,5,29,2.0877638347880456,28,0,0,14.48783605217353
2026-01-27,Tuesday,14,Fee Counter,4,60,4.5613675950277734,43,0,0,69.72301284245167
2026-03-09,Monday,17,Cafeteria,4,17,5.347253402377611,10,0,0,23.306486903737202
2026-02-09,Monday,17,Student Service Center,5,44,6.5653682481485465,46,0,0,61.442081496476824
2026-04-11,Saturday,9,Library Counter,4,62,7.933960773994072,63,0,0,121.19193623616765
2026-02-15,Sunday,9,Admin Office,3,58,3.612950281009037,62,0,0,73.69540902878066
2026-04-21,Tuesday,16,Student Service Center,3,68,5.227992502968091,59,0,0,121.5421777152831
2026-02-28,Saturday,13,Student Service Center,3,52,5.2871601392012755,28,0,0,89.84015955847914
2026-02-12,Thursday,12,Cafeteria,2,104,7.2614408141235405,64,1,0,376.24314130979167
2026-06-01,Monday,14,Fee Counter,1,112,4.995425125764125,78,1,0,557.5992802006501
2026-02-14,Saturday,10,Cafeteria,3,50,4.208887661388208,48,0,0,73.29558812386446
2026-03-09,Monday,10,Fee Counter,3,36,1.8429625832653835,30,0,0,26.295241243744435
2026-03-06,Friday,10,Admin Office,2,22,2.7465000436609466,25,0,0,27.22489091293983
2026-06-19,Friday,13,Admin Office,2,79,7.701993156908329,44,1,0,308.26232562884076
2026-02-11,Wednesday,16,Admin Office,3,64,3.372490353498074,57,0,0,69.663522299505
2026-02-19,Thursday,15,Cafeteria,2,54,6.756727421025597,56,0,0,185.51110605704707
2026-06-02,Tuesday,10,Admin Office,5,37,5.7172195848339324,34,0,0,43.94331677942202
2026-02-22,Sunday,8,Student Service Center,2,99,7.4812338760816495,75,1,0,374.504657405635
2026-02-11,Wednesday,12,Student Service Center,5,120,2.678823455218496,77,1,0,63.08727271121043
2026-04-14,Tuesday,16,Fee Counter,4,78,5.810505288267803,72,0,0,117.35223951392807
2026-03-14,Saturday,9,Admin Office,2,86,6.290866877636723,78,0,0,271.89913693057804
2026-06-06,Saturday,11,Library Counter,5,28,6.270867517833377,31,0,0,34.54454597693252
2026-06-26,Friday,10,Library Counter,4,53,3.742091458059304,58,0,0,53.83623986342318
2026-03-22,Sunday,17,Admin Office,3,64,7.605254752765585,65,0,0,159.8759518388181
2026-03-12,Thursday,9,Admin Office,5,65,7.050683978197121,43,1,0,89.33631361672516
2026-05-18,Monday,17,Cafeteria,1,38,7.401836553708092,32,0,0,285.0798047739815
2026-04-03,Friday,12,Student Service Center,2,58,2.2587089898671664,43,0,0,68.9255810092665
2026-01-22,Thursday,13,Fee Counter,1,48,1.257105516812402,33,0,1,58.75170634426854
2026-03-27,Friday,11,Admin Office,5,72,5.631914648495439,63,0,0,78.64653797281905
2026-02-22,Sunday,13,Library Counter,1,34,3.9854407811169192,13,0,0,134.99864985367563
2026-01-18,Sunday,8,Cafeteria,2,81,3.4182324114429514,73,0,0,142.22076644766366
2026-06-09,Tuesday,10,Student Service Center,4,27,4.3498994669974635,19,0,0,27.824978497813895
2026-03-10,Tuesday,11,Student Service Center,4,76,7.98869416005676,58,1,0,153.1643662221496
2026-06-15,Monday,10,Cafeteria,3,39,1.518515047520695,43,0,0,23.431498455592507
2026-04-27,Monday,8,Student Service Center,2,59,2.7912104977260355,45,1,0,86.83012790616982
2026-01-13,Tuesday,9,Library Counter,3,81,7.100385784196289,75,0,0,191.93973746529997
2026-03-27,Friday,10,Student Service Center,3,73,5.083070576270095,64,0,0,122.08938000244527
2026-03-18,Wednesday,8,Fee Counter,4,60,1.3379671413209129,59,0,0,21.755358031168935
2026-03-31,Tuesday,14,Student Service Center,5,65,3.6467581312591104,56,0,1,51.998101902361924
2026-06-11,Thursday,11,Library Counter,5,37,4.623006925854374,37,0,0,38.700720342468685
2026-02-13,Friday,14,Fee Counter,3,46,7.4394544678142225,21,0,0,118.76139831956692
2026-01-09,Friday,8,Cafeteria,3,39,3.932088038090544,42,0,0,54.77296568516776
2026-04-01,Wednesday,11,Admin Office,4,19,1.4239905821476118,17,0,0,5.389616011284605
2026-02-21,Saturday,11,Cafeteria,1,39,1.0007716226127572,42,0,0,36.53456148650748
2026-04-08,Wednesday,17,Cafeteria,4,20,6.7782261936783765,34,0,1,38.02194845070379
2026-01-23,Friday,17,Library Counter,4,62,2.529204124053845,66,0,0,42.26173232677696
2026-03-15,Sunday,17,Cafeteria,3,25,3.7314966413603132,18,0,0,34.692706274002994
2026-03-20,Friday,15,Cafeteria,3,13,5.775976832214772,18,0,0,25.11666106994266
2026-06-13,Saturday,13,Cafeteria,4,95,6.6286778956346915,57,1,0,160.89356454580349
2026-03-10,Tuesday,15,Library Counter,1,65,1.3062784267336927,66,0,1,81.98114189760892
2026-03-28,Saturday,16,Library Counter,2,53,4.935338577940637,53,0,0,131.0057981022769
2026-03-06,Friday,8,Library Counter,5,58,3.1516953324069066,37,1,0,40.405715399219
2026-04-24,Friday,16,Student Service Center,2,78,6.633777545308356,76,0,0,262.1962093294688
2026-04-21,Tuesday,15,Fee Counter,2,60,3.321262684229638,65,0,1,97.61410834340921
2026-05-13,Wednesday,15,Admin Office,3,69,3.203858828617782,60,0,0,75.23674696454181
2026-02-07,Saturday,11,Student Service Center,1,53,3.8847864287533764,52,0,0,208.8178151203886
2026-03-01,Sunday,14,Fee Counter,2,40,3.5096552516199218,20,0,0,71.65207749414262
2026-06-10,Wednesday,12,Fee Counter,1,27,3.378185377661806,19,0,1,91.30789363968763
2026-04-15,Wednesday,12,Cafeteria,1,51,2.519991818049984,24,0,0,131.3802017546131
2026-03-04,Wednesday,8,Admin Office,3,67,1.7280594234124378,66,0,0,38.17270445178541
2026-05-16,Saturday,16,Admin Office,4,24,2.8534909885241366,15,0,0,17.844279454553412
2026-01-06,Tuesday,14,Student Service Center,4,84,1.2849170927403035,67,0,0,25.19318131640967
2026-05-13,Wednesday,16,Library Counter,1,32,5.058733462211091,30,0,0,165.67693309955425
2026-04-20,Monday,13,Library Counter,2,86,5.431300464330061,65,0,0,235.3460520308965
2026-05-19,Tuesday,14,Student Service Center,3,91,6.871723005447864,65,0,0,209.28673933299126
2026-06-08,Monday,16,Admin Office,1,63,5.330045411058543,65,0,0,337.66845896373036
2026-05-20,Wednesday,17,Student Service Center,4,36,5.272710263408781,30,1,1,51.03249079158872
2026-05-28,Thursday,12,Fee Counter,2,82,3.2955706132519165,62,0,0,134.97687089859298
2026-05-18,Monday,17,Admin Office,4,45,5.737595201122919,44,0,0,66.84043065946706
2026-06-04,Thursday,15,Cafeteria,3,19,4.994132563191496,11,0,0,34.66812574275937
2026-04-24,Friday,13,Student Service Center,4,82,1.5254361967935184,39,1,0,35.080993795681266
2026-02-23,Monday,10,Library Counter,3,36,5.867442975558346,39,0,1,67.45765728156469
2026-05-16,Saturday,9,Cafeteria,1,51,2.5706070178228906,54,0,1,130.94282216549973
2026-03-28,Saturday,12,Admin Office,4,52,5.622774545895679,31,0,0,74.48845067678563
2026-03-11,Wednesday,16,Library Counter,2,47,6.1693831209989,31,1,0,147.30568377521124
2026-04-23,Thursday,10,Admin Office,5,27,4.407656261883005,31,0,1,22.069991555214695
2026-06-13,Saturday,13,Cafeteria,2,92,6.137583509461397,70,0,0,284.0425183194006
2026-02-27,Friday,16,Fee Counter,5,75,4.937579912733363,76,0,0,75.8684857491738
2026-05-09,Saturday,16,Student Service Center,3,55,2.5866776195361236,55,0,0,50.099688981905175
2026-05-01,Friday,11,Library Counter,2,73,2.3535610573596673,78,0,0,84.87447833672276
2026-05-31,Sunday,16,Fee Counter,5,44,3.1658077029962475,33,1,1,30.24735786556023
2026-01-07,Wednesday,15,Cafeteria,2,44,3.9515780477528697,47,0,0,86.64732778499445
2026-04-24,Friday,16,Cafeteria,5,38,3.7780023190782934,34,0,0,26.60075510023581
2026-05-02,Saturday,12,Student Service Center,4,93,7.3208497039068705,56,1,0,168.87482679518521
2026-03-22,Sunday,16,Student Service Center,3,73,3.733833527071219,75,0,0,92.91019656798451
2026-06-12,Friday,17,Library Counter,1,44,1.7104388774613866,42,0,0,78.03788415133162
2026-04-01,Wednesday,12,Library Counter,5,71,3.779686254481686,42,0,0,57.737008792566584
2026-06-25,Thursday,14,Fee Counter,2,31,6.28165207314399,6,0,0,101.08747097011286
2026-04-27,Monday,12,Library Counter,4,79,2.630262784386745,53,0,0,54.83930642128238
2026-04-01,Wednesday,9,Library Counter,1,0,3.9620613225961736,7,0,1,2.918530675105681
2026-03-06,Friday,9,Library Counter,1,59,4.040460638921792,60,0,0,239.71781831675148
2026-02-26,Thursday,17,Student Service Center,1,55,7.028268626079231,48,0,0,390.6655448449619
2026-05-10,Sunday,13,Cafeteria,4,77,2.758619672701235,56,0,0,55.03259371076213
2026-02-08,Sunday,13,Student Service Center,1,33,2.034858261696146,18,0,0,70.95244256267581
2026-01-22,Thursday,15,Library Counter,3,30,2.5307195254115853,25,0,0,27.668575587301742
2026-02-13,Friday,16,Fee Counter,3,20,1.8145662274598275,15,0,0,15.725242798439659
2026-01-29,Thursday,12,Student Service Center,1,24,3.24032081940205,9,0,0,80.47539754293292
2026-04-11,Saturday,8,Admin Office,4,33,2.80743074985935,44,0,1,21.940847332692456
2026-05-22,Friday,11,Library Counter,5,25,2.8952290362737996,16,0,0,16.816090363556803
2026-01-02,Friday,8,Fee Counter,3,2,3.5901915484448583,16,0,1,1.0
2026-03-30,Monday,9,Cafeteria,3,37,7.619219449682147,34,0,0,97.73290719825074
2026-05-25,Monday,9,Library Counter,5,26,7.592238535618433,26,0,0,39.58582431158597
2026-04-29,Wednesday,15,Fee Counter,1,57,4.712347441506935,49,0,0,267.3207663632651
2026-06-29,Monday,11,Fee Counter,2,56,1.9910694633913795,54,0,0,58.63643780548805
2026-01-02,Friday,9,Admin Office,1,58,2.9253450201467546,63,0,0,171.4064858033635
2026-01-03,Saturday,16,Cafeteria,3,40,1.3024200504652181,39,0,0,18.11977544377301
2026-01-19,Monday,14,Cafeteria,2,40,6.49623168429576,13,0,0,132.51911948937513
2026-01-29,Thursday,9,Fee Counter,3,75,1.9316878818058763,73,0,0,51.626970588092185
2026-03-29,Sunday,10,Fee Counter,3,25,7.076809012564363,20,0,0,61.84759350904329
2026-02-26,Thursday,12,Student Service Center,3,98,6.906407320444921,69,0,0,225.21381514342357
2026-01-19,Monday,15,Student Service Center,2,17,1.2562185629361347,11,0,0,14.85716162472507
2026-06-24,Wednesday,14,Fee Counter,2,29,4.206835420096454,10,0,0,61.91619370503503
2026-01-10,Saturday,10,Student Service Center,2,64,7.3099276546554215,66,0,0,231.76806187146724
2026-04-11,Saturday,14,Library Counter,3,35,6.011178586210009,6,0,0,68.90780227779948
2026-05-24,Sunday,10,Library Counter,4,37,6.440833219598857,37,0,0,59.22897527648807
2026-02-22,Sunday,17,Student Service Center,4,35,1.2742864740787558,35,0,0,12.397556496768033
2026-01-14,Wednesday,16,Admin Office,3,34,6.614158045697495,36,0,0,72.68291983976329
2026-04-06,Monday,14,Student Service Center,2,45,1.1775324401250973,22,0,0,23.57066674772634
2026-06-24,Wednesday,10,Admin Office,2,99,5.464839425774492,78,1,0,273.8055205259704
2026-03-28,Saturday,8,Cafeteria,1,51,7.196348843686077,53,0,0,364.8850552955939
2026-04-19,Sunday,8,Admin Office,2,4,5.744958290147843,7,0,0,9.841859979322685
2026-02-09,Monday,11,Fee Counter,5,74,5.600235536914349,76,0,0,83.23510910845926
2026-02-12,Thursday,11,Admin Office,1,13,3.704552373847218,13,0,0,53.15629009173527
2026-04-09,Thursday,14,Student Service Center,2,56,6.474395282081762,32,0,0,181.3306692801709
2026-02-05,Thursday,17,Admin Office,4,21,3.7965437393431025,27,0,1,24.87498937969411
2026-06-09,Tuesday,8,Library Counter,3,37,1.593029478160597,38,0,0,21.57998099598371
2026-01-28,Wednesday,9,Admin Office,4,86,1.132644087413666,77,0,0,24.69920614953244
2026-03-28,Saturday,10,Library Counter,4,28,5.320505718049921,12,1,0,37.146830783336526
2026-06-19,Friday,9,Library Counter,1,80,5.379952819456122,77,0,0,430.5858585839132
2026-01-08,Thursday,13,Fee Counter,1,66,1.2780484129623828,50,0,0,83.58955426232849
2026-02-19,Thursday,15,Library Counter,2,28,1.1636440518444937,20,0,0,18.514410205376336
2026-02-04,Wednesday,10,Admin Office,3,57,7.88325118346065,53,0,0,149.12490519938345
2026-06-06,Saturday,15,Admin Office,2,33,4.546125616531819,28,0,0,78.25584461592712
2026-06-16,Tuesday,16,Library Counter,4,63,2.9204919013542088,57,0,0,49.6121607773357
2026-04-27,Monday,14,Library Counter,2,87,2.1099566061104587,69,0,0,93.42046366962597
2026-02-07,Saturday,10,Student Service Center,3,6,6.933944732197494,7,0,0,14.28328579954314
2026-03-25,Wednesday,12,Fee Counter,1,47,3.161892848532402,29,0,0,151.2330157437054
2026-02-21,Saturday,15,Fee Counter,1,5,4.2768325072347135,6,0,0,24.504365124094747
2026-06-07,Sunday,13,Admin Office,2,80,3.1858551901284797,52,0,0,129.19241659881317
2026-05-13,Wednesday,13,Admin Office,3,50,4.093389374001337,32,0,0,72.02219435021418
2026-03-07,Saturday,10,Fee Counter,2,70,6.677558556149714,71,0,0,231.23672545378793
2026-04-25,Saturday,15,Student Service Center,3,47,7.480181831250635,45,0,0,120.35054950990568
2026-02-12,Thursday,13,Library Counter,1,76,7.30730928648084,51,1,1,557.6691232356892
2026-06-20,Saturday,17,Library Counter,4,48,1.8244559356387668,24,1,0,19.621703938067483
2026-06-03,Wednesday,16,Admin Office,2,31,4.255733083980781,30,0,0,65.32800231842977
2026-01-05,Monday,16,Library Counter,2,78,5.8832315097605345,79,0,0,227.05867633160173
2026-06-27,Saturday,11,Admin Office,2,24,2.033666277990413,21,0,0,28.00492463171993
2026-06-15,Monday,12,Fee Counter,5,56,5.332958037023071,33,0,0,56.87067530375257
2026-03-07,Saturday,14,Fee Counter,4,85,7.978122199828711,43,1,0,171.9012742710819
2026-02-23,Monday,15,Admin Office,3,63,2.5932818185606936,67,0,0,57.437514737388355
2026-06-20,Saturday,14,Admin Office,4,26,3.2283766549129886,10,0,0,24.215358728784263
2026-01-19,Monday,10,Library Counter,3,53,4.900212165884584,41,1,0,89.85511960305101
2026-02-10,Tuesday,8,Cafeteria,5,49,2.9013193690047694,52,0,0,27.798943394354982
2026-01-01,Thursday,16,Admin Office,5,59,4.9612787434850025,63,0,0,55.83156726962117
2026-02-26,Thursday,10,Fee Counter,4,28,2.7480148954450185,33,0,0,17.312121448930903
2026-06-27,Saturday,14,Library Counter,1,73,3.2834946662313205,44,0,0,243.90686446204043
2026-06-20,Saturday,14,Fee Counter,5,35,2.664026182145546,10,0,0,23.411405680482076
2026-03-08,Sunday,11,Fee Counter,2,41,4.619569103904331,24,1,0,96.41338692703653
2026-01-04,Sunday,9,Fee Counter,5,68,6.161428875825532,67,1,1,82.539227090748
2026-05-05,Tuesday,16,Library Counter,1,25,6.553684126780493,29,0,0,166.7782879947429
2026-02-17,Tuesday,13,Fee Counter,2,15,2.651971970864826,9,0,1,19.45153699441057
2026-03-30,Monday,10,Fee Counter,2,64,4.557558911817874,42,1,0,143.90024937618978
2026-06-06,Saturday,10,Admin Office,5,65,5.250807437521448,58,0,0,72.67217218646903
2026-02-22,Sunday,16,Admin Office,3,19,7.343300397231351,15,1,1,51.21571980931137
2026-04-05,Sunday,8,Cafeteria,2,36,3.7261582494434657,33,0,0,69.42805746841125
2026-04-13,Monday,8,Cafeteria,2,38,3.0205394020695517,33,0,0,56.09765771106877
2026-01-05,Monday,9,Cafeteria,4,35,5.215400863329483,40,0,0,43.05321238221047
2026-03-12,Thursday,14,Cafeteria,1,42,4.2385385698041045,23,0,0,178.27047353429248
2026-05-28,Thursday,12,Library Counter,2,87,4.43346256145914,63,0,0,195.63991178234684
2026-02-23,Monday,17,Library Counter,5,59,5.30504150967217,49,1,0,60.65505004706157
2026-05-04,Monday,11,Fee Counter,5,40,7.474879411498315,25,1,0,61.301560250528865
2026-06-29,Monday,12,Cafeteria,2,115,6.247239806076477,79,1,0,357.1809785783433
2026-06-15,Monday,9,Fee Counter,1,20,7.2188134038644565,24,0,0,143.23079647500714
2026-03-13,Friday,9,Admin Office,3,36,1.122212357576163,12,1,0,13.006491429834687
2026-06-29,Monday,10,Student Service Center,4,29,7.9249942587012345,34,0,0,57.72987406639935
2026-02-20,Friday,8,Student Service Center,1,48,4.957796625892704,42,0,0,239.80510654235277
2026-03-23,Monday,15,Student Service Center,1,20,7.484240341305788,17,0,0,152.23265383697478
2026-06-14,Sunday,16,Student Service Center,4,54,5.88552620089319,46,0,0,81.7891786877087
2026-04-28,Tuesday,14,Cafeteria,4,59,6.606895027831123,36,0,0,97.22071088103829
2026-01-27,Tuesday,17,Admin Office,5,55,6.696169924401857,55,0,0,78.50089692089037
2026-06-03,Wednesday,13,Fee Counter,5,59,4.452257541190645,38,0,0,52.53391685887394
2026-04-22,Wednesday,8,Student Service Center,5,49,4.780097903814968,53,0,0,46.0652192510709
2026-04-09,Thursday,16,Student Service Center,2,49,2.4092011565214477,44,0,0,60.65343754798463
2026-03-11,Wednesday,10,Library Counter,5,47,4.522388293794881,46,0,0,39.60091945511269
2026-03-26,Thursday,12,Cafeteria,5,69,2.4591727194063973,50,0,0,34.23639271332487
2026-06-15,Monday,13,Cafeteria,1,79,1.985469850684746,65,0,1,159.6705932203321
2026-03-15,Sunday,9,Fee Counter,3,19,1.429126752141248,18,0,0,9.512946304362089
2026-04-07,Tuesday,10,Admin Office,3,66,4.473943613401815,67,0,0,97.39142644103086
2026-04-27,Monday,17,Fee Counter,1,65,6.087429733763122,49,1,0,398.89767098549595
2026-03-05,Thursday,11,Student Service Center,5,45,5.113379749134335,26,1,0,45.78986514548663
2026-02-15,Sunday,8,Admin Office,1,23,1.763848621027029,20,0,0,44.62820746640367
2026-01-07,Wednesday,9,Admin Office,1,47,3.2415784613374248,34,1,0,154.6179668108093
2026-01-11,Sunday,15,Cafeteria,3,83,1.2749742719038706,77,0,0,39.84393526705913
2026-03-13,Friday,17,Cafeteria,1,87,4.252904773282198,79,0,0,367.5259415532802
2026-06-03,Wednesday,11,Fee Counter,5,89,5.484319869578906,65,1,0,102.25194244729003
2026-04-28,Tuesday,16,Fee Counter,4,32,1.1708572501482577,18,1,0,7.424886738434481
2026-02-12,Thursday,13,Cafeteria,1,63,7.745240129492351,47,0,0,492.8078969251665
2026-04-12,Sunday,14,Fee Counter,2,41,2.0974414249705737,24,0,0,47.81556037381099
2026-06-22,Monday,13,Fee Counter,5,38,7.790626022194868,11,0,0,63.89124697287049
2026-05-22,Friday,13,Cafeteria,4,29,6.639256047858648,20,0,1,52.628751632372
2026-02-04,Wednesday,15,Library Counter,1,12,4.8611479975940055,20,0,1,61.322842215015314
2026-03-11,Wednesday,16,Cafeteria,3,51,2.115788384707016,55,0,0,40.628514254592204
2026-05-30,Saturday,17,Student Service Center,3,34,5.122872905124371,26,0,0,56.207044212458925
2026-01-06,Tuesday,11,Library Counter,1,70,6.821477381962503,67,0,0,479.75540323800635
2026-05-17,Sunday,15,Library Counter,2,34,4.014871557916868,36,0,0,72.23499828901411
2026-05-27,Wednesday,11,Student Service Center,1,69,3.305730642720882,49,1,0,228.3287249200048
2026-01-20,Tuesday,12,Cafeteria,2,49,2.7082408958004907,23,0,0,66.37869913772556
2026-01-03,Saturday,15,Fee Counter,3,2,5.943058417754003,5,0,0,7.7493615725258245
2026-05-11,Monday,13,Fee Counter,4,50,4.692404651567351,27,0,0,60.07326176523519
2026-06-08,Monday,17,Student Service Center,5,29,5.743187475519096,31,0,0,30.78270104457414
2026-01-05,Monday,17,Cafeteria,2,82,6.308718775478197,78,0,0,260.4667094193279
2026-03-13,Friday,8,Admin Office,1,59,1.0645371594763189,70,0,1,61.38161658856169
2026-05-13,Wednesday,15,Student Service Center,5,37,6.882282417930679,37,0,0,55.621144457575035
2026-03-12,Thursday,14,Library Counter,4,22,5.734637849584386,6,0,0,31.469705270398688
2026-02-03,Tuesday,16,Admin Office,5,65,6.674541582892565,58,0,0,84.65837258701085
2026-02-15,Sunday,15,Fee Counter,5,23,5.278081431584104,21,0,0,25.408913305099354
2026-05-30,Saturday,14,Student Service Center,3,50,3.4352575861687065,32,0,0,62.10508283950902
2026-03-28,Saturday,13,Fee Counter,3,94,7.591579927050235,75,0,0,239.87612952712928
2026-06-27,Saturday,16,Cafeteria,1,24,3.371672941614742,7,1,0,85.30490616582334
2026-02-24,Tuesday,8,Cafeteria,4,62,3.4211519498207643,63,0,0,55.142374573250905
2026-01-18,Sunday,12,Student Service Center,1,30,5.383797112244692,22,0,1,161.98410058062453
2026-01-07,Wednesday,9,Cafeteria,5,36,5.8340255435770905,24,1,0,44.160470816378606
2026-04-12,Sunday,17,Student Service Center,3,65,4.797704683319281,62,0,0,104.83200425644192
2026-04-25,Saturday,12,Admin Office,4,33,5.286616710174643,10,0,0,40.65443092767087
2026-03-30,Monday,15,Cafeteria,2,4,5.476213602979962,8,0,0,13.07035893172246
2026-01-23,Friday,11,Student Service Center,2,58,3.808343642480483,53,0,0,114.96133621901106
2026-03-02,Monday,12,Fee Counter,1,93,7.193203693880156,67,0,0,669.9836972958747
2026-06-28,Sunday,8,Fee Counter,1,25,3.6911445126747955,29,0,1,93.35016728050594
2026-02-05,Thursday,12,Admin Office,2,55,3.1333326085869,27,1,1,88.2564536755928
2026-04-22,Wednesday,11,Cafeteria,3,55,1.1351962847346129,32,1,0,19.710324175549918
2026-05-01,Friday,17,Library Counter,3,44,4.989279274192114,38,0,0,75.89808342953053
2026-06-25,Thursday,17,Fee Counter,5,61,3.964207913816788,56,0,0,51.01775466155088
2026-04-21,Tuesday,9,Admin Office,1,53,6.026395568474121,47,0,0,317.56064561401865
2026-04-22,Wednesday,15,Student Service Center,4,33,4.689620094367479,35,0,0,41.55994087508876
2026-06-05,Friday,13,Library Counter,4,91,4.730007416030378,72,0,0,104.69365404070376
2026-03-31,Tuesday,14,Library Counter,1,88,4.08104741942171,63,0,0,361.80340977345315
2026-01-03,Saturday,9,Admin Office,4,44,3.0112777958412735,47,0,0,35.76226958717361
2026-06-21,Sunday,10,Library Counter,5,39,2.718188378274036,36,0,0,22.810130738050308
2026-03-28,Saturday,17,Cafeteria,2,87,3.607161504527074,76,1,0,157.2559382706319
2026-05-11,Monday,12,Cafeteria,2,23,3.4530025872419348,5,0,0,36.94562626924145
2026-06-11,Thursday,16,Student Service Center,5,77,5.466975792781737,69,0,0,81.40722416768565
2026-05-24,Sunday,9,Admin Office,1,51,2.3093161456894973,49,0,0,120.36504268880395
2026-01-10,Saturday,13,Cafeteria,2,52,6.969063644843295,19,1,0,178.41554313622729
2026-05-27,Wednesday,15,Student Service Center,3,25,6.310121734926265,18,0,0,52.68342698680709
2026-01-29,Thursday,14,Admin Office,3,91,2.878560983867724,64,0,0,90.88392710362737
2026-03-31,Tuesday,10,Cafeteria,2,26,4.111049268421771,26,0,0,51.470803013464355
2026-01-25,Sunday,10,Library Counter,3,37,6.166965557749991,30,0,0,75.93573586113902
2026-04-17,Friday,14,Fee Counter,3,66,3.3166703360554455,27,1,0,70.21074251040285
2026-01-30,Friday,8,Student Service Center,1,0,6.694591320073851,10,0,1,1.0
2026-06-21,Sunday,13,Admin Office,5,62,5.727152560109552,57,0,1,69.12252917300398
2026-06-06,Saturday,9,Library Counter,1,40,4.043867731118654,39,0,0,160.2442149965713
2026-05-11,Monday,12,Library Counter,4,46,7.29263729906731,22,0,0,82.45012551552367
2026-06-02,Tuesday,11,Library Counter,5,57,1.6116384113475353,46,1,0,21.469025952441807
2026-03-21,Saturday,17,Library Counter,3,47,2.1848166694283204,47,0,0,33.579762864586705
2026-05-29,Friday,9,Student Service Center,5,84,5.278544711984226,70,1,0,92.48131658391594
2026-02-01,Sunday,13,Admin Office,5,56,5.390769516130906,39,0,0,63.83749617294618
2026-03-06,Friday,13,Cafeteria,5,92,5.397571335343079,74,0,0,97.33045881817755
2026-04-04,Saturday,13,Cafeteria,2,53,2.0374289286809937,24,0,0,56.51839820295054
2026-01-31,Saturday,13,Admin Office,3,70,5.241407300655585,28,1,0,119.86676334926969
2026-01-29,Thursday,14,Admin Office,4,94,6.623190385450544,75,0,0,157.56064546587467
2026-06-15,Monday,12,Cafeteria,1,52,2.3537829724026156,17,1,0,124.62406524808075
2026-01-09,Friday,14,Student Service Center,1,113,4.891122842787002,79,1,0,551.5065273613603
2026-05-08,Friday,10,Student Service Center,5,44,3.001074849523942,49,0,1,24.150457073233223
2026-02-01,Sunday,15,Library Counter,2,47,3.667183582017564,43,0,0,89.7266171203635
2026-02-15,Sunday,11,Library Counter,2,15,7.845770687372708,7,0,0,56.38715586102033
2026-01-15,Thursday,11,Fee Counter,5,57,5.363156216574454,38,1,0,64.72179863892757
2026-02-21,Saturday,13,Admin Office,5,34,6.5556375678850625,17,0,0,47.68316062505807
2026-06-16,Tuesday,13,Cafeteria,5,44,2.3106368773073065,12,1,0,21.50373442880385
2026-03-13,Friday,8,Student Service Center,4,63,7.018823617900115,45,1,0,111.71620864152054
2026-05-20,Wednesday,17,Student Service Center,2,71,4.47804699021318,57,1,0,156.1930104723045
2026-06-06,Saturday,15,Admin Office,2,41,3.9761751109073913,36,0,0,80.17170677560335
2026-04-24,Friday,15,Library Counter,1,50,4.405177621970641,37,1,0,221.5605812527424
2026-03-20,Friday,11,Admin Office,3,95,7.338642649532808,71,1,0,232.53245441611952
2026-01-23,Friday,8,Admin Office,1,22,4.963484314374224,14,0,0,112.80262677437162
2026-06-16,Tuesday,9,Fee Counter,4,76,7.002777884829958,76,0,0,131.78068535925524
2026-04-09,Thursday,10,Library Counter,4,48,2.037181320904413,54,0,1,22.944353586355618
2026-04-07,Tuesday,17,Student Service Center,3,58,5.881538832530257,49,0,0,118.10220928513169
2026-04-21,Tuesday,15,Student Service Center,5,52,4.111090039238971,56,0,1,46.95116257171417
2026-03-08,Sunday,8,Library Counter,4,22,2.134736470822514,26,0,0,13.674814974151424
2026-02-13,Friday,8,Library Counter,1,51,4.365824396020711,46,0,0,227.21214337886687
2026-02-26,Thursday,9,Student Service Center,3,59,2.9973694662226986,51,0,0,57.460998333076645
2026-01-16,Friday,14,Student Service Center,4,76,5.061636764047309,60,0,0,98.9356886613786
2026-04-12,Sunday,17,Fee Counter,3,8,2.797620839316768,10,0,0,8.492936680625126
2026-03-26,Thursday,9,Admin Office,3,42,2.2815300681382906,37,0,0,35.41935127677752
2026-02-23,Monday,11,Student Service Center,3,22,3.2986559615463524,13,0,0,26.885976744706554
2026-02-05,Thursday,9,Fee Counter,1,25,6.496890461370522,27,0,0,160.30875435695611
2026-05-21,Thursday,11,Library Counter,2,65,4.808023266288645,69,0,0,155.45417567177572
2026-03-30,Monday,14,Admin Office,3,42,1.0553317393682349,12,1,0,16.32775134080681
2026-04-19,Sunday,17,Library Counter,4,5,5.767637278108929,6,0,0,11.79024579584982
2026-03-14,Saturday,16,Admin Office,5,66,3.9831082760169387,62,0,0,56.33741894636303
2026-04-28,Tuesday,9,Student Service Center,1,70,3.530146543455731,65,0,0,245.54252399927012
2026-02-17,Tuesday,12,Fee Counter,5,86,5.055703756615623,56,1,0,86.57723970184797
2026-06-29,Monday,16,Library Counter,4,19,1.2751971147070331,11,0,0,3.904238697907317
2026-01-01,Thursday,17,Library Counter,2,1,4.149824717044973,9,0,1,1.349061902478904
2026-04-11,Saturday,10,Library Counter,2,33,5.742000248253294,31,0,0,94.69940477688618
2026-01-18,Sunday,17,Fee Counter,5,84,3.0685727255993083,77,0,0,50.42165470889775
2026-02-21,Saturday,11,Student Service Center,2,32,6.891422124329829,14,1,0,109.13219626459306
2026-05-20,Wednesday,15,Admin Office,5,61,3.3931213202362303,42,1,0,43.577563459545964
2026-06-10,Wednesday,12,Cafeteria,3,106,3.355079638538103,68,1,0,122.03941464482727
2026-06-16,Tuesday,11,Library Counter,2,11,6.965461497176206,5,0,0,38.42801755185842
2026-03-06,Friday,11,Library Counter,1,78,4.198217400042855,78,0,0,330.4703131647658
2026-05-05,Tuesday,11,Fee Counter,2,28,2.3695949949039994,33,0,0,30.63526245281916
2026-06-10,Wednesday,13,Library Counter,4,82,3.304725245517989,62,0,0,72.09978438418392
2026-05-09,Saturday,14,Admin Office,4,66,2.467751445965551,50,0,0,42.04192769841433
2026-06-25,Thursday,14,Fee Counter,3,69,3.5776113241258227,30,1,0,86.20715828794837
2026-03-08,Sunday,11,Cafeteria,2,39,5.409628724888372,16,1,0,106.77191549461078
2026-05-04,Monday,16,Admin Office,5,63,7.295040842715061,64,0,0,91.14633722713059
2026-01-11,Sunday,10,Student Service Center,5,63,4.500963460258115,57,0,0,60.360062083793025
2026-04-03,Friday,8,Student Service Center,4,20,3.2111789684069163,9,1,0,18.322262963742425
2026-02-16,Monday,14,Fee Counter,1,94,4.4447147394725075,70,0,0,415.53561932853074
2026-02-07,Saturday,17,Library Counter,5,78,2.939999891057013,61,1,0,48.73124585980626
2026-06-25,Thursday,9,Fee Counter,4,38,5.481995697048232,35,0,0,54.444602306402786
2026-03-13,Friday,8,Student Service Center,2,34,3.0303101553643423,27,0,0,51.74295515389208
2026-05-06,Wednesday,17,Library Counter,5,25,5.7105443160044524,27,0,0,30.46851699668241
2026-03-17,Tuesday,9,Admin Office,3,26,4.244473248092819,32,0,1,38.91915674205154
2026-05-29,Friday,17,Cafeteria,3,61,4.95689845003063,50,1,0,99.47196475514704
2026-04-16,Thursday,9,Fee Counter,3,54,2.85527362646166,46,0,0,48.81927541400641
2026-04-22,Wednesday,16,Cafeteria,5,16,4.729033498983094,18,0,0,13.76118494010932
2026-06-04,Thursday,8,Admin Office,1,48,7.6731874718516195,44,0,0,370.1292514180082
2026-03-17,Tuesday,11,Fee Counter,5,59,3.6336803387370153,51,0,0,43.3393606599343
2026-01-22,Thursday,12,Fee Counter,3,42,3.4719315260038868,13,0,0,48.0772475749504
2026-06-20,Saturday,10,Cafeteria,3,26,3.4915779701211176,28,0,1,30.82184277363431
2026-06-06,Saturday,11,Admin Office,5,55,2.592921141667461,56,0,0,27.48197428581281
2026-06-25,Thursday,13,Admin Office,4,46,2.0151572708913417,13,1,1,20.971282862847705
2026-01-26,Monday,13,Fee Counter,2,104,6.659869573591949,67,1,0,349.984882824101
2026-06-29,Monday,9,Admin Office,1,85,2.0501557489809357,78,0,0,173.59266318137085
2026-03-09,Monday,15,Student Service Center,4,27,6.261313837026165,25,0,0,41.878264438322404
2026-01-13,Tuesday,15,Student Service Center,5,27,5.013280525454832,30,0,0,31.794883789307384
2026-01-11,Sunday,11,Admin Office,5,85,5.691362260938558,78,0,0,98.88544934991991
2026-05-24,Sunday,10,Fee Counter,4,19,6.103718050223102,10,1,1,29.008819591926983
2026-05-31,Sunday,17,Fee Counter,4,62,7.462933750788457,55,0,0,118.73889476397139
2026-02-14,Saturday,15,Admin Office,5,98,2.496475016976431,75,1,0,48.72498666268045
2026-04-14,Tuesday,16,Cafeteria,1,88,5.089463988394622,74,1,0,446.01622998309807
2026-04-29,Wednesday,17,Cafeteria,4,33,1.9061995734851025,35,0,0,15.371508630816413
2026-06-13,Saturday,16,Library Counter,5,0,5.629325124897696,8,0,1,1.0
2026-04-02,Thursday,12,Fee Counter,5,46,1.42012523430909,29,0,0,13.311930299632014
2026-06-29,Monday,13,Student Service Center,2,92,3.7196360826507795,75,0,0,175.7082832178089
2026-03-31,Tuesday,8,Fee Counter,1,24,5.971104468870616,28,0,0,141.95123298454567
2026-05-15,Friday,17,Cafeteria,1,69,3.1993414138389262,71,0,0,225.5842946513324
2026-05-01,Friday,11,Fee Counter,4,21,3.7674389747945236,16,0,0,20.801802269692978
2026-02-01,Sunday,14,Fee Counter,2,93,1.3662503395338637,75,0,0,68.1144934256622
2026-06-18,Thursday,12,Admin Office,5,41,6.67101151172519,12,1,1,58.35093381034068
2026-05-03,Sunday,11,Student Service Center,4,13,2.351890706759039,9,0,0,9.861232494503327
2026-01-29,Thursday,10,Cafeteria,4,73,3.704702300736667,71,0,0,70.48191891716317
2026-01-30,Friday,15,Library Counter,3,71,1.2842365537199405,51,1,0,29.252949192793608
2026-06-22,Monday,16,Cafeteria,2,41,3.8236703016618923,41,0,0,82.2710403719319
2026-01-22,Thursday,16,Student Service Center,1,48,5.518929835736657,35,1,0,262.6078296282011
2026-05-13,Wednesday,9,Cafeteria,3,77,1.6533121539978397,77,0,0,42.249250081376815
2026-02-25,Wednesday,13,Library Counter,5,97,2.9328594834081856,68,0,0,61.076366969882486
2026-05-04,Monday,13,Library Counter,2,111,4.718631426927166,75,1,0,262.7285171928132
2026-02-28,Saturday,13,Library Counter,4,78,6.326024730282034,58,0,0,126.0066371780185
2026-02-20,Friday,8,Admin Office,1,63,6.248274026278934,59,1,1,393.6999926979017
2026-03-21,Saturday,15,Student Service Center,1,51,3.9922770186391427,28,1,0,207.32723326571588
2026-04-10,Friday,15,Cafeteria,4,18,7.426762790238993,20,0,0,36.705889210283715
2026-01-13,Tuesday,11,Library Counter,3,47,3.5719207148838676,23,1,0,56.36485011805041
2026-01-16,Friday,8,Fee Counter,2,21,5.561106201877335,35,0,1,55.84999732197329
2026-03-01,Sunday,9,Student Service Center,4,46,3.2785063199929976,38,0,0,40.3619366033552
2026-03-02,Monday,16,Student Service Center,4,75,4.371173214067943,77,0,0,83.50200077057896
2026-02-16,Monday,10,Admin Office,2,67,6.804214373994112,68,0,1,227.071910431222
2026-01-27,Tuesday,17,Fee Counter,5,60,2.2486462740055053,58,0,0,30.654061938455197
2026-01-07,Wednesday,13,Library Counter,4,121,3.486970518142353,77,1,0,107.81561625035337
2026-03-07,Saturday,16,Cafeteria,3,6,1.0656098351921683,20,0,1,1.0
2026-04-08,Wednesday,14,Cafeteria,1,107,6.460292220857354,63,1,0,688.3664578119993
2026-02-28,Saturday,14,Admin Office,2,79,3.574713757567252,35,1,0,142.24741642427495
2026-05-07,Thursday,11,Admin Office,2,54,1.8196101714839128,53,0,0,50.60075292505788
2026-01-24,Saturday,10,Student Service Center,1,29,4.458602302618128,26,0,0,130.16007624569377
2026-03-10,Tuesday,16,Fee Counter,1,7,3.331856549703266,15,0,1,21.76781589816397
2026-04-20,Monday,15,Library Counter,3,39,1.7650120656707662,35,0,0,21.99853946592524
2026-05-16,Saturday,8,Library Counter,4,60,6.275544976251064,64,0,0,97.91423623085166
2026-05-29,Friday,10,Admin Office,4,51,5.157872522946275,48,0,0,70.11972956133009
2026-06-26,Friday,12,Library Counter,2,44,7.850397793624411,16,0,0,170.07111249047705
2026-01-04,Sunday,13,Library Counter,1,41,3.7684126833084552,26,0,0,156.01835623908235
2026-01-02,Friday,13,Cafeteria,2,61,6.776528494820592,42,0,0,210.41165528796265
2026-03-05,Thursday,11,Cafeteria,2,70,7.39548060753039,65,0,0,257.71507990951466
2026-04-13,Monday,11,Library Counter,2,58,6.364435746817391,36,1,0,184.5189313768631
2026-04-23,Thursday,15,Library Counter,3,70,4.64171196627136,70,0,0,105.5896462677183
2026-04-25,Saturday,13,Fee Counter,1,60,3.1150958809667366,31,0,0,184.53873467461807
2026-05-22,Friday,10,Fee Counter,1,73,2.6777355602789186,77,0,0,193.09829789713183
2026-02-13,Friday,16,Student Service Center,3,71,6.416519563546348,76,0,0,152.02324682926917
2026-06-27,Saturday,17,Admin Office,5,40,4.147137217646797,33,0,0,37.33815971952686
2026-06-01,Monday,14,Fee Counter,4,37,6.885914573928218,14,0,0,66.98291198523178
2026-03-17,Tuesday,14,Library Counter,4,90,3.911453566206009,63,0,0,90.43669609355743
2026-05-26,Tuesday,14,Fee Counter,4,101,3.1217264166136314,57,1,0,79.94925575737129
2026-06-26,Friday,8,Admin Office,3,37,3.3181013577705496,27,1,0,41.60662375978417
2026-04-03,Friday,12,Fee Counter,2,45,4.136485821317425,29,0,0,94.91861743956842
2026-06-17,Wednesday,13,Fee Counter,1,65,3.893794695883157,49,0,0,255.91513519669851
2026-05-09,Saturday,9,Admin Office,1,56,2.1325001413722333,58,0,0,117.28970183106092
2026-05-28,Thursday,13,Admin Office,1,72,7.131545142451625,44,0,0,515.5912748838125
2026-02-10,Tuesday,15,Library Counter,1,33,5.09148084785067,35,0,0,165.44927695584965
2026-02-23,Monday,14,Student Service Center,1,93,7.4102694087709615,65,0,0,688.9465991916807
2026-04-18,Saturday,11,Fee Counter,3,46,1.9439463704883977,23,1,0,30.96971347210779
2026-01-22,Thursday,8,Admin Office,5,29,4.8871930350862876,29,0,0,27.225507943119695
2026-01-22,Thursday,16,Admin Office,3,62,6.935587554060006,63,0,0,144.75206094882117
2026-05-12,Tuesday,12,Library Counter,5,23,1.569466609061035,11,0,1,6.935723093471598
2026-03-16,Monday,13,Library Counter,4,88,4.928605383772021,71,0,0,110.86779272974417
2026-04-30,Thursday,15,Library Counter,5,89,3.9863381235932716,78,1,0,75.00799543162064
2026-01-04,Sunday,16,Fee Counter,3,33,5.8177511555063965,29,0,0,63.76137645314266
2026-03-02,Monday,16,Cafeteria,3,64,5.258298421331453,62,0,0,113.54673298421858
2026-05-10,Sunday,10,Student Service Center,1,12,1.3933996826410628,6,0,0,20.58126336487822
2026-02-13,Friday,17,Admin Office,5,50,4.957840309087484,50,0,0,46.81858425363234
2026-06-02,Tuesday,10,Cafeteria,5,36,3.2731354814197138,37,0,0,21.714646069105846
2026-03-28,Saturday,8,Admin Office,1,29,2.4737875731897656,31,0,0,75.62037018829484
2026-01-03,Saturday,16,Library Counter,2,10,3.618734237854574,5,0,0,19.435457578912686
2026-05-13,Wednesday,11,Cafeteria,4,39,3.304547427047474,48,0,1,32.936459897715594
2026-05-31,Sunday,11,Library Counter,2,8,2.7494656268116513,13,0,1,10.506025393727898
2026-05-12,Tuesday,11,Library Counter,3,74,4.83111055246459,52,1,0,118.94429168432643
2026-03-04,Wednesday,16,Fee Counter,4,22,2.2396527256542926,23,0,0,14.709024109630871
2026-03-06,Friday,14,Student Service Center,4,77,6.900496087803015,61,0,0,129.99355445710228
2026-06-15,Monday,13,Student Service Center,5,66,7.858845158430308,38,0,0,108.37282654945317
2026-02-24,Tuesday,10,Fee Counter,3,52,5.485854053063235,53,0,0,99.08630758025552
2026-02-09,Monday,11,Library Counter,3,79,4.65654763489332,58,1,0,124.76816529803122
2026-03-25,Wednesday,14,Admin Office,4,53,4.248231755310619,29,0,0,59.97873553582816
2026-03-01,Sunday,11,Cafeteria,3,62,3.267088375326682,54,0,0,69.86208161565975
2026-05-15,Friday,17,Cafeteria,4,45,1.910571003242723,21,1,0,19.100007825850707
2026-03-20,Friday,11,Fee Counter,5,35,1.3739828921328479,24,1,0,7.5767606722391845
2026-03-12,Thursday,14,Student Service Center,1,71,2.9345443571172325,49,0,0,208.2525400849296
2026-03-02,Monday,8,Student Service Center,5,31,4.704061892649532,16,1,0,28.94812079525213
2026-01-09,Friday,14,Fee Counter,3,48,1.4177809892170548,21,0,0,23.144978231627622
2026-05-18,Monday,11,Library Counter,2,49,3.141692994138337,28,1,0,79.37764517378086
2026-04-09,Thursday,16,Fee Counter,1,97,3.878510666377353,77,1,0,376.0253378735965
2026-02-07,Saturday,16,Admin Office,1,58,4.101713317470935,53,0,0,239.5988147084013
2026-05-06,Wednesday,17,Student Service Center,1,57,2.3121858341967987,56,0,0,132.81959571427345
2026-05-12,Tuesday,11,Admin Office,5,45,5.811910626397146,50,0,0,52.68239566525578
2026-03-07,Saturday,13,Admin Office,3,99,6.012232644589293,77,1,1,197.1756360900774
2026-02-10,Tuesday,16,Cafeteria,2,24,5.46751050356609,17,1,1,68.44404254588231
2026-06-10,Wednesday,16,Student Service Center,5,54,4.36483015102354,56,0,0,47.69803483442761
2026-06-29,Monday,13,Student Service Center,2,92,7.556766091805908,77,0,0,345.1274883814699
2026-06-12,Friday,14,Student Service Center,1,38,1.4517807313742477,20,0,0,57.141669367666836
2026-03-25,Wednesday,10,Cafeteria,3,86,2.829569647418816,78,0,0,81.00363711084152
2026-02-19,Thursday,15,Library Counter,4,90,5.648647171024004,66,1,0,131.74759511167986
2026-04-25,Saturday,15,Fee Counter,5,42,3.589343623975031,44,0,0,31.41138415851829
2026-04-27,Monday,14,Student Service Center,2,86,5.621253725456867,61,0,0,244.05895118649357
2026-04-24,Friday,13,Library Counter,5,96,3.003225740403244,79,0,0,60.30703257068819
2026-02-05,Thursday,13,Fee Counter,5,66,7.347662753856916,48,0,0,94.58780943185103
2026-01-29,Thursday,11,Fee Counter,5,51,2.8939039470148256,47,0,0,33.09344119432846
2026-01-26,Monday,12,Fee Counter,2,33,6.832511071670543,14,0,1,113.86673354655551
2026-05-20,Wednesday,8,Cafeteria,4,66,3.990903345523469,67,0,0,63.62718314879476
2026-05-01,Friday,14,Student Service Center,2,106,3.705951301849568,79,0,0,195.75895590544891
2026-02-10,Tuesday,13,Cafeteria,3,102,4.86156626673465,68,1,0,166.25629160726592
2026-06-10,Wednesday,16,Admin Office,4,81,6.64198918189695,61,1,0,132.29260358815043
2026-06-17,Wednesday,15,Cafeteria,5,43,7.371036667891106,46,0,0,64.17561484104098
2026-04-09,Thursday,11,Library Counter,2,38,3.0043049616389648,20,1,0,58.508165011252046
2026-05-24,Sunday,12,Library Counter,4,78,3.005579001297921,57,0,0,62.12796084733325
2026-01-23,Friday,11,Library Counter,5,10,4.787700362091926,16,0,1,10.879332088450422
2026-02-24,Tuesday,11,Admin Office,4,55,2.1782160736913943,53,0,0,33.446444954048204
2026-04-09,Thursday,14,Admin Office,5,83,4.183340412989796,67,0,0,67.01470054569667
2026-05-23,Saturday,15,Admin Office,5,13,1.2848330600580038,22,0,1,1.0
2026-06-19,Friday,14,Fee Counter,4,71,1.1003508953007164,52,0,0,22.962229988306802
2026-02-20,Friday,9,Cafeteria,1,74,6.806809132683838,68,0,0,502.72629075018097
2026-03-11,Wednesday,17,Fee Counter,2,84,6.869910499222985,79,0,0,291.335756492249
2026-04-28,Tuesday,15,Admin Office,4,61,6.489194807717529,53,0,0,102.83619882541616
2026-06-10,Wednesday,10,Student Service Center,5,28,1.7411433235388847,26,0,0,10.626298787873338
2026-06-04,Thursday,17,Admin Office,2,66,2.051932635867185,64,0,0,68.06617498344151
2026-06-28,Sunday,11,Cafeteria,4,82,7.162550866672008,77,0,0,151.46469084619952
2026-03-14,Saturday,10,Library Counter,5,82,2.036814016207497,73,0,0,37.21334675339163
2026-05-07,Thursday,10,Cafeteria,5,13,1.2750856695154114,13,0,0,5.510482896737911
2026-03-31,Tuesday,12,Library Counter,1,47,6.323197176781371,20,0,0,296.6873112026326
2026-05-10,Sunday,10,Student Service Center,1,46,2.502329053460842,45,0,0,116.46421635836936
2026-01-19,Monday,14,Admin Office,2,78,6.755199385311702,67,0,1,266.60195871235624
2026-04-23,Thursday,16,Student Service Center,4,27,7.6980813189352215,32,0,0,56.17396514155431
2026-03-24,Tuesday,8,Library Counter,4,41,4.982598557463926,38,0,0,53.04588824283929
2026-06-29,Monday,11,Cafeteria,4,74,3.554888477264486,61,1,0,70.59888354629055
2026-01-27,Tuesday,9,Student Service Center,5,24,7.765350710331657,24,0,0,34.948807377886965
2026-02-07,Saturday,15,Cafeteria,4,78,2.0106284858804977,64,1,1,42.277182602263196
2026-03-05,Thursday,16,Admin Office,3,47,7.021024182606955,50,0,0,110.29950871537048
2026-03-26,Thursday,13,Library Counter,2,104,3.385992075702791,61,1,0,178.86622450380221
2026-02-25,Wednesday,11,Admin Office,3,11,7.103310211428547,12,0,0,30.422713821589095
2026-02-06,Friday,11,Student Service Center,5,80,7.274403128942853,60,1,0,118.59540449830322
2026-01-16,Friday,12,Library Counter,2,72,1.39430769441404,44,0,0,48.8740426777143
2026-04-03,Friday,12,Student Service Center,5,92,5.478207156383421,48,1,0,101.22069261720526
2026-01-30,Friday,11,Cafeteria,2,54,5.481530663339028,33,1,0,145.89755315266044
2026-02-20,Friday,13,Admin Office,1,65,6.571106519130326,44,0,0,429.13059296246666
2026-05-04,Monday,15,Cafeteria,3,46,7.997139777181631,47,0,0,122.86583882617496
2026-04-30,Thursday,16,Cafeteria,3,63,1.0303720018439897,63,0,0,20.91606431710572
2026-06-03,Wednesday,13,Student Service Center,3,88,7.3981084442558585,46,1,0,219.1521630710893
2026-03-27,Friday,15,Cafeteria,3,30,7.280193497178022,34,0,0,74.76499056990528
2026-02-06,Friday,14,Cafeteria,5,74,7.301042079807899,55,0,1,107.55314243541693
2026-01-30,Friday,8,Fee Counter,1,20,5.6174842754312175,13,0,0,115.42805638596792
2026-01-28,Wednesday,14,Cafeteria,5,88,1.1361320623468387,46,1,0,18.882342568791294
2026-06-20,Saturday,11,Admin Office,2,71,3.4106237148374077,79,0,1,119.15136561162385
2026-05-02,Saturday,17,Fee Counter,4,16,2.238381183152705,10,0,0,8.041041554002058
2026-05-10,Sunday,13,Cafeteria,3,26,2.729858580948947,10,0,0,23.97618918418358
2026-02-20,Friday,15,Student Service Center,3,16,6.673460180759632,17,0,0,38.865361860225086
2026-04-25,Saturday,15,Student Service Center,1,87,4.312644386714664,67,1,0,375.69241610786804
2026-06-13,Saturday,14,Student Service Center,2,26,5.143273492949021,6,0,0,68.48904125263873
2026-03-01,Sunday,15,Admin Office,1,53,1.279322894279018,57,0,0,71.47962264818
2026-06-12,Friday,15,Cafeteria,1,49,2.890796648845546,44,0,0,146.25282666663955
2026-06-28,Sunday,13,Admin Office,2,47,6.196899856978156,29,0,0,146.65915024272536
2026-04-18,Saturday,17,Fee Counter,1,53,7.648851172398803,44,0,0,403.8487720303485
2026-01-14,Wednesday,12,Library Counter,5,83,5.773150382182388,47,1,0,94.30923141759997
2026-06-11,Thursday,10,Cafeteria,2,14,5.683904585893444,5,0,0,43.36514270330578
2026-02-15,Sunday,12,Cafeteria,1,84,2.688388419698738,66,0,0,224.56444117317733
2026-02-22,Sunday,16,Library Counter,4,73,3.317283897043376,67,0,0,61.50510116898054
2026-03-22,Sunday,14,Fee Counter,4,55,2.831530764445261,39,0,0,36.474627020732314
2026-01-18,Sunday,13,Cafeteria,2,96,2.5855255881142707,69,0,0,122.96686990099798
2026-05-03,Sunday,13,Cafeteria,1,60,4.1061854567081495,40,0,0,248.42844872120838
2026-03-10,Tuesday,16,Library Counter,1,73,7.998124590069707,72,0,0,584.1101279370375
2026-06-11,Thursday,12,Library Counter,2,46,3.3846318407656772,17,0,0,82.09636383482555
2026-05-30,Saturday,16,Fee Counter,5,44,2.965687830282663,39,0,0,27.893683093048075
2026-06-17,Wednesday,17,Fee Counter,2,59,1.6220717946121168,62,0,0,49.66979120458673
2026-06-16,Tuesday,10,Fee Counter,4,73,4.214383072460153,53,1,0,79.83095952217735
2026-01-16,Friday,14,Library Counter,3,36,5.228650059070486,5,1,0,65.92265609446048
2026-02-16,Monday,15,Admin Office,5,84,1.0617893392305198,76,0,0,18.04073835488023
2026-05-21,Thursday,12,Admin Office,1,116,6.785971691139942,79,1,0,791.432572227853
2026-03-02,Monday,17,Cafeteria,2,15,3.8137908969127334,28,0,1,33.59940062606052
2026-03-08,Sunday,13,Library Counter,1,69,1.4327333010799341,33,1,0,96.5108065094919
2026-03-21,Saturday,10,Student Service Center,1,21,1.7091585677603987,21,0,0,34.62470723939502
2026-05-28,Thursday,13,Cafeteria,5,56,3.1459285003050064,33,0,0,38.981061775052815
2026-04-22,Wednesday,16,Library Counter,1,74,7.97268666054293,57,1,0,592.9135968434879
2026-03-11,Wednesday,17,Cafeteria,5,68,2.8852154657404103,73,0,0,43.857133936842246
2026-03-20,Friday,10,Student Service Center,5,42,7.751489674047586,42,1,1,63.86434086987363
2026-01-20,Tuesday,11,Student Service Center,5,76,3.1224102996899794,63,1,0,47.944445294182245
2026-05-09,Saturday,16,Admin Office,1,75,5.629616154627528,75,0,0,421.5512001992251
2026-01-27,Tuesday,16,Cafeteria,1,56,2.498006311982069,47,0,0,143.07482261280083
2026-05-25,Monday,10,Library Counter,4,74,7.044461729915842,66,0,0,129.9900972147013
2026-03-11,Wednesday,9,Library Counter,3,81,4.585175189173212,78,0,0,123.41973413574793
2026-01-24,Saturday,12,Library Counter,4,74,3.553884576372664,49,0,0,70.60858459943128
2026-03-31,Tuesday,10,Cafeteria,3,60,5.05278764811372,62,0,0,104.47129131099
2026-03-12,Thursday,12,Library Counter,4,68,3.8870560216494923,39,0,0,63.5970686236718
2026-04-15,Wednesday,11,Admin Office,1,7,5.567247881055767,8,0,0,38.494359190148685
2026-01-25,Sunday,11,Student Service Center,2,51,5.562977777237666,40,1,1,142.82120729007144
2026-03-20,Friday,9,Library Counter,4,44,7.470613664036547,31,1,0,86.52423820573897
2026-05-07,Thursday,12,Fee Counter,3,91,6.278722735655295,73,0,0,189.3413336397568
2026-06-19,Friday,13,Fee Counter,3,51,5.75371933285602,17,1,0,95.471178076562
2026-02-27,Friday,10,Admin Office,4,25,3.442666880159479,21,0,0,21.15402004498368
2026-05-12,Tuesday,15,Library Counter,3,25,1.3146943344264115,25,0,0,15.470269024264704
2026-03-30,Monday,17,Admin Office,3,17,4.4730740749893565,28,0,1,29.274990052664155
2026-05-13,Wednesday,12,Admin Office,1,23,1.5172450164947375,5,0,0,36.0846224536873
2026-01-12,Monday,13,Fee Counter,3,32,1.350576479417997,9,0,0,17.40499227697727
2026-06-29,Monday,8,Admin Office,5,70,5.013419350329224,72,0,0,74.88210041376479
2026-04-09,Thursday,16,Library Counter,5,74,5.303679387882331,67,0,0,78.5164164755299
2026-06-13,Saturday,9,Library Counter,4,72,1.6709177067938223,66,0,0,33.451662439936804
2026-02-18,Wednesday,12,Library Counter,4,76,3.4889784847274075,53,0,0,69.46483402810046
2026-04-08,Wednesday,13,Student Service Center,4,77,7.163364363389663,57,0,0,138.5235266887472
2026-03-18,Wednesday,15,Admin Office,1,29,6.935825552145291,21,0,0,199.53255728135903
2026-03-12,Thursday,10,Fee Counter,2,69,3.0660036183201123,69,0,0,109.35326363245429
2026-02-25,Wednesday,11,Fee Counter,5,82,1.4892724018760908,79,0,0,25.305781290540693
2026-02-22,Sunday,8,Admin Office,5,68,6.77500020310896,76,0,1,93.19728748968842
2026-05-01,Friday,14,Student Service Center,4,80,1.4650601375422103,54,0,0,33.95948762257241
2026-04-18,Saturday,14,Cafeteria,5,49,3.023056310386661,7,1,0,27.837710963872144
2026-01-27,Tuesday,10,Fee Counter,1,35,5.533497484507311,30,0,0,198.60611654700037
2026-06-06,Saturday,13,Library Counter,1,84,3.0872976186206524,54,1,0,256.74065319356305
2026-01-10,Saturday,9,Cafeteria,4,17,3.6916870191857267,20,0,0,13.536313128167883
2026-06-09,Tuesday,16,Fee Counter,4,48,3.181015701715126,52,0,0,38.72034746438814
2026-02-26,Thursday,12,Student Service Center,4,50,2.8656774731079637,32,0,0,35.827121365469765
2026-04-10,Friday,17,Library Counter,4,56,3.90467612170483,42,1,1,55.2998560152354
2026-01-22,Thursday,13,Student Service Center,1,37,3.0430473425029025,16,0,0,110.85094862249564
2026-06-02,Tuesday,11,Cafeteria,2,47,1.2501481911615733,37,1,0,30.589141300133114
2026-04-04,Saturday,13,Cafeteria,4,24,1.0497542296150177,10,0,1,5.423206956471527
2026-02-13,Friday,9,Admin Office,2,28,2.7639407110491643,36,0,1,39.24289568074252
2026-03-29,Sunday,13,Cafeteria,2,93,4.739733347538877,68,0,0,219.16936234966906
2026-01-11,Sunday,11,Library Counter,2,38,2.5714641053064153,30,0,0,51.12856120054591
2026-02-15,Sunday,14,Admin Office,2,78,5.992999010317095,58,0,0,232.1587716640877
2026-06-18,Thursday,17,Fee Counter,4,38,6.722417590336837,16,1,0,67.5922090005807
2026-02-03,Tuesday,12,Library Counter,1,67,3.6410730371362092,49,0,0,242.389838700816
2026-05-10,Sunday,8,Student Service Center,1,71,2.990271441973798,63,0,0,210.04657511372613
2026-03-22,Sunday,12,Admin Office,3,99,4.878068980759024,56,1,0,163.50171526250776
2026-03-20,Friday,16,Library Counter,2,47,4.8298916631122335,28,1,0,117.07146712226447
2026-04-16,Thursday,9,Student Service Center,3,43,1.465233318779093,37,0,0,18.17961396155877
2026-03-31,Tuesday,12,Cafeteria,4,29,1.8276480026181625,11,0,0,14.790429849366497
2026-02-08,Sunday,8,Fee Counter,3,16,7.646146961110123,19,0,0,43.3846683310986
2026-01-21,Wednesday,17,Cafeteria,3,28,7.820673780157016,25,0,0,76.55137182153749
2026-03-06,Friday,16,Library Counter,4,66,5.365668357796374,61,0,0,91.63895987290726
2026-04-18,Saturday,10,Cafeteria,4,73,3.8397001701582067,75,0,1,67.67974892123276
2026-02-19,Thursday,16,Library Counter,3,41,3.0716062826164556,44,0,0,41.76621386776989
2026-04-21,Tuesday,15,Admin Office,3,18,6.100960932211544,19,0,0,39.61386297531014
2026-04-28,Tuesday,8,Fee Counter,1,43,4.062433572601256,42,0,0,176.00219917648758
2026-02-10,Tuesday,17,Cafeteria,4,23,4.2410071328674,10,1,0,29.103982367817714
2026-06-06,Saturday,16,Fee Counter,2,11,3.3868758834486354,10,0,0,21.618939177517678
2026-04-22,Wednesday,13,Student Service Center,4,63,2.998119776710185,24,1,0,47.0402879361702
2026-04-19,Sunday,14,Fee Counter,5,84,4.119724850601925,58,0,0,67.90649873582221
2026-05-09,Saturday,8,Student Service Center,1,12,4.488784842295454,13,0,0,55.985344743578395
2026-03-30,Monday,13,Fee Counter,5,90,4.502804147313867,54,1,0,85.1903310001495
2026-04-03,Friday,15,Library Counter,5,30,1.1434407040163581,28,0,0,5.456825351307983
2026-02-21,Saturday,13,Fee Counter,2,59,5.644808533081602,43,0,1,166.6247335645242
2026-05-06,Wednesday,16,Fee Counter,5,64,7.948378314401032,56,0,0,103.05599965421344
2026-06-15,Monday,13,Admin Office,2,30,2.1063400782111863,6,0,0,31.946868776230023
2026-01-16,Friday,17,Admin Office,5,69,7.7267107954349985,50,1,0,103.88227358413548
2026-04-28,Tuesday,11,Library Counter,3,51,4.73895633395433,55,0,0,83.82601025048166
2026-05-25,Monday,10,Fee Counter,2,14,5.216628547796658,13,0,0,39.373930814763874
2026-05-20,Wednesday,8,Cafeteria,4,67,7.123766516418373,46,1,0,116.58080772892642
2026-04-21,Tuesday,15,Student Service Center,2,22,3.1881552047442026,20,0,0,32.47113746751713
2026-06-21,Sunday,11,Cafeteria,3,5,6.8414355710936405,10,0,0,13.72198115012651
2026-05-04,Monday,9,Student Service Center,3,82,5.373673423171854,71,1,1,146.4358538537992
2026-05-03,Sunday,17,Admin Office,2,6,4.233581368506645,13,0,1,14.124690283714553
2026-01-18,Sunday,9,Student Service Center,2,84,2.6949683300422755,76,0,0,116.12287777093502
2026-04-25,Saturday,17,Cafeteria,4,44,2.5280012283951905,54,0,1,26.621752278745895
2026-02-08,Sunday,13,Admin Office,1,95,3.2107356575591393,71,0,0,303.6781539149108
2026-05-22,Friday,16,Fee Counter,5,42,4.695314875491445,51,0,1,43.09099455210149
2026-02-27,Friday,17,Cafeteria,1,35,5.029416287911653,32,0,0,173.2549509673487
2026-06-09,Tuesday,10,Student Service Center,4,49,7.8603005297083,51,0,1,99.31611518662604
2026-05-15,Friday,12,Cafeteria,3,78,1.1295516239528092,52,0,0,32.35662203242561
2026-03-16,Monday,15,Library Counter,3,59,6.645829144943856,55,0,0,128.39173428839922
2026-06-16,Tuesday,11,Admin Office,4,21,4.91150078840727,14,1,1,27.229518546586
2026-05-21,Thursday,16,Fee Counter,5,72,2.727087622179824,76,0,0,39.41693813125465
2026-03-15,Sunday,9,Library Counter,3,63,5.028946248768281,63,0,0,107.96825159025698
2026-02-10,Tuesday,9,Fee Counter,2,49,4.485822118552515,52,0,0,113.27285799220422
2026-01-03,Saturday,10,Library Counter,5,10,4.806622115227887,9,0,0,6.6540313447773585
2026-03-09,Monday,11,Library Counter,1,49,1.767156421968115,42,0,0,83.90566763126154
2026-05-17,Sunday,11,Cafeteria,5,25,3.7900683476798775,20,0,0,21.0362701758428
2026-04-05,Sunday,9,Cafeteria,5,44,5.958643054118409,47,0,0,56.30460716376951
2026-05-15,Friday,10,Admin Office,3,58,5.9543435465779035,61,0,0,119.18088536641541
2026-05-29,Friday,11,Cafeteria,3,66,2.6782599141374517,69,0,0,57.29620138245242
2026-02-07,Saturday,8,Admin Office,3,86,4.875813845918799,64,1,0,139.5207979304606
2026-03-03,Tuesday,8,Admin Office,3,44,4.097128614764628,45,0,0,58.380287310799496
2026-03-24,Tuesday,13,Admin Office,5,40,1.0845862186010016,6,1,0,11.365705121183566
2026-06-05,Friday,12,Student Service Center,1,19,2.0939877095673887,8,0,1,42.550782533988595
2026-02-14,Saturday,16,Student Service Center,3,69,7.924270076352373,62,0,0,180.81911603844992
2026-05-26,Tuesday,12,Admin Office,3,60,2.734054877806286,19,1,0,58.17108685681867
2026-03-26,Thursday,11,Admin Office,3,60,6.072186077302208,54,0,0,121.69841118647514
2026-03-27,Friday,14,Cafeteria,4,60,3.665380069766866,28,1,0,55.18721582271346
2026-04-29,Wednesday,15,Admin Office,2,21,4.7606233641861655,19,0,0,48.3004365769171
2026-02-04,Wednesday,16,Fee Counter,1,81,1.065367094601227,74,0,0,84.84427319015654
2026-03-21,Saturday,13,Student Service Center,2,32,7.3203898474774265,17,0,0,120.25732356029928
2026-06-09,Tuesday,15,Cafeteria,4,55,7.022916281069419,46,0,0,100.4988486899561
2026-03-11,Wednesday,16,Student Service Center,1,34,5.764314151645601,25,0,0,199.9999020047724
2026-04-21,Tuesday,8,Admin Office,3,36,2.815844031728169,15,1,0,34.4843110694248
2026-02-23,Monday,8,Admin Office,4,24,2.0440416250510016,17,0,0,14.563038871197618
2026-02-05,Thursday,16,Library Counter,2,36,3.6820819118468755,32,0,0,65.83975442299665
2026-03-25,Wednesday,12,Fee Counter,3,85,6.843236909944971,69,0,0,194.84154695651375
2026-03-23,Monday,14,Cafeteria,5,28,1.2889772675476199,18,0,1,9.660944312332102
2026-06-13,Saturday,12,Fee Counter,3,70,6.473655161981503,46,0,0,148.76105433849028
2026-02-27,Friday,9,Cafeteria,4,80,3.3432133610133765,73,0,0,65.42593195805401
2026-01-19,Monday,16,Library Counter,1,30,5.812486606882584,12,1,0,171.8280035291693
2026-01-01,Thursday,15,Fee Counter,2,44,6.427920647591444,40,0,0,140.50913120313606
2026-06-07,Sunday,17,Cafeteria,3,3,6.271522610212319,8,0,0,6.195588780068186
2026-04-08,Wednesday,17,Cafeteria,3,4,3.3388015829918207,5,0,0,4.7636614177651015
2026-06-01,Monday,17,Admin Office,5,46,5.243335539644125,26,1,0,46.16893753721544
2026-06-02,Tuesday,11,Student Service Center,3,26,5.012102582022629,24,0,0,46.95723007627594
2026-02-10,Tuesday,11,Student Service Center,5,63,5.3857014026830985,61,0,0,65.91363445269548
2026-05-12,Tuesday,15,Admin Office,5,74,6.052535109787836,79,0,1,87.48086579952876
2026-05-27,Wednesday,13,Fee Counter,3,37,1.2358288602418268,21,0,0,17.359950975831428
2026-05-19,Tuesday,17,Student Service Center,2,68,2.320669581124511,67,0,0,83.7003578599012
2026-02-19,Thursday,16,Admin Office,3,28,4.69287377302084,21,0,0,45.22834684815995
2026-03-25,Wednesday,14,Student Service Center,1,89,7.939150095851263,52,1,0,705.6228193028151
2026-05-18,Monday,13,Library Counter,4,63,5.089219289272069,47,0,1,84.71333393323627
2026-05-22,Friday,11,Fee Counter,3,54,3.8078134395835463,52,0,0,66.81150220038472
2026-05-23,Saturday,12,Admin Office,4,33,2.413418665730956,5,0,0,23.43809734139433
2026-03-15,Sunday,17,Fee Counter,3,22,1.9737579598806785,27,0,0,15.871377391111142
2026-05-03,Sunday,14,Cafeteria,2,46,3.6366419730179604,30,0,0,85.57436255661568
2026-06-19,Friday,8,Library Counter,2,24,3.449925324903945,30,0,1,40.23523639269463
2026-06-03,Wednesday,9,Admin Office,4,72,3.792147398579872,74,0,0,71.93868048527723
2026-05-30,Saturday,14,Cafeteria,5,83,6.355436783980494,65,0,0,110.38573920506538
2026-02-17,Tuesday,9,Admin Office,4,69,7.72450575357083,71,0,0,131.95574963025663
2026-05-02,Saturday,13,Cafeteria,4,95,4.818240306710354,67,0,0,116.88071432616799
2026-04-17,Friday,9,Fee Counter,3,50,4.848373710218219,35,1,0,78.81437415510742
2026-01-28,Wednesday,11,Admin Office,4,12,1.127928603168499,6,0,0,1.0
2026-01-19,Monday,13,Library Counter,4,61,1.0941906589026975,45,0,0,14.027454857614117
2026-05-06,Wednesday,17,Fee Counter,4,20,3.609695740150524,34,0,1,15.824679013369515
2026-01-09,Friday,9,Library Counter,3,52,5.164696343907855,48,0,0,86.68637770034594
2026-01-01,Thursday,13,Admin Office,5,103,3.657740455337875,59,1,0,72.42532022050723
2026-01-20,Tuesday,8,Fee Counter,3,75,4.355343728264022,72,0,0,106.63412737575403
2026-04-30,Thursday,13,Student Service Center,4,31,2.830461421039102,15,0,0,22.26437198594016
2026-04-08,Wednesday,12,Cafeteria,5,81,1.4318401574879784,66,0,0,23.275050300604338
2026-02-13,Friday,16,Cafeteria,4,27,4.742526632331224,21,0,0,29.795864172874232
2026-05-01,Friday,12,Cafeteria,3,118,3.9724089204312154,77,1,0,155.5232013589139
2026-04-05,Sunday,14,Admin Office,4,75,6.736578676133917,60,0,0,127.0541887628126
2026-02-11,Wednesday,9,Library Counter,5,69,6.662549345061079,63,0,0,94.49103450039047
2026-06-16,Tuesday,16,Student Service Center,2,54,1.3313575216641078,56,0,0,39.836644789736695
2026-02-16,Monday,9,Admin Office,3,50,5.7387583923774645,46,0,0,97.06306750905927
2026-06-15,Monday,13,Fee Counter,4,31,2.442833547823358,13,0,0,22.637341373294316
2026-01-22,Thursday,11,Admin Office,4,22,3.3990409084458557,9,1,0,21.743056146165053
2026-01-26,Monday,14,Student Service Center,5,92,3.946803022747793,63,0,0,71.35213176043584
2026-03-12,Thursday,9,Admin Office,1,69,1.5339179050720602,74,0,1,103.65004539392322
2026-02-10,Tuesday,10,Admin Office,3,73,6.344476376480205,57,1,0,157.8779741965418
2026-06-25,Thursday,11,Cafeteria,2,30,7.30097418026877,30,0,0,110.27208353097234
2026-06-18,Thursday,13,Admin Office,1,94,1.3395841425049646,68,0,0,123.71528911540656
2026-04-09,Thursday,11,Admin Office,2,69,7.709369553742779,62,0,0,266.31170413336486
2026-02-03,Tuesday,8,Fee Counter,2,85,3.081613044521666,79,0,0,135.21318239995176
2026-02-24,Tuesday,8,Cafeteria,2,12,2.2259822350320473,10,0,0,17.92377831445908
2026-06-05,Friday,14,Cafeteria,2,82,6.188496667934557,59,0,0,252.55800448251784
2026-05-22,Friday,9,Student Service Center,2,15,1.795437228251605,10,0,0,12.571450011353377
2026-03-01,Sunday,17,Cafeteria,2,81,7.192906787162941,75,0,0,288.6515988212502
2026-02-26,Thursday,16,Library Counter,4,37,3.520133374487333,15,1,0,35.61567063517191
2026-05-01,Friday,9,Admin Office,1,30,2.5394599342399546,19,1,0,73.27429031729051
2026-03-06,Friday,15,Fee Counter,2,29,4.585435502858044,36,0,1,65.91129161687961
2026-04-13,Monday,11,Fee Counter,4,60,7.959331097030375,51,0,0,118.48993696556852
2026-01-01,Thursday,12,Fee Counter,3,79,6.5925602967007135,45,1,0,175.04428665474467
2026-03-07,Saturday,16,Fee Counter,1,61,1.0791408162551257,66,0,0,68.2138653959552
2026-05-17,Sunday,15,Library Counter,2,25,1.065468468766269,17,0,0,12.686811151030536
2026-02-11,Wednesday,17,Library Counter,5,10,5.728774135143068,7,0,0,11.607643640552315
2026-03-11,Wednesday,9,Cafeteria,3,26,6.194577926328546,14,1,1,50.80551622820012
2026-05-29,Friday,14,Admin Office,4,31,1.2793163978016198,9,0,0,8.736772592718726
2026-02-26,Thursday,15,Student Service Center,4,33,5.211681511419272,30,0,0,45.39547392256478
2026-01-05,Monday,14,Fee Counter,4,98,7.746134826398049,79,0,0,191.7873110282448
2026-02-26,Thursday,12,Admin Office,2,56,3.6177784352802322,38,0,0,100.38567902055021
2026-02-25,Wednesday,11,Student Service Center,1,88,2.565140227786406,77,1,0,230.39414225676455
2026-03-31,Tuesday,11,Cafeteria,1,66,7.036027022165899,63,0,0,464.23709161753555
2026-03-02,Monday,17,Fee Counter,1,30,6.700681753535562,21,0,0,198.92569886809662
2026-02-01,Sunday,13,Fee Counter,4,27,6.78437249309992,11,0,0,49.91006611112447
2026-03-27,Friday,12,Cafeteria,3,72,2.3743115679409237,54,0,0,61.603596876126915
2026-05-18,Monday,16,Admin Office,1,69,5.303161687130759,62,0,0,370.867693815277
2026-03-12,Thursday,15,Fee Counter,3,75,2.06056097739247,52,1,0,49.27754411181442
2026-01-19,Monday,17,Cafeteria,3,45,7.905339083568095,39,0,0,119.24054309266396
2026-05-31,Sunday,14,Cafeteria,2,56,7.67990243264713,40,0,1,214.4339857871858
2026-06-15,Monday,10,Fee Counter,4,46,7.670568732983832,50,0,1,88.88106216572622
2026-05-05,Tuesday,16,Student Service Center,2,44,4.635235488926442,25,1,0,101.35386245111852
2026-02-18,Wednesday,15,Admin Office,5,59,7.045792605241009,57,0,0,86.66337569850609
2026-02-06,Friday,11,Student Service Center,1,79,6.397204264063634,74,0,0,509.3983450957581
2026-06-22,Monday,10,Library Counter,3,41,1.4264779873807938,46,0,0,17.558435219841776
2026-03-25,Wednesday,8,Student Service Center,1,39,4.169192703878139,41,0,0,161.8205153441297
2026-01-05,Monday,8,Student Service Center,2,70,2.979580980513873,72,0,0,104.50769384370196
2026-04-16,Thursday,10,Admin Office,5,6,7.930719558784938,8,0,1,12.992944945796946
2026-01-22,Thursday,8,Library Counter,4,20,1.092617495485932,21,0,0,4.014816689298218
2026-05-20,Wednesday,11,Admin Office,5,13,4.605766915368615,9,0,0,10.14320500115038
2026-01-07,Wednesday,17,Fee Counter,2,66,6.454163382683443,61,0,0,216.95929256225133
2026-04-19,Sunday,13,Student Service Center,3,83,1.158998778747677,65,0,0,36.84341641020051
2026-01-06,Tuesday,9,Fee Counter,2,61,2.343502908214842,45,1,0,70.4500165912313
2026-05-19,Tuesday,9,Fee Counter,5,75,4.305611747213757,76,0,0,63.87849028524116
2026-02-18,Wednesday,15,Admin Office,3,29,3.9177746041787094,25,0,0,40.24066127648427
2026-03-18,Wednesday,12,Admin Office,2,64,7.9175046704104695,47,0,0,250.6347682685291
2026-01-23,Friday,13,Admin Office,1,60,7.328910356540473,37,0,0,441.4958314396314
2026-02-24,Tuesday,13,Cafeteria,3,105,7.498510308134508,63,1,0,264.91265510711736
2026-06-24,Wednesday,10,Student Service Center,1,62,5.69829430140327,49,1,1,353.37361104349003
2026-01-10,Saturday,15,Library Counter,3,56,4.382731402541774,59,0,0,86.21673770211709
2026-06-19,Friday,15,Student Service Center,1,68,2.521088525942675,67,0,0,174.13249085153
2026-02-01,Sunday,12,Fee Counter,2,47,3.8394761533986825,18,0,0,89.87005458861407
2026-04-09,Thursday,14,Fee Counter,2,106,6.158758883091022,68,1,0,324.6479387917328
2026-01-20,Tuesday,10,Library Counter,4,24,5.397749586632717,23,0,0,30.817350998417535
2026-05-15,Friday,12,Cafeteria,4,46,7.9942278873479635,41,0,1,96.05783256902004
2026-02-03,Tuesday,16,Library Counter,3,22,5.616031841174247,23,0,0,41.10559177247453
2026-05-20,Wednesday,16,Student Service Center,1,43,3.2807836919214997,35,0,0,141.3953004705148
2026-03-09,Monday,14,Admin Office,5,93,3.2001609893413527,75,0,1,59.458337701752676
2026-01-02,Friday,16,Library Counter,4,27,7.37554385723459,42,0,1,46.82836230965001
2026-06-02,Tuesday,16,Library Counter,5,13,6.064579513208695,12,0,0,18.98670723741469
2026-01-18,Sunday,12,Student Service Center,1,117,4.4531185251708525,75,1,0,524.3795502992467
2026-02-02,Monday,11,Fee Counter,1,44,7.261168331764439,47,0,0,317.92107645926336
2026-03-14,Saturday,16,Fee Counter,1,75,7.876961464477166,73,0,0,587.8553977286875
2026-03-02,Monday,15,Cafeteria,5,78,2.419512487783811,74,0,0,42.21448027973018
2026-03-07,Saturday,8,Library Counter,3,36,4.38514883526309,37,0,0,53.47752330011782
2026-04-18,Saturday,12,Cafeteria,2,111,1.0304241266532865,78,1,0,61.47850444892235
2026-03-02,Monday,17,Cafeteria,3,29,1.6722620046544263,31,0,0,20.879891558205472
2026-05-12,Tuesday,11,Fee Counter,1,39,1.0127139914228132,39,0,0,41.214143351814464
2026-02-28,Saturday,16,Admin Office,1,74,5.857485100563407,57,1,0,436.5605581614898
2026-05-25,Monday,10,Fee Counter,3,40,7.24109706463001,44,0,0,100.31289499685008
2026-05-28,Thursday,13,Fee Counter,3,40,3.993159604834404,11,0,0,56.33019470480829
2026-05-25,Monday,12,Cafeteria,4,30,5.8896929407858885,8,0,0,41.968631116970826
2026-04-16,Thursday,8,Cafeteria,4,49,6.739347588827129,41,0,0,86.32975482153392
2026-06-01,Monday,9,Fee Counter,4,13,2.9573551875825155,7,0,0,11.331463586071333
2026-06-25,Thursday,13,Cafeteria,3,65,2.2485215728216454,37,0,0,49.405454622373846
2026-04-11,Saturday,11,Library Counter,3,53,5.589198384582133,33,1,0,96.54412507298285
2026-06-07,Sunday,14,Student Service Center,1,28,4.3511944384993,12,0,0,124.72643255259773
2026-04-05,Sunday,15,Student Service Center,3,43,1.0697353281472644,40,0,0,18.899261709031702
2026-06-16,Tuesday,9,Fee Counter,2,60,5.640544835262958,63,0,0,172.73833253342858
2026-06-17,Wednesday,11,Library Counter,1,76,3.4010823639862986,76,0,0,258.91208702752317
2026-04-16,Thursday,17,Admin Office,3,67,6.5952466360653075,61,0,0,151.53182280418696
2026-04-10,Friday,9,Library Counter,3,63,1.4003461236696595,70,0,1,28.392595342737096
2026-06-25,Thursday,9,Student Service Center,3,44,4.987636119042863,39,0,0,75.22014621772145
2026-03-10,Tuesday,11,Library Counter,3,46,6.24285743305679,40,0,0,93.14436164385386
2026-06-24,Wednesday,12,Library Counter,4,43,3.067299640981408,15,0,0,32.09984123143189
2026-02-27,Friday,15,Library Counter,2,40,6.273296355326381,40,0,0,123.27498314396718
2026-04-28,Tuesday,13,Cafeteria,1,24,5.530380206058798,7,0,0,131.7895444521743
2026-04-03,Friday,14,Library Counter,1,102,1.8037478302514376,62,1,0,187.69427376106495
2026-06-26,Friday,11,Fee Counter,1,64,1.915194042717269,64,0,0,121.45999294904726
2026-01-09,Friday,16,Student Service Center,1,72,3.957009061596079,52,1,0,287.0351942952667
2026-06-07,Sunday,14,Student Service Center,2,109,4.882212906451164,77,1,0,268.5376444694693
2026-04-06,Monday,15,Cafeteria,4,77,1.8654075682379294,77,0,0,36.794783742895184
2026-01-03,Saturday,11,Cafeteria,2,55,4.30768643165669,53,0,0,117.83559599926578
2026-04-30,Thursday,16,Fee Counter,4,49,7.4346907864722915,43,0,0,94.47891050704659
2026-05-02,Saturday,9,Cafeteria,3,69,3.9962179138445193,51,1,0,92.66281685533738
2026-03-01,Sunday,17,Library Counter,3,79,1.2661236862653864,73,0,0,37.64596724295038
2026-04-03,Friday,14,Fee Counter,3,32,1.8702526082553155,5,0,0,22.229982314417732
2026-02-19,Thursday,14,Library Counter,1,64,1.1448207798946255,23,1,0,72.00453375514036
2026-06-16,Tuesday,8,Library Counter,4,34,7.797763860874822,27,0,0,66.57397119088941
2026-03-02,Monday,15,Cafeteria,4,30,1.6654812445739926,35,0,0,11.167690296998376
2026-01-06,Tuesday,9,Fee Counter,4,17,5.314926671424849,16,0,0,22.621754911818904
2026-01-03,Saturday,11,Student Service Center,3,61,3.3303829064026664,60,0,0,65.72534814579508
2026-05-22,Friday,17,Library Counter,4,22,2.821442354105055,24,0,0,17.003935712277503
2026-05-29,Friday,15,Fee Counter,5,83,2.6444568127974586,78,0,0,43.93783310662285
2026-04-05,Sunday,17,Fee Counter,5,57,2.549989475021208,62,0,0,32.8394110279202
2026-02-06,Friday,11,Cafeteria,5,70,4.569942794573979,51,1,0,64.62390986197786
2026-06-22,Monday,11,Library Counter,4,76,1.274564717868579,78,0,0,25.34846625217132
2026-02-26,Thursday,8,Library Counter,1,30,3.831459705400552,30,0,0,112.36349486446784
2026-03-31,Tuesday,11,Fee Counter,1,46,6.125177196119317,37,0,0,284.04057859724156
2026-01-01,Thursday,13,Student Service Center,4,57,5.88443967186692,28,0,0,82.5976624456152
2026-02-08,Sunday,10,Student Service Center,5,1,3.456819005207764,6,0,1,2.7789347274471377
2026-06-03,Wednesday,10,Cafeteria,3,32,2.091769826124669,29,0,0,20.688952870106682
2026-03-02,Monday,14,Cafeteria,3,55,3.376498569256165,36,0,0,64.76602522034005
2026-04-21,Tuesday,10,Admin Office,2,51,3.3203721828060306,42,0,0,89.27960401671066
2026-02-19,Thursday,14,Library Counter,5,89,4.625390598955173,70,0,0,85.76959608706717
2026-01-16,Friday,14,Cafeteria,1,57,2.254348359987534,37,0,0,127.28480893255252
2026-05-13,Wednesday,14,Fee Counter,3,91,7.873037849115455,49,1,0,238.89676412424473
2026-06-19,Friday,14,Admin Office,4,99,3.087340114972664,76,1,1,74.4830626551862
2026-05-30,Saturday,17,Library Counter,5,21,2.243615576992508,16,0,0,9.361067781490803
2026-03-21,Saturday,14,Fee Counter,4,42,7.089016840950179,24,0,0,78.37576145579983
2026-06-04,Thursday,11,Admin Office,5,62,3.3061007520870667,43,1,0,39.5104996389893
2026-05-10,Sunday,10,Library Counter,2,16,1.990135620219599,10,0,0,18.88627442985528
2026-05-23,Saturday,10,Library Counter,1,32,5.078578144996955,42,0,1,162.291859824181
2026-05-03,Sunday,14,Fee Counter,4,33,5.082579561840998,10,0,0,39.91135809462771
2026-05-19,Tuesday,8,Admin Office,4,73,4.180030343539316,70,0,0,78.24639247587838
2026-05-25,Monday,15,Fee Counter,3,24,4.200245202863101,27,0,0,36.114021709665444
2026-01-29,Thursday,9,Admin Office,3,56,2.4133782053538595,65,0,1,49.00736725512779
2026-01-29,Thursday,14,Admin Office,2,59,2.775694089792636,25,1,0,85.4194051579331
2026-03-21,Saturday,12,Cafeteria,3,56,5.820791608323387,30,0,0,107.67772850288557
2026-01-02,Friday,10,Student Service Center,1,75,6.112945040564059,64,1,0,457.1745761057493
2026-04-29,Wednesday,13,Cafeteria,2,91,5.819434811580029,74,0,1,266.34255424136256
2026-03-26,Thursday,14,Admin Office,3,81,5.768048161122378,46,1,0,153.77651390499904
2026-03-23,Monday,15,Student Service Center,4,65,5.3932888294303165,62,0,0,91.96918315972866
2026-01-12,Monday,15,Admin Office,5,20,3.450724973022051,11,0,0,17.24097508081256
2026-04-25,Saturday,13,Library Counter,5,84,1.1387613037962359,55,0,0,18.6624105644801
2026-04-20,Monday,12,Admin Office,3,43,2.297933196698786,18,0,0,34.45410092725673
2026-04-11,Saturday,15,Fee Counter,4,64,2.6898102907509807,62,0,0,46.71984182849878
2026-01-11,Sunday,12,Library Counter,2,78,7.456266926095525,50,0,0,288.3223781417403
2026-01-30,Friday,17,Cafeteria,3,34,2.6712150723654142,39,0,0,33.494149356662895
2026-06-29,Monday,17,Fee Counter,5,12,4.189293677993833,16,0,0,13.734988777719764
2026-04-05,Sunday,17,Student Service Center,4,34,1.665999801302581,36,0,0,16.137006910392977
2026-06-15,Monday,11,Admin Office,5,18,3.560415822744112,13,0,0,15.529797519703841
2026-01-19,Monday,16,Fee Counter,3,26,5.756026733339607,26,0,0,47.032733763568864
2026-05-30,Saturday,9,Fee Counter,4,35,5.484695377649642,28,0,0,45.709067255941434
2026-01-17,Saturday,8,Student Service Center,5,51,7.344995854058869,28,1,0,78.08288889808706
2026-04-09,Thursday,10,Cafeteria,5,9,7.336775473286241,7,0,0,14.298887544340836
2026-04-02,Thursday,16,Student Service Center,5,70,7.714151761785915,74,0,1,112.73954997728373
2026-03-25,Wednesday,13,Cafeteria,1,42,7.309955143534218,16,0,0,309.0969645078912
2026-02-27,Friday,9,Student Service Center,5,90,5.540348663902449,76,1,0,99.10170836812327
2026-03-24,Tuesday,14,Admin Office,5,44,4.391821177343799,20,0,0,42.85235099859234
2026-05-20,Wednesday,11,Cafeteria,2,28,6.3501842690046475,17,1,0,93.37569527073022
2026-01-12,Monday,17,Fee Counter,5,87,4.378764329664065,74,1,0,77.60657061387043
2026-05-10,Sunday,11,Admin Office,5,20,2.203214246522595,9,1,0,12.72599039276882
2026-01-22,Thursday,16,Library Counter,3,78,6.646358411650961,76,0,0,172.22815231513502
2026-01-20,Tuesday,10,Fee Counter,4,29,1.2301902175065946,22,0,0,8.063148778133225
2026-05-04,Monday,12,Fee Counter,1,57,4.218916486320331,33,0,0,242.08878491825445
2026-03-06,Friday,15,Admin Office,1,20,5.827577748531475,14,0,0,118.7501314663721
2026-06-12,Friday,16,Cafeteria,3,42,5.081775525697221,33,0,0,69.98591931836069
2026-01-27,Tuesday,12,Cafeteria,2,51,1.206175962481012,32,0,0,35.67494700270651
2026-05-09,Saturday,9,Library Counter,2,78,4.616063562082865,72,0,0,179.35640007024443
2026-02-06,Friday,8,Student Service Center,5,40,3.3592572637483515,19,1,0,30.5927369747004
2026-04-01,Wednesday,13,Student Service Center,1,35,7.582497001260042,8,0,0,264.77515913004197
2026-05-31,Sunday,10,Admin Office,5,41,7.481502232822707,43,0,0,66.32118052627132
2026-05-30,Saturday,11,Cafeteria,5,73,3.5319343388079365,66,0,0,51.373425953254625
2026-06-23,Tuesday,15,Admin Office,5,57,6.485727762111184,61,0,0,78.71583827959743
2026-06-19,Friday,17,Student Service Center,2,60,4.417135341730404,65,0,0,135.586656359093
2026-05-05,Tuesday,9,Library Counter,5,66,5.848153177459114,69,0,0,74.77044493045308
2026-01-21,Wednesday,11,Library Counter,2,68,5.998513142044871,64,0,0,207.47178979397262
2026-06-27,Saturday,13,Library Counter,3,51,2.360279564155748,22,0,0,44.435478527761425
2026-03-01,Sunday,13,Library Counter,1,53,7.278459187159431,30,0,0,389.06168379476816
2026-03-25,Wednesday,9,Student Service Center,4,89,5.791057349297908,72,1,0,127.46580737022813
2026-05-16,Saturday,12,Cafeteria,1,78,7.854608711078899,63,0,0,616.8681548578395
2026-06-16,Tuesday,16,Cafeteria,5,66,7.167898774132272,70,0,0,97.59908483074483
2026-03-15,Sunday,12,Fee Counter,2,65,3.2622766050748,44,0,0,104.04768368094983
2026-06-15,Monday,17,Student Service Center,4,76,1.8384121094989898,65,1,0,39.31547250362364
2026-03-01,Sunday,17,Student Service Center,5,62,3.6693668142212497,64,0,0,46.23034242061729
2026-02-11,Wednesday,11,Student Service Center,2,39,2.277481483900047,44,0,0,44.184011927924715
2026-06-22,Monday,12,Admin Office,4,59,1.958675824329018,20,1,0,27.13913386653625
2026-03-20,Friday,17,Admin Office,3,37,7.476254326295948,34,0,0,89.63504568215431
2026-04-08,Wednesday,10,Fee Counter,2,23,4.534605414324847,21,0,0,55.86543402851201
2026-01-29,Thursday,13,Admin Office,2,43,5.581317917051636,25,0,0,117.88253725825655
2026-05-05,Tuesday,12,Library Counter,3,89,2.6103207800334047,67,0,0,76.34362376949528
2026-01-02,Friday,16,Library Counter,1,18,4.9200291287867435,11,0,0,92.60959962974633
2026-01-04,Sunday,15,Admin Office,3,77,4.742536220067068,77,0,0,123.78832092706114
2026-06-16,Tuesday,16,Fee Counter,5,57,5.579480773116249,55,0,0,67.6617421617471
2026-05-05,Tuesday,13,Library Counter,5,95,5.748233251897043,78,0,0,107.92704469734375
2026-01-08,Thursday,10,Library Counter,2,48,3.87742221502626,45,0,0,96.92487762728362
2026-04-08,Wednesday,8,Admin Office,3,76,4.1363014220885885,71,0,0,101.88861099479526
2026-04-23,Thursday,13,Library Counter,4,95,5.901469256993901,74,0,0,142.50229062072236
2026-06-09,Tuesday,14,Admin Office,5,95,1.6322965620433427,79,0,0,29.412956852859434
2026-03-29,Sunday,10,Admin Office,5,54,1.6874363810466178,45,0,0,19.95391900043975
2026-04-16,Thursday,9,Admin Office,3,69,6.014610810572359,71,0,0,141.9326719953139
2026-04-07,Tuesday,8,Student Service Center,5,39,5.913751827674156,32,1,1,50.36301843470638
2026-02-27,Friday,15,Cafeteria,5,32,7.1446558258669075,24,0,0,48.265129999750535
2026-01-03,Saturday,9,Admin Office,5,65,6.2668535000142995,62,0,0,83.42021643602652
2026-01-25,Sunday,11,Admin Office,1,48,7.956265021477737,42,0,0,385.0670163579127
2026-04-23,Thursday,10,Fee Counter,3,75,3.3009555238216453,58,1,0,81.53091192837272
2026-03-22,Sunday,10,Library Counter,3,40,4.8688471768011805,31,0,0,67.64664219660676
2026-06-07,Sunday,16,Cafeteria,4,26,1.1904999440112443,22,0,0,12.503063702324749
2026-03-06,Friday,8,Student Service Center,2,33,5.721268159908886,31,0,0,93.0615544853316
2026-03-03,Tuesday,12,Fee Counter,3,88,7.716455177796041,44,1,0,225.89915332152373
2026-06-28,Sunday,10,Fee Counter,2,53,5.38323579884727,68,0,1,144.52693597550564
2026-05-30,Saturday,9,Fee Counter,2,61,5.445959336810785,64,0,0,164.80899047208013
2026-03-18,Wednesday,11,Fee Counter,1,34,3.6636871400848,43,0,1,125.68174224385137
2026-05-07,Thursday,16,Fee Counter,1,59,2.6809818103505085,61,0,0,155.48720399192106
2026-05-04,Monday,13,Cafeteria,1,92,1.9473490433326957,52,1,0,183.97884707825943
2026-02-04,Wednesday,8,Admin Office,5,33,2.0096498762825745,32,0,0,12.69544601781778
2026-05-28,Thursday,14,Admin Office,5,68,5.391604844690663,52,0,1,75.21684939707407
2026-02-04,Wednesday,16,Student Service Center,3,67,4.97956138814172,70,0,0,116.131741086636
2026-06-13,Saturday,15,Cafeteria,3,71,1.3627268992753772,48,1,0,33.509030728906026
2026-05-05,Tuesday,15,Cafeteria,1,14,1.0525293136637752,28,0,1,19.20247488713122
2026-04-29,Wednesday,12,Admin Office,1,73,7.6864391588265635,57,0,0,562.9704463947716
2026-04-16,Thursday,9,Fee Counter,4,55,7.9886960473802064,61,0,1,113.85186870348983
2026-03-10,Tuesday,8,Library Counter,1,18,7.674235958118472,10,0,0,140.07723083553557
2026-05-21,Thursday,9,Admin Office,4,99,2.9358384495794985,77,1,0,74.70281989015213
2026-03-31,Tuesday,14,Library Counter,4,105,6.123871264915251,61,1,0,163.9373210134774
2026-04-05,Sunday,11,Cafeteria,4,44,4.070361334940685,38,0,0,43.85250554966369
2026-01-13,Tuesday,8,Admin Office,1,55,4.895390564824598,55,0,0,272.655520582005
2026-04-24,Friday,13,Cafeteria,1,70,4.7337249877928755,34,1,0,334.6172915065451
2026-03-11,Wednesday,8,Cafeteria,5,38,6.33437925677139,49,0,1,45.6189648536664
2026-06-07,Sunday,15,Student Service Center,5,56,2.6512503285076336,59,0,0,28.840229379387203
2026-04-25,Saturday,15,Admin Office,2,63,5.48813151229983,64,0,0,177.37285320066857
2026-03-03,Tuesday,17,Cafeteria,5,36,7.921300680803919,29,0,0,55.40233787982519
2026-06-27,Saturday,15,Library Counter,2,43,4.783362677263578,21,1,0,107.11819305026874
2026-06-11,Thursday,8,Cafeteria,2,32,1.6315115071059854,9,1,0,27.46959624038825
2026-05-08,Friday,13,Student Service Center,2,24,7.7886869798384115,13,0,1,92.81308004124492
2026-06-17,Wednesday,15,Admin Office,3,69,3.447587383757838,61,0,0,82.28567622272456
2026-03-01,Sunday,11,Admin Office,1,46,3.1922216185932233,29,1,0,148.16224681640642
2026-01-12,Monday,15,Cafeteria,5,58,3.2998407911375076,51,0,0,38.27499625611033
2026-05-17,Sunday,17,Cafeteria,3,18,4.678625392841532,14,0,0,29.677360573418277
2026-06-27,Saturday,16,Fee Counter,5,59,7.426060163744438,64,0,0,86.22305062969158
2026-05-09,Saturday,10,Fee Counter,1,26,6.02254072437589,8,1,0,155.94416579027444
2026-02-27,Friday,8,Admin Office,2,87,2.3517755594655423,67,1,0,103.30114189969294
2026-04-03,Friday,13,Admin Office,2,62,5.883992642004683,32,1,0,180.76981537404689
2026-03-17,Tuesday,10,Admin Office,4,9,7.556389666646687,22,0,1,17.70555527351509
2026-06-10,Wednesday,15,Admin Office,4,30,3.838855387447871,31,0,0,31.57105164193117
2026-04-26,Sunday,15,Fee Counter,4,27,5.62396400732206,10,1,0,36.49512909623044
2026-06-23,Tuesday,15,Cafeteria,1,78,1.2821959514818382,65,1,0,98.1250460024929
2026-05-09,Saturday,12,Fee Counter,4,57,3.1393963084703254,30,0,0,49.21095335241107
2026-01-11,Sunday,12,Fee Counter,2,85,3.1551710114231715,66,0,1,136.10143575316846
2026-03-08,Sunday,8,Cafeteria,2,23,4.8053407503633885,15,0,0,57.559286964818746
2026-04-10,Friday,10,Cafeteria,2,68,5.7936410831569045,68,0,0,196.0839190444865
2026-02-12,Thursday,16,Admin Office,1,49,2.095226249755585,44,0,0,107.54929856199993
2026-05-29,Friday,10,Admin Office,3,27,1.89006165219913,29,0,0,18.9230562966211
2026-01-23,Friday,15,Student Service Center,2,66,3.528589578184196,62,0,0,114.08772213852669
2026-03-31,Tuesday,9,Library Counter,4,56,4.025869024594579,35,1,0,56.5722318071601
2026-02-01,Sunday,13,Admin Office,2,41,6.909249559531236,19,0,0,145.82674997221073
2026-03-13,Friday,9,Cafeteria,2,52,3.4549255486770116,50,0,0,93.44977903469989
2026-01-18,Sunday,11,Cafeteria,4,46,1.346384410024606,26,1,0,13.277989233537102
2026-02-21,Saturday,10,Student Service Center,2,93,5.866100730316564,78,1,0,271.2195557233026
2026-01-13,Tuesday,13,Library Counter,3,17,4.385828118744473,8,0,1,26.494273285904875
2026-02-01,Sunday,14,Student Service Center,5,57,3.6236744199155035,34,0,0,46.252542746095926
2026-04-16,Thursday,10,Admin Office,2,15,1.8416115833142315,8,0,0,15.745893661090633
2026-03-31,Tuesday,16,Admin Office,3,71,2.1849689428007415,50,1,0,50.29579296267168
2026-04-18,Saturday,16,Student Service Center,4,13,3.927597086788977,6,0,0,14.134978125598458
2026-05-12,Tuesday,14,Library Counter,1,52,6.921970989023548,30,0,0,364.79239823727755
2026-01-02,Friday,8,Library Counter,4,14,4.077956276269751,10,0,0,15.46238324130635
2026-01-09,Friday,14,Student Service Center,3,93,1.5465557821494749,78,0,0,50.62418334586958
2026-05-26,Tuesday,13,Cafeteria,2,23,1.4631836392350863,8,0,0,18.047910452884302
2026-05-27,Wednesday,12,Student Service Center,2,84,7.35343120689484,68,0,0,309.1205702965642
2026-03-20,Friday,14,Student Service Center,2,64,4.028294480521085,49,0,0,130.78056012136534
2026-04-12,Sunday,9,Student Service Center,1,33,5.84361665128284,22,1,0,190.68250843678615
2026-03-22,Sunday,17,Fee Counter,3,21,1.2736264223583929,13,0,0,13.154306169125213
2026-05-16,Saturday,9,Library Counter,3,46,4.380444884684022,32,1,0,67.3816025387885
2026-04-20,Monday,10,Admin Office,2,56,5.210454664797267,53,0,0,147.28202658041593
2026-01-27,Tuesday,13,Cafeteria,1,85,4.548868481312022,67,0,0,386.42706731110076
2026-02-11,Wednesday,8,Admin Office,1,48,1.8963994642736386,49,0,0,93.31838707083047
2026-06-18,Thursday,10,Cafeteria,4,23,7.606169647283574,16,0,0,47.70341405723452
2026-05-25,Monday,15,Library Counter,5,80,2.711753211342229,78,0,0,46.264477705008915
2026-06-08,Monday,10,Fee Counter,1,53,1.7545178325949882,58,0,0,94.32272152085729
2026-03-29,Sunday,8,Fee Counter,1,45,7.663809282953189,46,0,0,349.6977826128114
2026-06-11,Thursday,17,Library Counter,4,39,6.954750788058646,38,0,0,66.6645245126662
2026-04-28,Tuesday,14,Student Service Center,5,33,4.326352983852104,12,0,0,29.81586525666782
2026-05-04,Monday,10,Library Counter,3,46,4.991057784011787,39,0,0,76.62939273236347
2026-05-14,Thursday,17,Fee Counter,4,56,2.8743687290876885,50,0,0,39.60326106939143
2026-05-20,Wednesday,16,Admin Office,2,70,6.692253901156422,76,0,1,232.59367589589445
2026-04-26,Sunday,10,Library Counter,2,21,5.463143614499618,23,0,0,60.79745371660359
2026-01-10,Saturday,13,Cafeteria,5,46,5.635497816536467,30,0,0,51.786310468847
2026-01-06,Tuesday,14,Fee Counter,5,102,2.2725781688347144,78,0,0,44.97297773746773
2026-05-02,Saturday,13,Library Counter,2,100,4.219717336452021,68,1,0,213.77374864362938
2026-01-21,Wednesday,10,Fee Counter,2,19,2.0459244383788953,16,0,0,22.613218946856414
2026-01-03,Saturday,15,Library Counter,5,74,2.013961877451135,67,0,0,34.03724444836425
2026-01-22,Thursday,10,Library Counter,2,51,7.030055244382864,48,0,0,176.9583709239342
2026-05-17,Sunday,14,Fee Counter,4,68,6.345455356817828,50,0,1,111.18583749959357
2026-05-22,Friday,16,Fee Counter,5,47,5.029416230642021,52,0,0,50.20537494418608
2026-04-27,Monday,8,Library Counter,3,83,1.5834470695032485,77,0,0,41.42215375408231
2026-03-28,Saturday,13,Student Service Center,4,94,7.21816976536638,72,0,0,167.4475689958671
2026-02-08,Sunday,9,Library Counter,5,56,3.455996504096346,61,0,1,38.14668929997064
2026-06-27,Saturday,9,Admin Office,5,94,3.9594214218243424,77,1,0,79.35756639249632
2026-06-13,Saturday,11,Admin Office,2,64,7.411524034324926,40,1,0,237.34827057487877
2026-04-06,Monday,8,Cafeteria,1,38,2.52032909578129,43,0,0,94.90503409602647
2026-01-05,Monday,10,Student Service Center,3,13,1.9869635882422036,6,0,0,8.683576984248226
2026-03-05,Thursday,17,Library Counter,2,61,3.65007081158466,65,0,0,109.48008937280422
2026-01-27,Tuesday,14,Cafeteria,2,27,4.41578780068112,12,0,0,60.284652596676565
2026-01-04,Sunday,15,Admin Office,2,45,3.0532549318466518,38,0,0,69.89880617181984
2026-04-04,Saturday,13,Fee Counter,1,29,6.1071892076468615,12,0,0,178.43359897786362
2026-06-08,Monday,8,Library Counter,2,21,3.4867989269219986,13,0,0,37.93229227511086
2026-06-08,Monday,13,Library Counter,5,57,5.413787031796456,40,0,0,61.982551272327896
2026-04-12,Sunday,14,Library Counter,1,52,3.8584027045361093,32,0,0,197.9167908603309
2026-03-13,Friday,16,Student Service Center,1,75,1.2375788080639416,79,0,0,95.48742742121412
2026-03-08,Sunday,9,Cafeteria,1,42,4.349621108872463,45,0,0,184.02908358730878
2026-02-16,Monday,13,Library Counter,4,92,3.300586821316281,66,0,0,74.94935728995463
2026-02-27,Friday,10,Student Service Center,5,82,3.2048014085364267,75,0,0,54.099434179088
2026-03-09,Monday,12,Admin Office,4,46,2.9170460374932254,26,0,0,36.09852776698813
2026-06-05,Friday,8,Fee Counter,4,83,2.4739624609402355,66,1,0,48.82936683500686
2026-04-18,Saturday,16,Student Service Center,2,80,2.362615831703933,77,0,0,95.8911462387626
2026-02-10,Tuesday,9,Fee Counter,3,84,5.120847251052766,76,0,0,142.40227819639338
2026-05-03,Sunday,17,Student Service Center,5,41,5.744158277368189,24,1,0,49.7978648783607
2026-05-16,Saturday,10,Fee Counter,2,48,2.123493831978569,49,0,0,53.542398682585116
2026-04-29,Wednesday,10,Cafeteria,2,93,1.4888090408160801,75,1,0,71.47156438731515
2026-05-12,Tuesday,14,Admin Office,1,90,4.6980351219277,62,0,0,421.9330705513946
2026-01-03,Saturday,13,Student Service Center,1,17,7.68107395591864,12,0,1,129.07058826994503
2026-01-18,Sunday,17,Cafeteria,2,29,2.9622342981783847,27,0,0,45.51288145492283
2026-03-03,Tuesday,10,Library Counter,1,13,1.8032849523311443,26,0,1,22.033216188945246
2026-01-24,Saturday,8,Admin Office,4,23,6.73054640002412,18,0,0,40.68989931783056
2026-01-08,Thursday,12,Student Service Center,2,52,5.187526642819873,34,0,0,138.18384205852496
2026-01-21,Wednesday,8,Student Service Center,2,15,2.8325760370462305,10,0,0,20.672990917329727
2026-06-14,Sunday,11,Fee Counter,5,38,6.590238585925441,45,0,1,49.76167797954112
2026-01-10,Saturday,11,Fee Counter,4,25,3.246850241886074,29,0,0,23.348257477245948
2026-03-20,Friday,14,Admin Office,4,75,5.855180320884757,52,0,0,114.72951527117145
2026-04-23,Thursday,15,Library Counter,1,66,6.785511463164452,60,0,0,448.8955262544819
2026-05-24,Sunday,10,Fee Counter,3,65,3.0134830228790874,57,0,0,69.62953425235918
2026-04-17,Friday,13,Admin Office,4,96,2.040221801347008,62,1,0,49.29923401246902
2026-01-02,Friday,12,Library Counter,3,46,3.682208637308432,29,0,0,53.83222573694966
2026-04-20,Monday,8,Cafeteria,1,0,4.859461375700921,7,0,1,1.0
2026-04-06,Monday,12,Cafeteria,4,43,2.0726582108194744,7,1,0,25.617917227586233
2026-06-17,Wednesday,9,Student Service Center,3,27,7.8469366660253215,37,0,1,74.60521457001956
2026-02-01,Sunday,12,Fee Counter,1,40,6.096569890038156,16,0,0,248.43749469062604
2026-05-15,Friday,8,Admin Office,1,55,5.732020550176739,51,0,0,315.6360449950769
2026-05-27,Wednesday,11,Admin Office,4,19,6.300132941754676,22,0,0,29.569857350830787
2026-05-14,Thursday,13,Fee Counter,2,84,1.5738104326732403,40,1,0,67.02643387430624
2026-04-20,Monday,17,Cafeteria,5,11,1.546317165463541,6,0,0,7.634396864285186
2026-05-22,Friday,13,Cafeteria,3,59,3.4322874896500766,40,0,0,68.55568963189238
2026-05-29,Friday,11,Admin Office,2,69,6.431996649545701,67,0,0,226.7261807486013
2026-05-18,Monday,14,Admin Office,4,30,3.7397936232572992,11,0,0,28.491614789424272
2026-04-16,Thursday,17,Admin Office,2,54,4.877781521649434,47,0,0,131.4997344742593
2026-02-28,Saturday,16,Cafeteria,2,52,6.759930263726251,54,0,0,180.46969117237086
2026-06-11,Thursday,16,Fee Counter,4,28,4.435843991628883,9,1,0,32.80716129222419
2026-02-04,Wednesday,8,Admin Office,4,10,2.6175105050673486,10,0,0,5.111351843245934
2026-01-30,Friday,17,Library Counter,1,68,5.373099320198909,72,0,0,362.94530518674196
2026-06-28,Sunday,8,Admin Office,1,64,1.532210753461285,67,0,0,99.56788403012023
2026-03-22,Sunday,16,Fee Counter,1,70,3.732122778712797,63,0,0,265.84373986398805
2026-02-05,Thursday,9,Library Counter,5,77,3.9864472725168,72,0,0,65.67181476103927
2026-05-07,Thursday,14,Library Counter,4,29,5.854784811126368,13,0,0,45.33289668452435
2026-01-04,Sunday,12,Cafeteria,1,99,6.086792097196837,66,1,1,601.5195589777808
2026-03-25,Wednesday,8,Fee Counter,2,30,3.866039882665882,21,0,0,56.14697095981477
2026-01-10,Saturday,12,Library Counter,5,45,6.683109866138191,16,0,0,64.94911364068227
2026-05-09,Saturday,8,Cafeteria,5,43,7.403787426999809,25,1,0,64.57801121257664
2026-04-29,Wednesday,9,Fee Counter,1,42,1.9193462395324745,38,0,0,85.41664898984206
2026-02-05,Thursday,12,Library Counter,2,45,4.4824733211135825,17,0,0,104.40032843193273
2026-06-18,Thursday,12,Fee Counter,2,79,2.7190609300601465,60,0,0,104.55151150349676
2026-04-23,Thursday,13,Library Counter,5,35,5.592708268338352,18,0,0,37.23968372783554
2026-05-30,Saturday,12,Admin Office,5,80,6.8257415973996824,57,0,0,107.6126167011917
2026-01-10,Saturday,13,Library Counter,3,59,6.285134386282342,34,0,0,125.29135568696293
2026-01-12,Monday,16,Admin Office,5,28,1.3906619120126846,23,0,0,10.397723220073487
2026-04-17,Friday,10,Library Counter,2,15,4.169039723435376,10,0,0,35.05161966367617
2026-06-13,Saturday,15,Cafeteria,5,85,6.302701425189721,70,1,0,108.4755437803461
2026-06-19,Friday,14,Student Service Center,2,93,4.410011322376057,69,0,0,203.46558512486754
2026-01-05,Monday,9,Admin Office,5,21,2.73841378921095,20,0,0,11.681553830330541
2026-02-05,Thursday,12,Fee Counter,4,49,7.301690568117896,27,0,0,90.82544799362451
2026-03-04,Wednesday,10,Admin Office,4,77,7.7237819010724635,75,0,0,147.04477970945305
2026-03-12,Thursday,9,Admin Office,5,33,5.640708565123787,31,0,0,34.732016149534935
2026-05-20,Wednesday,13,Library Counter,2,61,6.700316386108199,36,0,0,207.91692295202776
2026-01-14,Wednesday,11,Library Counter,4,58,5.52130192459124,61,0,0,80.24405995701814
2026-01-31,Saturday,13,Admin Office,2,35,2.8105756535327204,12,0,0,47.98608695397124
2026-01-09,Friday,10,Admin Office,1,10,1.2661820457753634,5,0,0,16.531105855735667
2026-01-30,Friday,8,Student Service Center,5,86,3.0633940510133266,78,0,0,56.567317354234206
2026-02-04,Wednesday,15,Student Service Center,4,36,6.707516353352014,35,0,0,57.64987251417618
2026-02-01,Sunday,15,Fee Counter,4,3,3.8031745926442175,7,0,0,3.091829700213532
2026-05-24,Sunday,13,Library Counter,4,65,6.965850987977434,39,0,0,112.82755386744296
2026-04-12,Sunday,8,Admin Office,2,47,6.440684923220092,45,0,0,154.50593555578294
2026-05-07,Thursday,13,Library Counter,4,37,3.298658873562777,12,0,0,28.445079498622494
2026-02-04,Wednesday,14,Admin Office,3,95,1.6070155591019772,52,1,0,55.14198043703435
2026-01-30,Friday,12,Admin Office,4,72,3.857148006298025,39,1,0,67.52813718337896
2026-01-12,Monday,12,Cafeteria,2,52,5.757447477585835,34,0,0,152.148431312209
2026-04-07,Tuesday,15,Fee Counter,2,21,5.3840057415299025,22,0,0,57.47231067649846
2026-03-12,Thursday,12,Library Counter,5,108,1.9937772123839324,69,1,0,41.36385074376321
2026-03-31,Tuesday,11,Student Service Center,2,34,5.720247696021259,28,0,0,98.2355605144148
2026-01-10,Saturday,13,Admin Office,4,83,4.336811389993327,56,0,0,87.83332291260393
2026-01-20,Tuesday,17,Admin Office,3,36,5.142505385553468,38,0,0,61.378494020031525
2026-04-22,Wednesday,15,Student Service Center,2,44,4.52132014186957,31,1,0,96.89938667095241
2026-03-28,Saturday,9,Admin Office,4,61,6.9002098185976255,48,1,0,102.42235610952889
2026-05-31,Sunday,13,Fee Counter,5,30,5.436917505068422,9,0,0,34.69618079301786
2026-04-09,Thursday,8,Library Counter,3,43,7.262383322890614,38,0,0,101.89535406793189
2026-06-14,Sunday,10,Cafeteria,4,50,5.3832853545517985,55,0,0,70.65136881856247
2026-01-20,Tuesday,16,Fee Counter,4,50,2.316528588101769,46,0,0,33.583712407290925
2026-03-01,Sunday,12,Fee Counter,3,69,4.177541995250775,54,0,0,94.59944235828632
2026-02-01,Sunday,13,Cafeteria,4,76,5.755488216589471,61,0,1,114.02870911076175
2026-05-14,Thursday,14,Fee Counter,5,95,5.129390950169097,65,1,0,96.38272327342683
2026-06-01,Monday,10,Admin Office,4,67,6.388624310874172,54,1,0,104.93267376413093
2026-04-05,Sunday,9,Cafeteria,2,12,1.914683226973851,8,0,0,13.374931466498724
2026-02-26,Thursday,12,Library Counter,1,59,3.721568346890246,28,1,0,223.59479774616472
2026-05-24,Sunday,9,Student Service Center,2,26,3.056430649007784,18,0,0,40.73651504865149
2026-02-06,Friday,14,Fee Counter,5,78,4.0645308451105215,47,1,0,67.26213064679433
2026-01-08,Thursday,12,Student Service Center,4,66,4.325195305334537,44,1,1,74.01313267156576
2026-05-21,Thursday,9,Student Service Center,4,60,1.2589264674025225,65,0,0,21.383166339676997
2026-03-21,Saturday,11,Fee Counter,2,80,1.6865023668876848,63,1,0,64.47605649955926
2026-03-19,Thursday,13,Fee Counter,5,96,7.138631953577665,62,1,0,134.84856955421233
2026-06-17,Wednesday,14,Cafeteria,4,54,6.717453737971736,42,0,1,89.39989561203448
2026-05-25,Monday,10,Admin Office,4,68,3.646488485691065,67,0,0,65.81793807602445
2026-01-21,Wednesday,14,Cafeteria,4,45,6.514032601944759,27,0,0,74.33064988135862
2026-05-12,Tuesday,10,Student Service Center,3,47,6.20891305458051,41,0,0,100.48742543102234
2026-04-24,Friday,15,Student Service Center,2,59,1.2472162601641852,62,0,0,34.926283869934096
2026-01-07,Wednesday,17,Student Service Center,1,77,5.439137390249928,60,1,0,422.2505674948079
2026-05-21,Thursday,11,Fee Counter,3,0,4.629989868136507,5,0,0,1.0
2026-03-29,Sunday,11,Student Service Center,5,70,1.5913505263117593,75,0,0,25.23440888063794
2026-06-24,Wednesday,16,Student Service Center,4,57,5.070049406251881,62,0,0,69.97600814097662
2026-06-18,Thursday,8,Library Counter,3,52,6.1093513414940395,51,0,0,104.07318729830831
2026-05-10,Sunday,10,Library Counter,5,67,5.050647195685913,60,0,0,68.62927274742114
2026-06-13,Saturday,11,Admin Office,5,17,4.343097740780695,15,0,0,14.463042206749627
2026-04-17,Friday,12,Admin Office,2,31,2.8237756012942725,16,0,0,46.71363533932312
2026-05-20,Wednesday,13,Fee Counter,2,59,4.8236384476737175,26,1,0,145.9248333752334
2026-03-05,Thursday,17,Admin Office,2,50,2.516910965832487,46,0,0,63.186801548449765
2026-01-10,Saturday,14,Fee Counter,5,81,3.3928444374377973,55,0,0,52.03323045846762
2026-05-06,Wednesday,14,Admin Office,4,79,5.820984424732868,60,0,0,112.26409252767522
2026-06-27,Saturday,10,Cafeteria,5,38,5.363949813460103,26,1,0,45.745651919370914
2026-02-01,Sunday,14,Library Counter,3,59,3.064179408626981,31,0,0,65.21582873170942
2026-03-16,Monday,14,Cafeteria,4,83,4.501227093718996,55,0,0,94.57400323619123
2026-02-21,Saturday,9,Cafeteria,5,41,7.668637324483984,35,0,0,61.93850470710119
2026-06-21,Sunday,13,Library Counter,4,71,7.547583112949169,53,0,0,136.2430840332943
2026-05-16,Saturday,8,Library Counter,5,14,5.387388291087031,10,0,0,18.558335812368327
2026-02-09,Monday,11,Library Counter,3,24,3.2179420214052046,25,0,0,24.672619003651253
2026-06-02,Tuesday,9,Cafeteria,1,32,7.5419878855781395,23,0,0,241.22477212088683
2026-05-21,Thursday,10,Student Service Center,1,41,1.0077561638537966,18,1,0,43.37169953940704
2026-01-29,Thursday,13,Student Service Center,2,32,1.8674859176005167,6,0,0,27.565107052602954
2026-05-28,Thursday,14,Student Service Center,2,109,6.3893580942591095,74,1,0,352.7962826346606
2026-04-08,Wednesday,14,Cafeteria,4,31,5.36340268911046,6,0,0,41.735024786319855
2026-04-21,Tuesday,17,Cafeteria,5,79,5.691422270894813,71,0,0,92.20381854527876
2026-02-16,Monday,9,Cafeteria,1,57,1.701297830327291,38,1,0,98.9609441563929
2026-04-14,Tuesday,17,Student Service Center,3,50,4.861803395625868,36,1,0,81.94886597949889
2026-06-24,Wednesday,15,Library Counter,1,67,1.1707886133887442,62,0,0,78.10907859344732
2026-06-16,Tuesday,13,Cafeteria,4,79,5.445930921474266,64,0,0,110.34052313957613
2026-06-22,Monday,10,Library Counter,5,25,3.1985946522681816,27,0,1,15.633451685397871
2026-01-12,Monday,15,Student Service Center,3,73,6.135627676053144,75,0,0,151.2474298126869
2026-06-15,Monday,13,Fee Counter,3,58,1.8185266758247431,34,0,0,34.50140962626108
2026-01-26,Monday,15,Library Counter,2,78,6.133247481473429,67,1,1,241.75387198367733
2026-03-14,Saturday,17,Library Counter,1,65,5.618720200196159,58,0,0,368.42037618297246
2026-03-21,Saturday,9,Library Counter,4,23,5.14821267878899,22,0,0,28.050821954253372
2026-05-13,Wednesday,9,Admin Office,5,35,4.385744015656717,28,0,0,31.755678562374566
2026-06-11,Thursday,10,Fee Counter,3,37,4.707668414306606,39,0,0,62.801790032303664
2026-03-06,Friday,16,Library Counter,3,38,6.963284169120376,42,0,0,92.18592419406629
2026-06-14,Sunday,17,Library Counter,3,67,2.167742351412051,69,0,1,51.51476718222021
2026-03-31,Tuesday,13,Library Counter,3,98,4.3321262651887515,71,0,0,141.37227381554086
2026-05-20,Wednesday,11,Fee Counter,5,64,4.539519137150503,59,1,1,63.080171077718134
2026-05-08,Friday,8,Fee Counter,4,34,4.174527891591087,33,0,0,38.2447754757403
2026-03-19,Thursday,16,Library Counter,3,47,7.970094988210678,48,0,0,128.13082420507453
2026-03-02,Monday,14,Fee Counter,3,33,1.2070912081944845,9,0,0,11.361564220388358
2026-06-04,Thursday,9,Library Counter,1,17,7.728022168930228,12,0,0,129.42420724330523
2026-05-03,Sunday,13,Library Counter,4,72,7.130760125903204,53,0,0,126.44589346954804
2026-06-15,Monday,8,Fee Counter,3,42,3.1194325413537523,44,0,0,45.931044311606556
2026-03-22,Sunday,14,Student Service Center,2,25,2.715955053765882,5,0,0,32.29877367944521
2026-02-11,Wednesday,12,Cafeteria,1,83,4.215635197907108,66,0,0,351.32106024874156
2026-03-23,Monday,14,Cafeteria,2,85,1.9481233690027977,67,0,0,83.50421896182338
2026-03-15,Sunday,15,Library Counter,1,32,2.932958213718903,26,0,0,93.12175176134555
2026-01-24,Saturday,16,Student Service Center,2,65,2.242457148867169,53,1,0,70.71395781445817
2026-06-03,Wednesday,17,Library Counter,3,81,3.1700627519894464,74,0,0,82.71403281625513
2026-02-05,Thursday,15,Fee Counter,5,63,5.097075359700031,54,1,1,67.42353256003862
2026-06-16,Tuesday,12,Library Counter,2,77,6.247633884208624,60,0,1,241.67209886016335
2026-04-21,Tuesday,10,Admin Office,5,51,5.372543413127801,51,0,0,58.636517269071405
2026-03-28,Saturday,14,Library Counter,5,116,2.6411535543290325,75,1,0,60.88766390252791
2026-05-30,Saturday,13,Library Counter,4,43,1.6295197712206873,26,0,0,21.008107953244014
2026-05-21,Thursday,15,Library Counter,5,34,3.152797699869237,32,0,0,24.61180787110411
2026-06-01,Monday,10,Student Service Center,1,9,5.3193587345142594,13,0,0,49.66449356244637
2026-03-27,Friday,17,Cafeteria,3,27,1.5483535487309004,12,1,0,11.896321445422865
2026-04-03,Friday,9,Fee Counter,1,22,2.938838061732957,23,0,0,69.61668221464846
2026-03-03,Tuesday,9,Library Counter,5,87,3.993439976704765,68,1,0,73.00128547297916
2026-06-12,Friday,14,Admin Office,2,53,2.3628750973505332,37,0,0,64.8694523802337
2026-04-16,Thursday,13,Admin Office,4,23,2.2524631190005895,5,0,0,13.952545905915969
2026-03-06,Friday,12,Admin Office,1,106,1.1108143151716574,68,1,0,115.28170190838202
2026-05-02,Saturday,8,Cafeteria,1,53,7.672689893230496,55,0,0,409.20060057021425
2026-06-12,Friday,8,Admin Office,3,66,4.7549315954014695,69,0,0,103.30480843576663
2026-06-21,Sunday,8,Cafeteria,1,73,1.0757981046255463,77,0,1,76.39241536284447
2026-04-28,Tuesday,9,Library Counter,1,61,2.6902721772537417,59,0,0,164.27627462287137
2026-01-04,Sunday,17,Cafeteria,4,46,7.311270393318255,55,0,1,82.65588203425688
2026-01-30,Friday,8,Admin Office,5,62,5.657668832746939,62,0,0,67.70528498870775
2026-04-10,Friday,8,Cafeteria,1,54,6.521396291710279,56,0,0,352.1448440809799
2026-02-19,Thursday,15,Student Service Center,4,29,6.315433915561936,34,0,0,49.715915580701505
2026-06-24,Wednesday,16,Fee Counter,1,23,7.000184150166675,21,0,0,159.68397632338235
2026-05-01,Friday,16,Cafeteria,5,19,5.432529794805465,14,0,0,25.157393356646175
2026-05-19,Tuesday,10,Library Counter,2,78,6.15390004486225,78,0,0,238.49857951413017
2026-05-18,Monday,13,Student Service Center,3,39,6.404584797110155,17,0,0,81.19528541720119
2026-02-13,Friday,13,Fee Counter,4,54,2.0349844824165513,26,0,0,24.84569653508888
2026-05-23,Saturday,11,Admin Office,3,15,7.97272862015482,6,0,0,39.935083007881914
2026-05-25,Monday,13,Student Service Center,5,76,1.0155422540713686,59,0,1,16.428384932516472
2026-02-11,Wednesday,11,Library Counter,1,24,5.982418936813274,19,1,1,142.38491818596407
2026-04-30,Thursday,9,Cafeteria,5,34,1.9578408789781696,24,1,0,11.72593558957143
2026-04-29,Wednesday,13,Student Service Center,3,30,5.920557768355959,8,0,0,60.61727200765331
2026-05-01,Friday,11,Cafeteria,4,65,5.52005550253581,42,1,0,90.6828499623144
2026-01-03,Saturday,9,Student Service Center,4,72,3.8473682719414812,71,0,0,73.44212671316592
2026-02-17,Tuesday,16,Cafeteria,2,26,7.647783610679754,22,0,0,103.18924675573102
2026-02-14,Saturday,16,Admin Office,3,27,3.9290753664440023,26,0,0,34.208893209783
2026-04-10,Friday,12,Library Counter,5,87,6.075729184499887,61,0,0,106.6131505988471
2026-05-06,Wednesday,10,Fee Counter,1,25,1.393273341245594,22,0,0,37.828123013956294
2026-01-20,Tuesday,9,Student Service Center,3,27,4.858749783511367,22,0,0,47.97638205169608
2026-05-30,Saturday,15,Library Counter,3,43,4.610687021936844,31,1,0,64.31094109190431
2026-01-20,Tuesday,15,Fee Counter,5,11,7.793254448000143,22,0,1,15.223118694829575
2026-02-16,Monday,17,Admin Office,1,63,1.787386283504648,52,1,0,114.71871636829412
2026-01-17,Saturday,9,Cafeteria,5,29,6.751775091453313,15,1,0,36.67291547543999
2026-04-01,Wednesday,15,Library Counter,2,37,4.8272535841142385,30,0,0,92.53511631879178
2026-02-07,Saturday,17,Cafeteria,5,72,4.0465672634351,63,0,0,62.06250495536877
2026-03-16,Monday,16,Student Service Center,5,11,2.106668759829883,5,0,0,8.138035538478217
2026-06-10,Wednesday,14,Admin Office,2,59,7.84441494803248,21,1,0,234.58088388983924
2026-04-15,Wednesday,10,Library Counter,5,54,7.4936069277267645,56,0,1,80.32345960518249
2026-03-18,Wednesday,9,Student Service Center,1,26,4.708250500629132,30,0,0,125.41723901042825
2026-01-25,Sunday,16,Fee Counter,3,101,7.566257651280048,79,1,0,254.6048695555701
2026-04-23,Thursday,17,Student Service Center,5,80,4.22723967410006,75,0,0,72.2728771741167
2026-06-22,Monday,10,Library Counter,5,58,6.6793535670223685,55,0,0,80.7940188884246
2026-06-03,Wednesday,13,Cafeteria,3,30,3.1968547905680667,9,0,0,33.44436435206994
2026-05-06,Wednesday,17,Library Counter,2,0,1.8605788634267768,11,0,1,3.5933041973350566
2026-02-22,Sunday,12,Library Counter,4,96,2.563513069331577,76,0,0,62.28766214110009
2026-01-22,Thursday,8,Library Counter,1,75,3.52396314389195,79,0,1,265.28169500762056
2026-01-08,Thursday,9,Fee Counter,5,88,6.866636955795023,77,1,0,121.67367388302176
2026-01-21,Wednesday,9,Student Service Center,1,31,7.45073530106731,26,0,0,230.26332461753756
2026-01-12,Monday,14,Library Counter,5,49,2.900685623067693,31,0,0,28.48560968977994
2026-03-15,Sunday,9,Admin Office,4,52,1.6314131640939913,53,0,0,24.20029815520992
2026-03-22,Sunday,11,Fee Counter,5,13,3.3350347621740415,11,0,0,7.696581048312204
2026-01-26,Monday,17,Cafeteria,5,68,7.305892129493863,67,0,0,101.12922638198602
2026-04-27,Monday,17,Cafeteria,3,69,2.312796030035031,60,0,0,50.29160032285615
2026-05-01,Friday,17,Fee Counter,1,9,6.439960146416157,13,0,0,57.42991576996759
2026-06-20,Saturday,13,Cafeteria,2,96,1.118685150435101,79,0,0,55.66458813793588
2026-03-28,Saturday,10,Cafeteria,1,88,7.764891420686036,66,1,0,681.6333088396455
2026-04-02,Thursday,12,Library Counter,2,28,6.021775386527389,11,0,0,86.37662185495306
2026-02-22,Sunday,12,Library Counter,1,39,2.8481754122971776,10,0,0,109.41217726552256
2026-05-08,Friday,10,Admin Office,1,39,3.672500461826566,35,0,0,140.47418019351136
2026-03-28,Saturday,12,Fee Counter,1,72,2.4762870403714072,57,0,0,177.0325767828674
2026-03-18,Wednesday,8,Library Counter,1,31,7.094310887021718,34,0,0,219.20164614026095
2026-01-26,Monday,15,Cafeteria,5,28,6.765029839190657,12,1,0,37.61074327695844
2026-05-17,Sunday,11,Library Counter,4,29,3.441918702623063,32,0,0,27.54651567313479
2026-04-27,Monday,8,Library Counter,2,15,4.041081538617155,15,0,0,31.457806285331706
2026-06-09,Tuesday,15,Cafeteria,3,13,1.0159829278172814,9,0,0,2.818239972910969
2026-03-08,Sunday,14,Cafeteria,4,95,3.2102630769731624,70,0,0,79.42125972210135
2026-03-18,Wednesday,15,Cafeteria,1,46,7.701006885397202,41,0,0,354.47656075988584
2026-05-07,Thursday,15,Student Service Center,2,56,6.475405229742629,47,0,0,185.86585592623848
2026-01-25,Sunday,11,Fee Counter,5,63,6.967133674998955,56,1,1,88.55528902617665
2026-05-11,Monday,14,Fee Counter,1,91,2.9002444698897496,64,0,0,263.60724530273404
2026-05-11,Monday,11,Cafeteria,5,27,7.500589513133242,25,0,0,40.150278891402436
2026-03-28,Saturday,10,Admin Office,3,30,5.233155568927184,28,0,0,49.54307475386314
2026-01-24,Saturday,9,Fee Counter,1,33,6.121078983011845,37,0,0,206.4501605854398
2026-01-27,Tuesday,8,Fee Counter,2,27,6.3271397367713815,25,0,0,83.76406532263748
2026-03-09,Monday,9,Cafeteria,1,34,6.752889757010862,38,0,0,232.95153954613517
2026-02-10,Tuesday,14,Student Service Center,2,48,5.388328372417891,27,0,0,134.27798789897372
2026-04-15,Wednesday,8,Student Service Center,1,52,4.272097493578558,57,0,0,219.2868722850284
2026-02-27,Friday,10,Student Service Center,2,33,2.042971310996723,12,1,0,35.592733343193736
2026-06-02,Tuesday,8,Library Counter,2,52,4.600633614426468,53,0,0,124.32168847593324
2026-04-05,Sunday,11,Library Counter,4,88,3.606394004334142,76,1,0,80.86436180188471
2026-04-25,Saturday,8,Library Counter,2,14,6.749172140976333,13,0,0,52.057617202777934
2026-06-17,Wednesday,10,Fee Counter,4,12,1.9206298151345742,13,0,0,3.108607746277827
2026-06-11,Thursday,16,Admin Office,2,52,2.7149594945054076,47,0,0,72.99108655207148
2026-01-16,Friday,8,Admin Office,5,38,4.608145112462008,34,0,0,39.78335416113442
2026-03-01,Sunday,10,Cafeteria,3,25,6.921618914940074,28,0,0,62.67189288383763
2026-01-09,Friday,13,Admin Office,4,36,6.96524314023147,15,0,0,67.21959974760168
2026-06-24,Wednesday,16,Fee Counter,1,26,2.307662094897299,13,1,0,60.57142040862767
2026-05-04,Monday,16,Admin Office,5,83,5.136436241366601,69,1,0,84.17841323173997
2026-01-08,Thursday,15,Cafeteria,1,35,2.444987873806288,37,0,1,89.56953095843788
2026-01-29,Thursday,15,Fee Counter,1,61,3.2195252196344946,72,0,1,200.090062633426
2026-01-03,Saturday,11,Fee Counter,5,46,2.5744475243208287,44,0,0,28.249146495590235
2026-01-15,Thursday,10,Student Service Center,3,22,2.9156580547050757,8,1,0,25.134140888947023
2026-02-27,Friday,11,Library Counter,2,67,4.619688829346831,79,0,1,158.84317246468223
2026-02-26,Thursday,12,Cafeteria,4,86,5.916555714937007,46,1,0,128.28942678019285
2026-01-20,Tuesday,17,Fee Counter,5,56,6.905494970950441,59,0,0,74.63777131793071
2026-01-10,Saturday,12,Cafeteria,3,51,4.729922526307316,22,0,0,84.1785427215333
2026-03-12,Thursday,11,Library Counter,5,16,5.423983234602636,18,0,0,19.49734335622115
2026-01-26,Monday,13,Student Service Center,3,35,3.064483024954637,23,0,1,37.56196568264216
2026-04-05,Sunday,12,Admin Office,3,74,5.809963298434204,51,0,0,145.29244546630392
2026-06-18,Thursday,10,Library Counter,2,61,1.6820461417108359,60,0,0,48.3038476340522
2026-02-01,Sunday,16,Admin Office,2,21,1.630106046828224,25,0,0,17.053067819800557
2026-02-26,Thursday,9,Cafeteria,2,24,6.113198547750015,26,0,0,72.83810162862211
2026-06-21,Sunday,10,Student Service Center,4,71,1.7328473790963446,62,0,0,30.090149342713268
2026-01-14,Wednesday,13,Library Counter,3,85,6.112883335964586,66,0,0,175.68668410976696
2026-05-06,Wednesday,14,Fee Counter,3,57,6.223723953866377,28,0,0,118.56905018207061
2026-01-02,Friday,14,Student Service Center,4,71,6.882514220092096,56,0,0,121.6155651994442
2026-06-29,Monday,15,Student Service Center,2,38,2.280093046642444,19,1,0,42.00609259343639
2026-04-12,Sunday,9,Library Counter,5,6,7.684022051133677,6,0,0,8.351030780772147
2026-04-07,Tuesday,16,Fee Counter,4,6,6.813971389915113,12,0,1,8.801096392950527
2026-01-27,Tuesday,13,Student Service Center,2,78,4.976644447298242,34,1,0,197.66065049765052
2026-04-16,Thursday,16,Cafeteria,4,61,6.062703284532443,64,0,0,91.85252172923929
2026-04-24,Friday,13,Fee Counter,3,78,3.9352449019664935,39,1,0,106.19557457419413
2026-04-12,Sunday,15,Library Counter,1,70,2.968476547970443,57,1,0,208.24973558951808
2026-04-02,Thursday,16,Student Service Center,5,74,7.171945787012984,53,1,0,103.6175987492079
2026-02-01,Sunday,13,Fee Counter,4,89,3.1001899911492643,73,0,1,72.49679101837992
2026-01-29,Thursday,10,Admin Office,5,18,3.8483702443631547,18,0,0,12.753356325475721
2026-05-28,Thursday,11,Admin Office,1,68,7.199499247559763,72,0,0,491.5580930033078
2026-01-23,Friday,11,Student Service Center,3,49,7.7887633649710315,42,0,0,124.89589537694735
2026-03-26,Thursday,8,Fee Counter,3,18,1.9546751448026944,17,0,0,12.812499659067004
2026-03-20,Friday,12,Cafeteria,3,63,4.858023347898509,38,0,0,101.50455547053373
2026-06-10,Wednesday,16,Admin Office,1,97,1.398938165641284,73,1,0,139.68716836939046
2026-03-30,Monday,17,Cafeteria,4,21,2.309400266696829,8,1,0,15.873714810354999
2026-03-06,Friday,9,Library Counter,4,12,6.98479555115253,7,0,0,19.866097858327322
2026-02-25,Wednesday,11,Fee Counter,3,9,3.9300165338921738,13,0,1,8.894724391550202
2026-04-05,Sunday,10,Library Counter,4,42,5.834127725842435,38,0,0,58.86466370088959
2026-02-16,Monday,10,Admin Office,3,21,5.607525954906342,24,0,1,40.962051732257
2026-03-06,Friday,13,Cafeteria,4,54,7.752861378202131,17,1,0,102.619676543347
2026-05-07,Thursday,15,Fee Counter,1,47,2.4543285275813735,40,0,0,119.77368912147317
2026-03-22,Sunday,8,Cafeteria,2,6,6.239680788227002,5,0,0,15.956569792028887
2026-06-12,Friday,10,Cafeteria,4,42,2.158477626219809,20,1,0,22.613771200257034
2026-01-23,Friday,8,Cafeteria,4,52,3.146971077966237,66,0,1,39.11546077029524
2026-01-30,Friday,11,Student Service Center,2,32,5.123496499871402,35,0,0,79.95251223671877
2026-03-10,Tuesday,15,Library Counter,5,63,2.8968474977109353,68,0,0,38.47099295098077
2026-03-24,Tuesday,11,Library Counter,4,61,3.8665485407247875,58,0,0,61.644852930614455
2026-03-20,Friday,8,Student Service Center,5,56,1.2512141017585097,53,0,0,14.40856443378864
2026-05-23,Saturday,11,Student Service Center,4,54,2.9288628936918433,52,0,0,41.80659625399503
2026-06-21,Sunday,16,Admin Office,4,42,3.6489118848995945,43,0,0,35.36024041533254
2026-04-20,Monday,11,Library Counter,5,23,2.1768798597442047,14,0,0,10.961929566279602
2026-04-22,Wednesday,10,Library Counter,4,60,2.4937193788225773,62,0,0,36.77734625808043
2026-03-11,Wednesday,8,Student Service Center,2,71,4.985409113347471,72,0,0,174.42430126414297
2026-02-12,Thursday,17,Library Counter,3,43,1.7446316039563328,37,0,0,29.35557679575769
2026-01-04,Sunday,11,Student Service Center,1,32,5.7697129942920045,43,0,1,188.67191558890676
2026-04-02,Thursday,17,Cafeteria,3,26,6.08579295958916,30,0,0,56.52762151731739
2026-06-04,Thursday,14,Library Counter,2,78,4.423149417452768,61,0,0,171.54977640526576
2026-03-23,Monday,15,Student Service Center,2,22,3.265877621058221,26,0,0,39.96559394416122
2026-04-08,Wednesday,11,Student Service Center,4,31,6.729957797186826,22,0,0,51.77404666077846
2026-04-04,Saturday,11,Fee Counter,5,11,3.4121496716321715,6,0,0,9.199174192328162
2026-05-26,Tuesday,17,Student Service Center,4,6,1.834942291882998,8,0,0,2.3272944924119985
2026-06-29,Monday,14,Cafeteria,2,68,4.922884245547815,52,0,0,166.20514464244062
2026-03-10,Tuesday,10,Cafeteria,4,87,5.043750153147368,63,1,0,107.23285955054246
2026-04-18,Saturday,15,Library Counter,3,64,2.489241878939561,59,0,0,53.017499920742154
2026-05-29,Friday,15,Fee Counter,5,76,1.834444314778978,64,1,0,31.728059130044503
2026-01-31,Saturday,12,Cafeteria,4,105,6.794483463366969,76,0,0,178.75255711038557
2026-06-01,Monday,13,Fee Counter,3,87,6.47754912380132,66,0,0,185.7723868276328
2026-02-09,Monday,12,Fee Counter,5,89,2.4195928643055473,64,0,0,44.73889616244143
2026-03-24,Tuesday,15,Student Service Center,3,39,7.388073722708484,34,0,0,96.61030024282218
2026-01-15,Thursday,12,Cafeteria,4,81,1.6820823087429022,59,0,0,35.636138536431986
2026-06-07,Sunday,17,Fee Counter,2,37,3.8193420626948464,39,0,0,73.11988273826755
2026-02-21,Saturday,14,Student Service Center,5,28,1.3332709628994075,12,0,0,10.575309787130298
2026-03-07,Saturday,10,Fee Counter,4,2,7.85954524311899,6,0,1,2.3343875436278823
2026-04-24,Friday,16,Student Service Center,1,0,4.196618616298827,6,0,1,3.1860242977373288
2026-05-09,Saturday,10,Fee Counter,4,69,7.6486146387365395,62,0,0,131.05069666178113
2026-06-02,Tuesday,10,Cafeteria,1,19,1.851142525793839,32,0,1,37.617251834495654
2026-06-21,Sunday,12,Student Service Center,5,90,2.8333571350532867,55,1,0,55.05837883551073
2026-04-20,Monday,10,Student Service Center,4,17,5.903583927599631,15,0,0,22.797535071402756
2026-01-06,Tuesday,15,Student Service Center,1,79,2.719226985869066,70,0,0,217.16513561944845
2026-03-26,Thursday,12,Fee Counter,5,99,2.4380375448652143,62,1,0,45.55470459093256
2026-03-09,Monday,11,Library Counter,1,31,6.240032088023666,25,0,0,197.9926421179477
2026-03-23,Monday,8,Student Service Center,4,9,5.933409454707982,9,0,0,16.533595469415356
2026-05-11,Monday,11,Student Service Center,4,28,5.067661088321275,28,0,0,34.33306821128265
2026-03-30,Monday,17,Library Counter,1,10,3.9686279672074596,7,0,0,41.82530136693681
2026-06-26,Friday,12,Fee Counter,5,90,6.078849581453021,71,0,1,108.69038816313929
2026-02-01,Sunday,15,Library Counter,3,61,5.013539693168886,53,0,0,102.27722062461326
2026-05-10,Sunday,12,Student Service Center,3,40,2.708739412073848,23,0,0,37.78201901031676
2026-04-23,Thursday,12,Fee Counter,3,80,5.863899357354948,60,0,0,157.43667660483678
2026-01-16,Friday,15,Fee Counter,1,17,5.378314173916245,20,0,1,90.38147353014156
2026-01-14,Wednesday,17,Cafeteria,1,16,7.947111146550147,6,1,0,124.85582415149804
2026-01-12,Monday,17,Fee Counter,1,20,6.130842300475302,19,0,0,119.94976217362093
2026-06-25,Thursday,12,Library Counter,4,44,7.9231590281842506,38,0,1,85.23210672025995
2026-02-04,Wednesday,10,Fee Counter,3,44,2.922132495252839,44,0,0,41.29907385639444
2026-06-03,Wednesday,13,Admin Office,5,99,7.275900493682825,72,0,0,141.6055856673298
2026-04-05,Sunday,11,Admin Office,4,33,7.24436507323179,12,1,0,59.78895378576935
2026-06-10,Wednesday,9,Admin Office,2,28,5.808731213206543,19,0,0,79.401482779169
2026-03-03,Tuesday,11,Fee Counter,4,80,7.214886844707623,71,0,0,145.55305229043026
2026-05-17,Sunday,10,Student Service Center,4,81,1.0322947518944445,72,0,0,18.170465228992796
2026-02-20,Friday,14,Student Service Center,4,29,3.353930334523947,11,0,0,21.544766688537187
2026-01-11,Sunday,17,Fee Counter,2,15,2.396508288034769,17,0,0,19.765577077785025
2026-03-15,Sunday,12,Fee Counter,3,48,1.8540765934423917,14,1,1,30.466064307038128
2026-03-23,Monday,14,Student Service Center,1,80,7.742431375384251,61,0,0,621.2344734238364
2026-03-22,Sunday,9,Library Counter,4,13,4.331536478267093,11,0,0,14.768254266184966
2026-06-07,Sunday,9,Student Service Center,5,39,4.606309754539398,43,0,0,37.77786230542456
2026-04-06,Monday,12,Library Counter,3,41,7.0553343122131436,24,0,0,93.79812348369663
2026-03-02,Monday,14,Admin Office,4,61,2.123306034114638,40,0,0,33.64983798494581
2026-04-16,Thursday,13,Admin Office,5,89,4.076873422533591,66,0,0,74.07298122791703
2026-05-01,Friday,9,Admin Office,5,26,4.988393527355311,22,0,0,23.64682431762064
2026-03-26,Thursday,9,Cafeteria,4,82,2.12036622394795,78,0,0,47.07959706459577
2026-02-22,Sunday,8,Library Counter,1,70,6.408616256016749,70,0,0,446.81926398272566
2026-02-28,Saturday,12,Admin Office,4,35,1.0513625724910538,20,0,0,10.353559854392063
2026-02-22,Sunday,11,Fee Counter,1,48,2.2572505135603693,49,0,0,107.746521139079
2026-03-10,Tuesday,12,Fee Counter,5,99,1.3586338957776865,70,0,0,31.09763714318502
2026-01-04,Sunday,13,Cafeteria,5,33,1.6616095084868239,7,0,0,12.359670718947676
2026-06-18,Thursday,12,Fee Counter,5,78,6.609578217885106,49,0,0,103.7308490850835
2026-02-03,Tuesday,10,Library Counter,1,60,6.394400167850787,38,1,0,387.74602787475794
2026-06-29,Monday,17,Library Counter,2,35,4.5784492844965925,40,0,0,82.76373666152966
2026-01-05,Monday,9,Cafeteria,2,65,4.626686513559118,62,0,0,153.7363524182431
2026-02-21,Saturday,16,Student Service Center,2,28,2.6115979841127333,38,0,1,36.63475736028495
2026-01-13,Tuesday,16,Admin Office,3,80,1.729251871316488,78,0,0,45.51590662281776
2026-01-16,Friday,11,Admin Office,5,46,7.124152739070007,48,0,1,67.14877989161806
2026-05-02,Saturday,15,Admin Office,4,22,5.01986061908801,22,0,0,30.96306060966735
2026-04-17,Friday,15,Student Service Center,4,57,6.236270360121701,53,0,0,88.8033176039798
2026-04-03,Friday,8,Admin Office,2,73,1.880400666447303,69,0,0,65.96238660005866
2026-04-28,Tuesday,8,Fee Counter,5,56,1.5533927940135537,57,0,0,20.796976622040617
2026-01-14,Wednesday,12,Cafeteria,3,83,6.8533351150718635,65,0,0,194.37138773282007
2026-05-19,Tuesday,15,Library Counter,4,40,7.918258329412255,28,1,0,77.00990363627814
2026-04-18,Saturday,17,Library Counter,3,39,7.851133690980574,44,0,0,102.11108883124558
2026-01-23,Friday,14,Library Counter,5,91,4.405750934739235,72,0,0,81.62944663553381
2026-01-21,Wednesday,14,Admin Office,5,45,6.229047613732463,25,0,0,57.93461042906619
2026-01-15,Thursday,16,Library Counter,3,47,3.6026305192308157,46,0,0,61.16754357180191
2026-01-08,Thursday,16,Admin Office,4,39,7.294079306539535,43,0,0,75.50566310238827
2026-04-22,Wednesday,9,Fee Counter,2,29,7.028082312886109,39,0,1,99.45634769464887
2026-06-12,Friday,9,Admin Office,4,25,1.8246055423303535,18,0,0,9.18343350820074
2026-04-01,Wednesday,10,Student Service Center,2,36,2.7018052036189966,34,0,0,46.05847338214715
2026-04-29,Wednesday,9,Cafeteria,5,57,1.3734292374748933,59,0,0,19.59920462013629
2026-05-31,Sunday,12,Fee Counter,2,92,4.28635658104341,73,0,0,201.3480680040587
2026-05-08,Friday,14,Admin Office,2,49,7.575901235709075,28,0,0,185.42311212548637
2026-03-09,Monday,17,Fee Counter,1,89,5.415685166608909,72,1,0,483.71978360774125
2026-06-19,Friday,13,Admin Office,3,45,6.611390829599309,26,0,0,96.56777129353966
2026-04-22,Wednesday,15,Student Service Center,5,58,3.4065738794438016,53,0,0,39.39918677810853
2026-05-14,Thursday,16,Admin Office,1,71,1.339561929356955,69,0,0,99.46627365807548
2026-06-13,Saturday,16,Fee Counter,5,17,5.074192662432413,10,0,0,20.78911995368437
2026-05-19,Tuesday,12,Admin Office,1,59,3.452360631476929,30,0,0,207.71078005296968
2026-04-16,Thursday,14,Fee Counter,4,71,6.118327667027408,54,0,1,110.88450897426492
2026-06-03,Wednesday,11,Library Counter,2,58,5.675785570221016,53,0,0,168.6143781896944
2026-03-26,Thursday,12,Fee Counter,1,98,4.949027230141822,66,1,0,485.25490688359025
2026-03-10,Tuesday,15,Admin Office,2,62,6.456747930153057,40,1,0,205.07874013723213
2026-02-01,Sunday,17,Fee Counter,3,0,3.9759897748561404,10,0,1,1.0
2026-04-29,Wednesday,17,Library Counter,3,27,2.1090064636364474,32,0,0,17.12400798747648
2026-03-01,Sunday,14,Library Counter,5,26,3.229030281918572,9,0,0,17.4929661190148
2026-03-22,Sunday,12,Library Counter,4,99,1.3064111957410947,76,0,0,30.349093089955222
2026-04-29,Wednesday,17,Admin Office,1,82,5.062068591596896,74,0,0,416.86874914327126
2026-05-14,Thursday,16,Student Service Center,5,57,5.669371022890312,58,0,1,68.48461823431774
2026-02-16,Monday,9,Cafeteria,1,52,5.4294621699425685,46,0,0,284.6451376930821
2026-04-27,Monday,14,Student Service Center,4,87,3.9684850778169256,58,0,0,87.7836468859986
2026-06-01,Monday,12,Student Service Center,3,75,3.201829908554313,55,0,0,83.31154501974049
2026-04-25,Saturday,13,Admin Office,1,79,6.535468881629507,48,1,0,515.6486426440679
2026-01-18,Sunday,9,Cafeteria,3,76,4.8858093931335045,74,0,0,128.21309860523775
2026-06-25,Thursday,16,Cafeteria,5,50,2.9000908534782575,42,0,0,26.018932969467468
2026-06-26,Friday,15,Cafeteria,4,21,7.0225439815085,15,0,0,38.33158861234652
2026-06-01,Monday,11,Student Service Center,3,81,6.351396896026691,58,1,0,170.7037024328331
2026-03-12,Thursday,15,Student Service Center,2,85,4.233470884821253,76,0,0,182.7246957367269
2026-06-22,Monday,17,Cafeteria,1,15,1.265059284749353,10,0,0,16.229106091108733
2026-01-01,Thursday,12,Student Service Center,1,73,6.86984821473434,47,0,0,501.30039474113806
2026-05-20,Wednesday,14,Cafeteria,2,87,6.733319057336784,63,0,0,290.1097382997119
2026-06-07,Sunday,17,Fee Counter,4,76,2.308439546808142,78,0,0,47.39447132869676
2026-03-26,Thursday,17,Library Counter,3,5,7.802130720166964,8,0,0,17.92249563634565
2026-04-27,Monday,14,Cafeteria,3,70,2.033725830265643,40,1,0,46.656975732130846
2026-05-01,Friday,11,Admin Office,4,77,5.4188503520759035,79,0,0,103.56222352907753
2026-03-04,Wednesday,17,Library Counter,2,29,4.684474565871074,28,0,0,65.98542151603183
2026-04-07,Tuesday,12,Admin Office,4,98,1.8352721279901458,64,1,1,42.185193530608984
2026-01-21,Wednesday,9,Student Service Center,4,32,3.6029850573806623,33,0,0,33.38703118341681
2026-04-21,Tuesday,17,Fee Counter,5,52,7.383145409065132,38,1,0,77.50956918996336
2026-01-31,Saturday,9,Cafeteria,3,78,7.913503232944439,73,1,1,206.99719694864692
2026-03-17,Tuesday,17,Fee Counter,1,54,4.039851406366024,46,0,0,215.79457693755114
2026-05-19,Tuesday,8,Library Counter,1,15,5.696374255869134,10,0,0,90.17846801287264
2026-02-08,Sunday,9,Library Counter,4,16,4.520504500596694,11,0,0,18.879460328987406
2026-02-18,Wednesday,17,Fee Counter,3,71,3.2528147429655565,75,0,0,77.80752845638331
2026-01-05,Monday,13,Student Service Center,5,33,7.753748258530427,10,0,0,54.569036716273985
2026-06-07,Sunday,17,Cafeteria,5,55,4.75614052896718,35,1,0,55.00455676633816
2026-05-21,Thursday,11,Admin Office,5,6,1.6047071924178389,18,0,1,3.7537429574144445
2026-04-16,Thursday,14,Cafeteria,3,27,1.1655276074912626,5,0,0,15.340692265908
2026-02-18,Wednesday,16,Cafeteria,1,41,5.969485966867818,41,0,0,247.8556116839244
2026-03-04,Wednesday,16,Cafeteria,1,57,2.861955957483379,61,0,0,160.6069903571962
2026-02-16,Monday,16,Student Service Center,3,62,2.821518383095201,46,1,0,55.32667601055648
2026-03-21,Saturday,12,Admin Office,5,44,6.865348663709354,26,0,0,58.54138278581995
2026-03-31,Tuesday,12,Fee Counter,3,63,6.359429704293811,52,0,1,137.683801684867
2026-02-25,Wednesday,8,Student Service Center,5,31,2.8427507099183167,33,0,0,15.19189792492681
2026-03-23,Monday,12,Fee Counter,3,61,5.684537240707431,37,0,0,120.25858140956245
2026-01-25,Sunday,9,Admin Office,4,59,4.895077018506604,54,0,0,73.49289249946388
2026-04-22,Wednesday,11,Library Counter,1,58,2.9225990022956605,48,1,0,168.10817854384732
2026-03-24,Tuesday,9,Admin Office,3,34,1.162997244668563,27,0,0,13.223158409558195
2026-02-06,Friday,17,Library Counter,1,18,7.127500300099349,14,0,0,128.1851807224963
2026-05-31,Sunday,8,Admin Office,1,74,5.451077070209556,75,0,0,405.0501704716469
2026-05-06,Wednesday,13,Library Counter,4,99,1.1947119691841337,67,1,0,30.776495845872674
2026-01-01,Thursday,10,Fee Counter,2,15,7.787457733009152,20,0,0,61.82654578753477
2026-02-28,Saturday,13,Cafeteria,2,24,4.497696383730388,6,0,0,51.63771941880696
2026-02-07,Saturday,15,Fee Counter,3,23,4.025449034140186,27,0,0,31.664252568817254
2026-06-12,Friday,13,Student Service Center,3,71,4.352159752375659,28,1,0,100.33908301625976
2026-03-18,Wednesday,16,Admin Office,3,51,1.9632451291290165,46,0,0,38.20475027352151
2026-05-16,Saturday,12,Admin Office,2,29,5.899525299571796,7,0,0,86.49943063750221
2026-04-20,Monday,13,Cafeteria,2,38,2.013799252860313,11,0,0,38.77109480392044
2026-06-15,Monday,14,Cafeteria,1,52,7.6304321282372545,28,0,0,393.8105278828228
2026-05-29,Friday,16,Admin Office,1,23,7.1994751236709735,25,0,0,166.35612814999214
2026-02-13,Friday,11,Student Service Center,4,14,4.914589816839798,14,0,0,21.239716327899167
2026-02-04,Wednesday,15,Fee Counter,5,60,2.7907181833979537,75,0,1,36.03745293615047
2026-01-17,Saturday,17,Admin Office,4,49,5.35859433113864,48,0,0,65.21002213221041
2026-02-02,Monday,12,Fee Counter,4,21,5.661400331057826,6,0,0,30.070576112195923
2026-01-29,Thursday,9,Student Service Center,4,50,3.199363274142476,44,0,0,39.89163663889241
2026-06-04,Thursday,11,Student Service Center,5,63,1.5886275625068622,66,0,0,22.649267564122496
2026-06-16,Tuesday,12,Fee Counter,2,30,3.6747237816601235,15,0,0,56.76358110514791
2026-01-11,Sunday,8,Library Counter,5,16,6.851202702205509,9,0,0,24.378789115269118
2026-03-13,Friday,17,Student Service Center,1,75,3.083591670065404,71,0,0,233.50804395974583
2026-04-24,Friday,11,Student Service Center,4,67,4.4755288649526275,55,1,0,73.15821422841628
2026-01-26,Monday,13,Student Service Center,1,75,1.084648863642057,51,0,0,82.04439161675764
2026-01-02,Friday,17,Student Service Center,3,27,5.607313987238475,20,0,0,47.67302771082849
2026-03-05,Thursday,12,Admin Office,5,53,1.5119314806798312,35,0,0,15.725621450021118
2026-04-23,Thursday,9,Admin Office,5,80,1.425286911629862,68,1,0,20.403550277060038
2026-03-21,Saturday,17,Library Counter,2,57,5.045044671436948,55,0,0,147.0026796866631
2026-04-17,Friday,9,Fee Counter,4,37,3.5643550968837547,49,0,1,30.63868206370157
2026-03-05,Thursday,15,Admin Office,3,29,1.965858714044543,33,0,0,16.18469761784136
2026-04-27,Monday,14,Admin Office,2,42,7.609929084760429,15,0,0,161.4366162702483
2026-01-03,Saturday,17,Fee Counter,5,25,5.567787139052906,19,0,0,26.019549947304586
2026-01-28,Wednesday,15,Library Counter,3,16,1.420181646049661,20,0,1,5.072253844224082
2026-01-31,Saturday,14,Admin Office,1,83,5.0040756733671214,63,0,0,415.8608840746537
2026-05-08,Friday,13,Admin Office,3,91,2.0850923423571253,49,1,0,63.394298661415874
2026-06-20,Saturday,13,Admin Office,5,83,6.164296884681695,55,0,0,99.52749730801182
2026-05-15,Friday,14,Fee Counter,1,39,6.957913966622447,8,1,0,269.39955037743607
2026-04-22,Wednesday,9,Library Counter,1,14,2.770968530969647,29,0,1,37.155129162721295
2026-03-22,Sunday,16,Cafeteria,3,25,2.728091725717981,26,0,0,26.51399257296277
2026-05-21,Thursday,10,Admin Office,1,8,4.280227297292535,6,0,0,35.93491750568467
2026-05-12,Tuesday,8,Fee Counter,5,49,4.492714907393989,30,1,0,41.56097703677967
2026-04-02,Thursday,16,Admin Office,3,68,4.974253998140117,63,0,0,113.83032160289561
2026-01-01,Thursday,13,Admin Office,2,40,5.445264949252065,23,0,0,111.03494046712595
2026-05-26,Tuesday,8,Cafeteria,5,57,1.8221316711571833,42,1,0,18.81955654597088
2026-01-03,Saturday,9,Fee Counter,1,9,1.1572487942122502,12,0,0,12.066969426859941
2026-01-30,Friday,12,Fee Counter,4,109,4.032752966408723,68,1,0,109.89002250045286
2026-06-01,Monday,11,Library Counter,2,11,2.2223109500517753,11,0,0,9.453257226411672
2026-01-28,Wednesday,10,Fee Counter,4,6,3.980447295077393,6,0,0,9.9961888385462
2026-06-14,Sunday,15,Fee Counter,4,3,7.000409428110356,8,0,0,9.387224216430528
2026-03-04,Wednesday,15,Cafeteria,3,56,3.8996014343891487,70,0,1,71.70916924784234
2026-06-06,Saturday,15,Cafeteria,3,40,1.2936121720060043,42,0,0,20.00753391077703
2026-03-17,Tuesday,10,Student Service Center,2,37,4.1352943476614445,50,0,1,81.10755705492757
2026-03-14,Saturday,8,Library Counter,5,78,3.025950803552126,78,0,0,49.63419413631266
2026-06-08,Monday,14,Admin Office,3,118,2.598760366599564,77,1,0,104.49941279436706
2026-03-29,Sunday,8,Library Counter,2,84,2.988852689424851,63,1,0,130.04212760268172
2026-06-20,Saturday,17,Admin Office,1,53,4.47243436570758,31,1,0,239.51759824800183
2026-05-31,Sunday,14,Library Counter,5,87,3.149342190497827,70,0,0,59.03672273262054
2026-01-07,Wednesday,11,Student Service Center,3,23,2.8981181311932103,25,0,0,22.99453402767897
2026-03-12,Thursday,12,Cafeteria,3,48,3.449720221480471,30,0,0,53.606967839200465
2026-05-18,Monday,16,Fee Counter,1,55,3.403792039314137,58,0,0,186.23765195868668
2026-01-17,Saturday,17,Cafeteria,2,53,7.0966436042396905,59,0,1,187.76692177821357
2026-01-06,Tuesday,14,Fee Counter,1,50,7.936778357453661,34,0,0,401.50276932717713
2026-05-29,Friday,13,Fee Counter,1,56,5.201762744630977,28,0,0,289.8129283346195
2026-06-28,Sunday,10,Fee Counter,4,39,7.10467352338396,22,1,0,73.74585024424488
2026-06-08,Monday,11,Student Service Center,1,68,4.3366571788608015,60,0,0,293.57828844955947
2026-03-25,Wednesday,16,Cafeteria,1,36,1.2169480595858437,28,0,0,46.44329923825133
2026-02-24,Tuesday,12,Cafeteria,3,32,6.064587626624977,10,0,0,68.92589772616046
2026-03-15,Sunday,10,Fee Counter,4,67,3.362202376508796,68,0,0,56.424711807995116
2026-01-18,Sunday,15,Admin Office,3,63,3.092542470055331,54,0,0,63.99268294479243
2026-02-25,Wednesday,8,Fee Counter,4,48,5.542332956424735,51,0,0,66.41985259627867
2026-03-09,Monday,14,Cafeteria,1,22,5.483154938815013,5,0,0,119.27514610199633
2026-04-09,Thursday,8,Fee Counter,1,49,7.0231520886346415,55,0,1,342.8982891060397
2026-03-30,Monday,11,Fee Counter,1,76,3.2800246068694876,68,0,0,251.3690874279315
2026-03-30,Monday,15,Student Service Center,5,30,6.459624681009199,31,0,0,41.97386019054975
2026-05-23,Saturday,10,Cafeteria,4,18,3.0607906691791666,24,0,1,15.289270233027588
2026-02-04,Wednesday,15,Library Counter,4,8,7.269144829509389,5,1,1,18.603911400609434
2026-03-19,Thursday,10,Fee Counter,4,35,3.9008898155205696,43,0,1,38.50503605530432
2026-04-26,Sunday,15,Cafeteria,5,46,2.9878860632386974,48,0,0,31.42401341835219
2026-03-03,Tuesday,9,Student Service Center,1,20,1.5636895164042182,17,0,0,35.65634730228901
2026-05-17,Sunday,9,Student Service Center,1,44,6.0024050243043785,36,0,0,265.4220084416029
2026-06-27,Saturday,8,Library Counter,2,17,4.34868238346454,10,0,0,40.43044355448285
2026-05-21,Thursday,16,Admin Office,1,34,1.3932095923154821,29,0,0,45.31000303408449
2026-06-10,Wednesday,13,Fee Counter,2,84,2.513040165293917,61,0,0,109.32460588076499
2026-01-11,Sunday,12,Admin Office,3,59,6.002811447208641,26,1,1,117.077749928381
2026-01-24,Saturday,14,Fee Counter,5,82,5.009378294050191,54,0,0,81.11540838984847
2026-04-28,Tuesday,10,Library Counter,4,46,6.66105815414458,48,0,0,76.84433312178399
2026-06-03,Wednesday,9,Admin Office,4,29,3.4583227609717646,14,1,0,29.153717689395968
2026-03-23,Monday,11,Fee Counter,5,60,6.563038272852968,62,0,0,77.01899425409455
2026-04-10,Friday,10,Admin Office,4,35,1.4621814926361338,24,1,0,15.654601779533301
2026-05-07,Thursday,10,Cafeteria,2,53,3.8837960393026036,36,1,0,101.80362456206608
2026-01-25,Sunday,13,Student Service Center,4,70,1.440569510072635,43,0,0,22.52397915547359
2026-02-27,Friday,9,Fee Counter,1,29,1.4395999462602362,9,1,0,45.45591382712567
2026-03-04,Wednesday,12,Fee Counter,3,44,4.502817727903693,28,0,0,63.69643026860426
2026-05-08,Friday,13,Student Service Center,5,93,7.189324594598477,74,0,0,134.0080088423977
2026-04-29,Wednesday,11,Student Service Center,4,77,6.937442164538604,65,1,0,133.71903547773252
2026-02-12,Thursday,17,Fee Counter,4,52,4.516086779502551,44,0,0,62.04225435401103
2026-05-26,Tuesday,13,Library Counter,3,36,7.9440576310140205,13,0,0,95.65181261667604
2026-04-20,Monday,11,Admin Office,2,36,3.9543260300430125,30,0,0,74.67064644049792
2026-02-23,Monday,17,Fee Counter,2,39,5.2987306237420935,46,0,1,107.87046035665888
2026-03-08,Sunday,13,Library Counter,2,106,4.1625058483255915,71,1,0,219.9018314946556
2026-06-05,Friday,8,Cafeteria,5,47,1.6786893502629272,47,0,0,18.290070994239
2026-03-21,Saturday,12,Admin Office,4,99,5.662082538933305,74,0,0,144.79870622973368
2026-01-13,Tuesday,14,Cafeteria,1,45,5.292042722636196,20,0,0,239.91603991198937
2026-01-16,Friday,12,Student Service Center,5,27,7.814212879024333,9,0,0,46.73286022249488
2026-01-01,Thursday,15,Library Counter,1,56,1.4771204175282344,63,0,1,82.93402861678612
2026-05-20,Wednesday,8,Student Service Center,5,81,1.9804692954784429,67,1,1,34.30154803473899
2026-01-13,Tuesday,14,Cafeteria,2,92,7.3655360627791495,76,0,0,338.6149466518911
2026-06-08,Monday,13,Fee Counter,1,79,2.2498992277211296,52,0,0,175.1514210086249
2026-06-19,Friday,13,Admin Office,4,47,1.759656824920679,31,0,0,24.34719929971578
2026-02-26,Thursday,12,Student Service Center,2,68,7.5278680369840245,28,1,0,258.8786967467502
2026-04-02,Thursday,14,Fee Counter,5,59,7.725161398868108,33,0,0,89.24321793258697
2026-05-10,Sunday,11,Admin Office,4,32,7.854043495240251,31,0,0,66.07941620998348
2026-06-27,Saturday,17,Admin Office,1,72,1.3348047165809693,75,0,0,100.89859324518123
2026-01-10,Saturday,10,Library Counter,3,82,7.900283577515928,73,0,0,214.2665076506693
2026-06-19,Friday,16,Cafeteria,1,22,4.015684322603408,18,0,0,90.75617835830688
2026-06-29,Monday,13,Cafeteria,3,54,7.705341054961557,35,0,0,136.31094969121747
2026-04-22,Wednesday,16,Library Counter,3,42,4.721089223114129,34,0,0,65.62365360152612
2026-04-29,Wednesday,16,Cafeteria,2,47,3.096934826632376,25,1,0,70.79302017692955
2026-06-19,Friday,11,Cafeteria,1,11,4.771777818592351,12,0,0,51.31961623654712
2026-01-06,Tuesday,17,Admin Office,1,57,2.136617519525119,62,0,0,122.57922006265
2026-06-13,Saturday,16,Student Service Center,1,64,5.30418097131451,56,0,0,339.7242781407086
2026-01-14,Wednesday,8,Cafeteria,3,15,6.394530318895332,16,0,0,30.70838102011937
2026-03-20,Friday,9,Student Service Center,5,27,1.8347388713176633,20,0,0,12.1907801778289
2026-02-28,Saturday,16,Library Counter,4,23,4.976963058770529,28,0,0,29.729874997172633
2026-01-22,Thursday,13,Library Counter,5,68,4.7208768915650134,49,0,0,63.645737644336876
2026-03-23,Monday,12,Fee Counter,4,87,2.8323656241044928,63,0,0,61.96117480623552
2026-05-09,Saturday,15,Library Counter,3,59,5.59280943841901,55,0,0,112.10812602131747
2026-04-26,Sunday,13,Cafeteria,1,46,6.1342410074219655,20,0,0,284.3446874194939
2026-06-14,Sunday,12,Student Service Center,2,60,5.2552856888468265,37,0,0,161.18815458461052
2026-06-14,Sunday,15,Cafeteria,2,56,3.130411676132728,61,0,0,90.52004409142211
2026-01-08,Thursday,11,Admin Office,5,70,7.821411404505956,71,0,0,111.54696142625639
2026-03-05,Thursday,16,Student Service Center,2,38,7.446807284478067,40,0,0,140.83068326305667
2026-02-22,Sunday,13,Fee Counter,5,87,5.085469356623527,65,0,0,93.25363208458646
2026-03-04,Wednesday,16,Admin Office,1,66,3.6687245405604516,58,0,0,246.55384813520212
2026-03-01,Sunday,16,Cafeteria,5,92,1.2232796178569596,71,1,0,26.92106767021254
2026-01-14,Wednesday,9,Cafeteria,5,15,6.560279327894124,17,0,0,20.629447592139933
2026-01-06,Tuesday,12,Cafeteria,5,77,7.326624613184524,54,0,0,117.79374095112641
2026-01-20,Tuesday,9,Student Service Center,3,79,3.055072891557351,75,0,0,83.74873533047612
2026-05-14,Thursday,8,Fee Counter,1,7,7.167142565124943,7,0,0,49.97199219617994
2026-04-30,Thursday,10,Student Service Center,5,30,3.8082279479745305,24,0,0,25.614718664546167
2026-06-14,Sunday,16,Admin Office,4,99,2.932304436862637,77,1,0,74.67098997157284
2026-02-02,Monday,8,Fee Counter,5,61,5.294979292464913,48,1,0,65.86949211238102
2026-05-09,Saturday,10,Admin Office,3,12,5.350984585582234,15,0,0,25.110686109493347
2026-05-01,Friday,16,Library Counter,1,32,4.267938577071314,21,1,0,136.78891053446193
2026-06-11,Thursday,11,Library Counter,4,72,5.259730893468333,70,0,0,91.96624477380439
2026-06-26,Friday,10,Cafeteria,4,25,2.823386006375836,21,0,0,18.90258062291462
2026-05-27,Wednesday,9,Cafeteria,1,48,5.859054271245178,53,0,0,286.1989416565077
2026-01-27,Tuesday,11,Fee Counter,3,26,7.088294091077617,32,0,1,64.74604842717096
2026-06-04,Thursday,8,Student Service Center,4,55,6.1392517113351035,38,1,0,84.14377305215675
2026-02-18,Wednesday,14,Cafeteria,1,43,7.933284556220488,15,0,0,338.6018931174221
2026-04-30,Thursday,9,Student Service Center,3,26,7.39440407010769,25,0,0,63.32331574299744
2026-04-23,Thursday,9,Library Counter,3,77,3.6373380687244645,73,0,0,93.08263665651664
2026-06-02,Tuesday,17,Fee Counter,5,71,2.084432553337261,64,0,0,30.78610526402841
2026-02-26,Thursday,12,Student Service Center,5,47,5.01853211093222,7,1,0,51.857416393649416
2026-05-05,Tuesday,13,Student Service Center,2,64,1.8466409106169335,36,0,0,63.56345612875463
2026-04-19,Sunday,11,Student Service Center,1,38,1.6105511492528821,32,0,0,65.82803035378062
2026-01-24,Saturday,11,Admin Office,4,71,5.186155314473709,62,0,0,95.84361558658343
2026-03-11,Wednesday,17,Student Service Center,3,19,2.927606865999455,19,0,0,16.001611815813206
2026-04-14,Tuesday,15,Fee Counter,2,9,2.216931190380026,6,1,1,10.107216705438457
2026-06-06,Saturday,12,Cafeteria,3,61,7.431933342133961,43,0,0,149.10445268360309
2026-04-28,Tuesday,14,Fee Counter,3,66,4.30524517853256,33,1,1,99.29073368663971
2026-04-14,Tuesday,9,Fee Counter,3,2,4.380364685631375,16,0,1,5.073606645445643
2026-03-31,Tuesday,16,Library Counter,5,79,3.9783007310702585,72,0,0,64.16946576646282
2026-01-11,Sunday,9,Cafeteria,5,9,6.173512194387308,9,0,0,13.896831818322648
2026-01-28,Wednesday,12,Library Counter,5,93,5.230454454128151,73,1,1,99.43225369258596
2026-05-14,Thursday,12,Cafeteria,5,82,5.381034910759501,61,0,0,85.89788990646481
2026-01-21,Wednesday,16,Cafeteria,5,27,5.5376336885496835,26,0,0,34.21018308075327
2026-01-27,Tuesday,9,Fee Counter,5,22,5.760247410867661,23,0,0,24.021946051942997
2026-04-15,Wednesday,10,Cafeteria,2,28,2.1468072594474243,28,0,0,32.44388849911635
2026-04-24,Friday,14,Fee Counter,4,65,2.4334187074087628,43,0,0,43.80406515434338
2026-05-06,Wednesday,16,Admin Office,2,71,3.821231865130073,73,0,0,138.20881252695233
2026-06-06,Saturday,17,Fee Counter,1,55,7.497233373205465,59,0,0,416.1046984626466
2026-05-22,Friday,8,Fee Counter,4,57,2.424556215305688,38,1,0,34.59101505072204
2026-04-18,Saturday,17,Library Counter,1,37,4.383922078574355,42,0,1,166.8923122037977
2026-03-29,Sunday,9,Library Counter,4,32,6.468123316073141,29,0,0,50.03689937090331
2026-04-13,Monday,8,Student Service Center,3,38,7.7656132581927375,36,0,0,102.33603076094288
2026-04-13,Monday,15,Fee Counter,3,20,3.007584790986069,14,0,0,23.455593689391772
2026-04-24,Friday,17,Cafeteria,1,61,4.282911291250379,53,0,0,259.33022731472477
2026-01-08,Thursday,8,Admin Office,4,25,1.4045643621772852,24,0,0,7.453867839642095
2026-02-21,Saturday,9,Fee Counter,5,44,1.3234780466233824,36,0,0,10.130122965560481
2026-04-02,Thursday,15,Library Counter,5,21,5.247368298732486,18,0,0,21.37647582876162
2026-02-01,Sunday,16,Admin Office,4,75,3.0608713000057817,66,0,0,59.93656738085413
2026-06-15,Monday,8,Student Service Center,5,59,3.040377017292118,56,0,0,40.29954556783631
2026-02-13,Friday,13,Fee Counter,2,72,3.0564561258522858,47,0,0,107.52133542953399
2026-02-18,Wednesday,8,Student Service Center,1,55,4.091214983792758,47,1,1,225.53508681652733
2026-06-11,Thursday,17,Cafeteria,4,82,5.292512957229873,79,0,0,112.91008705443417
2026-01-06,Tuesday,11,Admin Office,2,65,2.403269800950395,57,0,0,77.38656793138716
2026-05-28,Thursday,10,Library Counter,3,55,7.877479209035468,53,0,0,144.308575394576
2026-05-21,Thursday,15,Library Counter,2,73,2.721670398194964,69,0,0,101.77283171743451
2026-06-08,Monday,11,Student Service Center,1,72,2.335022793158788,63,0,0,167.18737245064375
2026-02-16,Monday,14,Library Counter,4,73,6.930381306282565,47,0,0,129.1836783276534
2026-03-14,Saturday,12,Library Counter,5,46,7.079528818698042,27,0,0,68.73703201476718
2026-06-05,Friday,14,Admin Office,2,28,6.463857925739353,11,0,0,88.21628330265368
2026-02-01,Sunday,14,Fee Counter,3,67,6.937009731078587,46,0,0,157.6687081261984
2026-01-29,Thursday,11,Library Counter,4,6,1.7622642259832948,8,0,0,6.277902223890762
2026-04-15,Wednesday,13,Fee Counter,3,32,2.050072372404613,10,0,0,24.29586146875766
2026-05-06,Wednesday,10,Cafeteria,2,26,5.940370247912858,6,1,0,77.34143146110074
2026-02-01,Sunday,14,Fee Counter,2,55,5.60861333527777,27,0,0,151.53340414368742
2026-06-22,Monday,14,Student Service Center,5,26,1.036546738153339,6,0,0,4.858742081131405
2026-06-22,Monday,15,Cafeteria,3,19,5.822820072295615,24,0,0,37.75960648945891
2026-05-17,Sunday,13,Admin Office,5,100,6.366692107071736,73,0,0,127.01147803160099
2026-01-26,Monday,17,Fee Counter,2,37,6.374668633289041,36,0,0,117.73284652081131
2026-01-10,Saturday,10,Fee Counter,4,16,5.692719708419033,10,0,0,27.58957390165787
2026-02-13,Friday,11,Cafeteria,4,20,6.89568797352991,19,0,0,38.35050875312041
2026-06-28,Sunday,14,Cafeteria,3,87,3.8126214222242036,62,0,0,112.49666369183953
2026-04-24,Friday,14,Fee Counter,1,72,6.618484153066527,63,0,1,480.808790203519
2026-05-05,Tuesday,16,Cafeteria,5,51,4.861365076750429,27,1,0,50.71536126693304
2026-04-30,Thursday,12,Library Counter,1,41,4.982165020113618,20,0,0,205.07577760405093
2026-03-10,Tuesday,14,Library Counter,3,63,6.383910254826034,34,0,0,133.27528777937056
2026-02-27,Friday,10,Fee Counter,2,9,3.4926891736998016,13,0,0,14.359323574323987
2026-03-19,Thursday,10,Library Counter,3,64,5.307945871457935,60,0,0,113.28517832532293
2026-01-17,Saturday,16,Cafeteria,5,42,1.0272933017982084,27,1,0,13.344032378167313
2026-06-15,Monday,13,Fee Counter,2,87,5.7795746371069985,56,1,0,254.87526816605288
2026-06-27,Saturday,10,Admin Office,4,73,4.460890758836103,75,0,0,84.00521225420289
2026-05-16,Saturday,9,Student Service Center,3,16,1.78410145517742,14,0,0,13.176874603271177
2026-05-12,Tuesday,12,Admin Office,5,98,1.0856451601627777,65,1,0,24.501007802422897
2026-05-19,Tuesday,9,Cafeteria,3,23,6.670740241460468,8,1,0,51.01807490832262
2026-03-02,Monday,12,Library Counter,5,43,7.8306735275381865,24,0,0,67.5330808683577
2026-03-10,Tuesday,15,Cafeteria,3,51,7.053060759722168,36,1,0,121.3161233764148
2026-03-27,Friday,12,Fee Counter,1,49,5.416923328164929,23,0,0,267.2672267716176
2026-03-17,Tuesday,9,Admin Office,4,65,1.1996995625084506,67,0,0,17.672765774551067
2026-04-21,Tuesday,9,Admin Office,4,16,6.904961517584704,19,0,0,32.24778922334334
2026-05-22,Friday,12,Library Counter,1,53,2.504378888161063,13,1,0,136.54935534385567
2026-04-15,Wednesday,17,Library Counter,1,53,5.4340647320880295,54,0,0,290.2984665557188
2026-03-10,Tuesday,11,Cafeteria,2,30,4.152598742626848,33,0,0,66.08341631743133
2026-04-15,Wednesday,12,Admin Office,3,58,5.6563342782784325,40,0,0,110.35385674850266
2026-03-10,Tuesday,12,Student Service Center,3,53,3.4972163896561943,22,1,0,60.70576842409103
2026-02-10,Tuesday,8,Fee Counter,2,69,5.569230011249839,71,0,0,196.50231081509776
2026-05-10,Sunday,13,Fee Counter,5,69,3.521899696888944,44,0,0,50.971991127334064
2026-03-04,Wednesday,14,Admin Office,1,23,4.6473917804255915,5,0,1,109.61083637824534
2026-06-16,Tuesday,9,Fee Counter,5,46,5.778825653673152,47,0,0,57.34627609974626
2026-06-17,Wednesday,12,Fee Counter,5,103,6.466759502698682,59,1,0,131.29159508067295
2026-06-19,Friday,16,Cafeteria,1,65,4.200854476639215,65,0,0,271.5763287250728
2026-01-06,Tuesday,12,Student Service Center,1,54,2.654111272207558,28,0,0,145.53832185255777
2026-04-18,Saturday,15,Library Counter,1,59,5.3859664933448395,53,0,0,317.74539378208823
2026-02-05,Thursday,16,Library Counter,2,39,6.139091123205004,20,1,0,119.12886960639582
2026-04-04,Saturday,10,Admin Office,5,72,1.2560086734091545,77,0,0,22.628307363158797
2026-05-02,Saturday,11,Fee Counter,2,46,5.07295618866126,47,0,1,114.25151938157244
2026-02-18,Wednesday,15,Fee Counter,5,49,7.673128534771468,51,0,0,73.7596667562272
2026-01-23,Friday,11,Fee Counter,1,58,4.78594335777768,69,0,1,275.6443676871719
2026-05-15,Friday,11,Library Counter,2,20,6.5366096601818455,14,0,0,65.02207112043143
2026-05-13,Wednesday,15,Library Counter,5,22,4.428719615068395,25,0,0,18.6434971967411
2026-02-28,Saturday,16,Admin Office,2,51,6.708654350833726,44,0,0,173.25854192088968
2026-04-15,Wednesday,8,Admin Office,1,24,2.067235919429546,20,0,0,53.93061078127278
2026-03-25,Wednesday,16,Fee Counter,2,76,2.5252936663827894,68,0,0,99.69076749768932
2026-01-21,Wednesday,14,Admin Office,5,111,4.2413469874255,72,1,0,97.41107084088118
2026-03-25,Wednesday,16,Fee Counter,2,25,7.243546814677798,24,0,0,89.2543708351821
2026-04-10,Friday,16,Library Counter,5,75,1.5181986346131775,63,1,1,24.54119454743127
2026-04-20,Monday,8,Admin Office,1,67,6.966301847763541,64,0,0,465.29739272888605
2026-06-19,Friday,14,Cafeteria,2,35,3.9486831769078274,19,0,0,72.94327978064096
2026-02-21,Saturday,13,Admin Office,5,64,7.624879415154375,44,0,0,99.34603941579961
2026-02-17,Tuesday,15,Admin Office,1,43,2.0617586511388026,34,0,0,90.89394936116787
2026-06-19,Friday,12,Admin Office,5,28,4.236240600403029,5,0,0,27.59084571362844
2026-01-27,Tuesday,8,Cafeteria,1,46,6.191639367759813,42,0,0,289.02198953442314
2026-01-23,Friday,9,Fee Counter,4,21,7.9771832960841556,15,0,0,40.43653030141545
2026-05-30,Saturday,8,Library Counter,4,34,6.39926242752673,33,0,0,56.42136425692159
2026-01-16,Friday,14,Fee Counter,1,73,4.238167325994122,54,0,0,311.2552229189181
2026-05-01,Friday,12,Admin Office,3,23,7.371381665575866,6,0,0,58.63412648847001
2026-03-14,Saturday,9,Fee Counter,2,36,6.505022103699936,28,0,0,120.93153535252745
2026-03-03,Tuesday,8,Fee Counter,3,74,6.722883468029134,78,0,0,163.74379767714368
2026-04-11,Saturday,13,Library Counter,2,32,4.360251702550986,12,0,0,71.56470013604914
2026-04-21,Tuesday,13,Library Counter,1,88,5.7746521950648475,68,0,0,507.05982418228837
2026-06-24,Wednesday,13,Library Counter,3,94,3.2842824549498357,64,1,0,103.20246608976555
2026-06-20,Saturday,14,Student Service Center,5,96,2.0522124838609805,69,0,0,42.84194922570919
2026-03-11,Wednesday,16,Fee Counter,2,36,1.7415967123587694,30,0,0,36.129057524600974
2026-02-09,Monday,11,Student Service Center,4,31,7.264943141253891,22,1,1,57.899408586208395
2026-05-28,Thursday,11,Admin Office,1,74,2.5012154137968245,77,0,0,187.1585656951648
2026-04-04,Saturday,8,Cafeteria,1,86,3.6418170458001864,76,1,0,311.0879495138104
2026-06-27,Saturday,13,Admin Office,3,27,3.635075357583917,8,0,0,30.19110564795304
2026-04-22,Wednesday,10,Cafeteria,1,13,3.3995594698906197,13,0,0,48.727035988321205
2026-06-24,Wednesday,17,Student Service Center,3,77,3.0393672019936107,77,0,0,77.39581674264446
2026-06-20,Saturday,15,Admin Office,5,57,5.499812610465222,57,0,0,61.75234216372833
2026-01-17,Saturday,14,Admin Office,3,66,2.0580999163963685,24,1,0,43.33639126294046
2026-06-09,Tuesday,10,Library Counter,2,30,1.1508405130537187,18,1,0,17.31441353617576
2026-02-02,Monday,10,Student Service Center,1,34,3.886248479269643,27,0,0,133.88915479233162
2026-06-17,Wednesday,17,Admin Office,5,22,5.778216533442272,7,1,0,28.46464537352387
2026-04-03,Friday,14,Library Counter,4,46,7.1325255747364364,23,1,1,79.57550859886184
2026-02-14,Saturday,12,Admin Office,5,67,7.225614162373947,46,0,0,97.79431202028363
2026-05-04,Monday,17,Cafeteria,1,42,1.5210472588810846,46,0,0,63.32543826730207
2026-02-25,Wednesday,15,Admin Office,2,63,4.166664833728293,60,0,0,135.6475435285532
2026-05-15,Friday,11,Cafeteria,5,67,1.8845145748055119,69,0,0,23.697864327841234
2026-03-11,Wednesday,9,Student Service Center,1,39,6.5123384962338475,19,1,0,258.3751040124868
2026-01-04,Sunday,17,Cafeteria,5,37,5.733303896847101,41,0,0,40.39556896797987
2026-02-16,Monday,9,Admin Office,2,61,4.155066623735628,55,0,0,130.4732499261776
2026-03-08,Sunday,11,Student Service Center,1,60,4.257351033395276,51,0,0,256.09023841170375
2026-06-18,Thursday,13,Student Service Center,1,43,2.82748831813593,21,0,0,123.69077115736972
2026-03-21,Saturday,9,Cafeteria,4,29,1.1118486041826936,38,0,1,7.921667129441933
2026-05-20,Wednesday,14,Admin Office,4,24,4.314251507730578,5,0,0,25.718617491399336
2026-01-23,Friday,14,Student Service Center,3,111,6.760684127845213,79,1,0,254.35403162355124
2026-05-31,Sunday,14,Admin Office,1,100,3.335291691348443,66,1,0,334.04836521151117
2026-04-07,Tuesday,14,Library Counter,2,62,4.239077636687607,47,0,0,134.2039728999487
2026-04-29,Wednesday,12,Library Counter,2,62,5.937681385003488,33,0,0,184.099643029068
2026-02-05,Thursday,10,Library Counter,4,75,1.4781544440686558,69,0,0,30.26680928858531
2026-01-26,Monday,13,Library Counter,4,46,3.5036392856874623,33,0,1,38.19033761798422
2026-01-02,Friday,9,Student Service Center,4,20,2.5708018668523365,23,0,0,10.605361569352082
2026-06-22,Monday,15,Fee Counter,3,4,1.894132973488678,18,0,1,3.3042870574132657
2026-02-27,Friday,12,Cafeteria,1,39,7.660497324556399,20,0,0,296.1663311239352
2026-01-25,Sunday,8,Fee Counter,5,58,7.605751519800925,57,0,0,93.06128476233151
2026-06-27,Saturday,13,Cafeteria,2,76,5.326588819779386,43,1,0,201.4628833081096
2026-05-18,Monday,13,Admin Office,3,84,5.784708627744754,51,1,0,164.55558768281279
2026-04-21,Tuesday,14,Cafeteria,5,81,4.523194059664358,57,0,0,72.64419623496805
2026-02-20,Friday,9,Cafeteria,3,30,1.6754097493468538,32,0,0,17.62884827968277
2026-02-13,Friday,8,Admin Office,1,61,4.6956852086619545,58,0,0,286.4064579518977
2026-02-15,Sunday,12,Library Counter,1,97,3.915971738622411,57,1,0,383.30981815843967
2026-01-02,Friday,13,Fee Counter,4,54,1.8865696399685656,23,1,0,28.77300193515815
2026-02-28,Saturday,11,Library Counter,3,64,2.0454213346120445,60,0,0,47.431863752503496
2026-02-13,Friday,15,Student Service Center,3,58,4.792011831601107,59,0,1,91.79642674497224
2026-06-12,Friday,14,Admin Office,2,65,7.070035010434656,36,0,0,233.47887785640148
2026-03-12,Thursday,14,Library Counter,2,88,1.0235650385012232,63,0,0,49.721319485266555
2026-02-06,Friday,12,Admin Office,5,115,1.6190724927575848,78,1,0,41.411625635125695
2026-03-02,Monday,15,Student Service Center,4,20,4.738049539247308,16,0,0,26.252572114752166
2026-06-03,Wednesday,12,Cafeteria,3,58,6.906063164053147,39,0,0,131.2041575964385
2026-06-28,Sunday,12,Admin Office,5,95,6.918135568332369,73,0,0,130.84062155031066
2026-04-06,Monday,9,Admin Office,4,14,1.8705914118579552,12,0,0,6.934102631367798
2026-05-14,Thursday,14,Admin Office,1,78,3.15178821538122,61,0,0,249.93665526222978
2026-01-25,Sunday,12,Library Counter,1,96,5.535467079915792,74,0,0,530.0064334051202
2026-03-09,Monday,14,Cafeteria,2,34,5.360648798179897,13,0,0,90.36638391439867
2026-02-18,Wednesday,12,Library Counter,4,67,5.630799081415862,42,1,1,98.87439015432203
2026-04-26,Sunday,15,Student Service Center,5,20,7.186400384582907,25,0,0,29.159170488040033
2026-06-09,Tuesday,13,Library Counter,1,114,6.6720246117566075,72,1,0,765.0656119820599
2026-06-19,Friday,11,Student Service Center,3,52,5.167072411447519,52,1,1,87.42712453802201
2026-04-06,Monday,8,Cafeteria,5,58,7.491566088259744,66,0,1,89.69633830909306
2026-02-03,Tuesday,8,Cafeteria,4,20,2.549315688394022,16,0,0,15.626077763164798
2026-01-28,Wednesday,15,Library Counter,2,20,1.7316409358560978,17,0,0,16.753049341537263
2026-02-07,Saturday,17,Fee Counter,3,61,4.679749634197574,61,0,0,98.15298993521621
2026-06-04,Thursday,8,Fee Counter,1,70,2.065918054233752,70,0,0,148.46388531922028
2026-04-17,Friday,16,Fee Counter,1,39,5.2897273167775865,35,0,0,205.58195356448556
2026-04-17,Friday,17,Admin Office,5,26,1.8255201495516138,27,0,0,10.65647102237627
2026-06-03,Wednesday,10,Fee Counter,4,74,6.268283947106751,79,0,1,119.503269778145
2026-01-01,Thursday,17,Student Service Center,3,44,4.9733415922398,47,0,0,76.192533388798
2026-03-06,Friday,16,Student Service Center,2,23,6.165566153547596,31,0,1,71.42314733785992
2026-04-30,Thursday,9,Library Counter,2,73,5.283006001551284,78,0,0,194.61163968268514
2026-06-21,Sunday,10,Cafeteria,3,53,6.134814280043417,45,0,0,109.09476118118775
2026-04-04,Saturday,10,Cafeteria,1,62,3.7360809631889937,50,1,0,234.91538651860975
2026-02-13,Friday,16,Admin Office,5,60,2.204973969458135,39,1,0,23.665797537772384
2026-02-12,Thursday,14,Student Service Center,5,32,7.407733748251287,11,0,0,50.19034233813446
2026-01-09,Friday,11,Cafeteria,2,73,7.894169015250933,70,0,0,291.21502614253063
2026-03-09,Monday,8,Cafeteria,1,80,1.0668694363187834,68,1,0,86.93182344704215
2026-05-06,Wednesday,9,Admin Office,1,81,3.8142018959833326,63,1,0,311.5186913522065
2026-06-21,Sunday,9,Library Counter,1,69,7.625252307994462,50,1,0,529.819407170887
2026-03-13,Friday,13,Cafeteria,1,68,7.93529304964372,43,0,0,542.8528858412284
2026-01-05,Monday,8,Student Service Center,1,70,6.4870808587969595,68,0,0,454.72940218166184
2026-01-28,Wednesday,17,Admin Office,1,34,6.295971655276505,18,1,0,215.90552852189722
2026-02-08,Sunday,12,Library Counter,1,49,5.818171005403958,5,1,0,288.4483445752628
2026-06-23,Tuesday,13,Admin Office,4,38,2.4855325486394984,9,0,0,27.68459289197777
2026-05-08,Friday,16,Fee Counter,2,31,2.8897596686336495,32,0,0,42.66892883959244
2026-01-13,Tuesday,13,Cafeteria,2,57,2.782701448829835,30,0,0,77.6448803220096
2026-01-15,Thursday,14,Fee Counter,3,50,1.8045053908058102,34,0,0,31.638781514574983
2026-01-11,Sunday,13,Library Counter,4,65,4.195441861760274,44,0,0,69.84242636614837
2026-01-23,Friday,13,Library Counter,3,84,3.1661795755408444,57,0,0,86.22540837230433
2026-05-23,Saturday,17,Library Counter,5,66,4.1529108711369105,67,0,0,56.781444988461345
2026-04-12,Sunday,17,Fee Counter,3,29,4.555086220399829,20,0,0,41.39087587065514
2026-05-12,Tuesday,13,Library Counter,2,64,4.817044682544443,40,0,0,154.96944967628866
2026-06-17,Wednesday,16,Fee Counter,1,24,5.680833020126877,25,0,0,135.04571345584083
2026-02-24,Tuesday,12,Fee Counter,4,102,3.1844526078044417,74,0,0,81.8591658486938
2026-06-15,Monday,16,Student Service Center,3,69,1.3143352003908713,65,0,0,29.85158004770915
2026-05-05,Tuesday,14,Admin Office,3,34,2.0581766578508773,24,0,1,21.400981534798603
2026-02-08,Sunday,16,Cafeteria,2,52,1.67847571495702,45,0,0,43.522608527777905
2026-06-01,Monday,10,Admin Office,3,3,7.682383259408805,11,0,1,8.751574152336826
2026-06-22,Monday,17,Admin Office,3,32,6.841267635458453,26,0,0,73.74942213192668
2026-05-31,Sunday,11,Student Service Center,3,76,6.676807017134004,79,0,1,168.24229018852432
2026-03-28,Saturday,9,Fee Counter,1,3,7.452686843095689,6,0,0,23.876314888751647
2026-02-09,Monday,16,Admin Office,4,4,3.503908346312915,10,0,1,1.7010469114526932
2026-04-08,Wednesday,8,Fee Counter,3,47,3.0733046094987175,45,0,0,52.67611907882383
2026-02-22,Sunday,15,Fee Counter,5,74,4.112990239842717,70,0,0,65.03018575993684
2026-01-02,Friday,8,Admin Office,4,43,1.7147827293590943,40,0,0,22.034063720776018
2026-05-19,Tuesday,17,Library Counter,2,18,2.0387633043033313,10,0,0,17.16220329486385
2026-02-10,Tuesday,8,Library Counter,4,56,2.330237992254243,47,0,0,34.68658392184501
2026-02-16,Monday,12,Student Service Center,3,63,3.271885099681767,40,0,0,70.76434314645692
2026-06-05,Friday,15,Fee Counter,3,80,2.4937083890603313,77,0,0,64.1536076016987
2026-05-04,Monday,8,Fee Counter,2,54,7.966548773492916,53,0,0,220.03031878555774
2026-01-30,Friday,15,Library Counter,4,35,7.254537908421726,28,0,0,61.01432637504867
2026-03-14,Saturday,17,Admin Office,2,75,7.274052500327684,57,1,0,277.3180151333147
2026-04-25,Saturday,17,Student Service Center,1,65,2.110122118578354,70,0,0,140.67655899838883
2026-03-09,Monday,13,Library Counter,1,92,5.088401567942488,72,0,0,465.52229352080326
2026-03-02,Monday,9,Library Counter,5,75,3.435607791383606,52,1,0,51.34790441524188
2026-04-11,Saturday,8,Fee Counter,1,23,7.170943814847987,26,0,0,167.7766024718131
2026-04-15,Wednesday,14,Cafeteria,3,66,2.0553828149008972,38,0,0,44.945098947547834
2026-06-15,Monday,11,Student Service Center,4,56,3.352400159636355,60,0,0,45.64537039485389
2026-01-31,Saturday,15,Student Service Center,2,52,6.725047022159929,55,0,0,175.7939190484642
2026-04-19,Sunday,15,Admin Office,3,15,1.8110474504153096,8,0,0,13.292245305152848
2026-05-18,Monday,13,Student Service Center,3,40,4.107045861409356,13,0,0,56.15172399342397
2026-03-20,Friday,14,Admin Office,3,65,2.328848378464629,51,0,1,48.6208262302485
2026-05-06,Wednesday,12,Student Service Center,2,90,4.550856117130849,72,0,0,204.2280855223391
2026-05-08,Friday,8,Student Service Center,5,78,5.1998417751975365,68,1,0,82.65315961730107
2026-06-04,Thursday,12,Library Counter,5,59,6.201324762564354,27,1,0,71.88401876821858
2026-05-24,Sunday,15,Admin Office,2,52,5.7836788260463585,52,0,0,153.75087094355936
2026-01-06,Tuesday,14,Fee Counter,3,76,5.527150836169418,53,0,0,143.70113828083026
2026-06-27,Saturday,12,Student Service Center,2,59,2.944841821125121,54,0,1,89.03685149789932
2026-04-05,Sunday,9,Fee Counter,5,33,7.905901134914126,28,0,0,56.92060040807158
2026-03-09,Monday,13,Admin Office,1,66,5.724974132519746,39,0,0,382.3397468492721
2026-02-26,Thursday,13,Student Service Center,4,43,1.6633364148441196,27,0,0,21.94358148452555
2026-05-01,Friday,15,Cafeteria,5,35,2.765907159217835,35,0,0,21.435654001095738
2026-06-04,Thursday,13,Cafeteria,5,77,3.2379463926568683,51,0,0,53.087415849515224
2026-06-19,Friday,14,Admin Office,4,19,5.924309404912318,9,0,1,32.18523361589162
2026-02-01,Sunday,10,Student Service Center,2,46,6.863035018303087,44,0,0,155.30047178836676
2026-04-28,Tuesday,15,Student Service Center,2,44,3.145142272649534,42,0,0,71.5879658975509
2026-04-29,Wednesday,17,Library Counter,4,60,6.186238685725534,64,0,0,95.30256303189029
2026-02-10,Tuesday,17,Student Service Center,5,63,6.68246366286078,63,1,1,83.44310674984987
2026-05-05,Tuesday,12,Cafeteria,5,22,3.839149111458334,7,0,0,17.811645000573424
2026-03-22,Sunday,10,Library Counter,2,73,5.50266876764772,74,0,0,199.18321378389965
2026-06-27,Saturday,14,Cafeteria,3,99,6.542675813478908,78,0,0,213.72962025711004
2026-05-01,Friday,12,Admin Office,4,52,5.8204725460927484,32,0,0,77.84081206165048
2026-02-11,Wednesday,8,Student Service Center,5,52,4.140967411328931,47,0,0,47.242724215452526
2026-03-17,Tuesday,14,Admin Office,4,47,2.2642530803107084,18,0,0,27.585936059404297
2026-03-15,Sunday,12,Fee Counter,4,40,5.129008234001457,17,0,0,54.318226400724775
2026-04-09,Thursday,14,Student Service Center,1,33,4.806918315046336,9,0,0,161.55045998210718
2026-06-20,Saturday,10,Student Service Center,4,51,7.63026454878432,51,0,0,100.94539615509963
2026-02-22,Sunday,14,Cafeteria,5,29,7.415067003025973,12,0,0,47.3690228689026
2026-03-07,Saturday,17,Admin Office,2,71,1.357347983917081,74,0,0,52.41542208672752
2026-03-03,Tuesday,12,Cafeteria,1,80,7.98640819014575,59,0,0,641.4780766173664
2026-05-10,Sunday,8,Cafeteria,3,21,6.211094323473949,16,0,0,43.6944403678563
2026-03-02,Monday,14,Fee Counter,4,25,6.164912973057512,8,0,0,37.793106462107005
2026-03-15,Sunday,9,Library Counter,5,75,3.226687931127913,69,0,0,45.75523290734478
2026-04-19,Sunday,16,Cafeteria,4,74,5.975952676396145,72,0,0,110.22578162242274
2026-06-15,Monday,14,Library Counter,4,45,5.748832326185986,27,0,0,66.65913397944774
2026-05-17,Sunday,12,Admin Office,1,69,5.145224925396888,39,1,0,353.00587988500075
2026-05-22,Friday,11,Fee Counter,5,40,4.5859004029452555,43,0,0,40.033398585992316
2026-02-09,Monday,14,Student Service Center,2,110,1.2450868750761108,72,1,0,66.43106457859956
2026-02-27,Friday,15,Library Counter,4,76,7.285030543958369,55,1,0,140.36031568750764
2026-01-21,Wednesday,10,Student Service Center,4,76,7.425228289234807,73,0,0,141.85187881131287
2026-04-26,Sunday,12,Admin Office,1,64,3.7243857423692504,36,0,0,242.72011281344172
2026-05-29,Friday,16,Cafeteria,3,74,1.8103972435620674,70,0,0,43.34655819315741
2026-03-15,Sunday,9,Cafeteria,4,9,4.01992179523733,6,0,0,8.263483158580417
2026-03-17,Tuesday,16,Fee Counter,2,47,5.402077115328458,47,0,0,129.90659774164521
2026-05-08,Friday,12,Fee Counter,3,71,3.992691991540372,64,0,1,94.95328440897188
2026-01-22,Thursday,10,Library Counter,5,38,2.7069973859379934,29,0,0,22.933943233135448
2026-01-23,Friday,14,Admin Office,3,71,7.640636359862893,59,0,1,179.07818691956632
2026-03-28,Saturday,8,Admin Office,2,10,1.9251056487230445,13,0,1,13.498748747166275
2026-03-23,Monday,11,Student Service Center,4,40,5.1792617831613645,33,0,0,53.897969036602724
2026-02-18,Wednesday,13,Cafeteria,1,100,4.503900364471113,69,1,0,453.6419777215602
2026-01-30,Friday,13,Admin Office,5,79,6.404237073073935,70,0,1,100.48139443761023
2026-04-20,Monday,13,Cafeteria,5,67,2.0310515674672436,48,0,0,31.58745784991636
2026-06-15,Monday,16,Admin Office,3,31,5.67100797844686,20,1,0,62.29429044976352
2026-03-27,Friday,12,Cafeteria,5,97,6.452795733117879,68,0,0,123.29505289008847
2026-03-08,Sunday,12,Library Counter,4,68,5.043492833281915,52,0,0,89.67110734411641
2026-01-26,Monday,13,Library Counter,2,37,5.740807220211532,32,0,1,111.184296807522
2026-04-27,Monday,9,Library Counter,4,69,4.269246366921774,65,0,0,77.72618137716992
2026-03-31,Tuesday,12,Fee Counter,4,52,5.069737694384834,36,0,0,67.19768480573204
2026-05-16,Saturday,15,Student Service Center,5,60,4.217368725823169,51,0,0,52.83618068914882
2026-03-15,Sunday,13,Student Service Center,5,57,6.973617646287403,33,0,0,80.90106885881066
2026-06-13,Saturday,14,Fee Counter,2,72,5.318392339120314,44,0,0,195.43963161881922
2026-03-27,Friday,12,Library Counter,5,95,4.264207570365658,77,0,0,85.402105903642
2026-06-07,Sunday,9,Cafeteria,4,68,6.160858346475469,61,0,0,102.8485692794766
2026-06-16,Tuesday,12,Fee Counter,1,66,7.915912679240358,32,1,0,520.8411638321627
2026-04-14,Tuesday,17,Student Service Center,3,55,2.674511898562381,34,1,0,51.30083535677727
2026-01-23,Friday,13,Student Service Center,3,85,2.384379741454457,49,1,0,72.1588367111193
2026-02-18,Wednesday,15,Cafeteria,2,10,4.881063035457306,6,0,0,23.823656599199126
2026-01-18,Sunday,10,Fee Counter,4,51,4.342651044197616,42,0,0,59.80019887813286
2026-02-22,Sunday,8,Admin Office,2,10,6.61239343818801,14,0,0,30.596789219468842
2026-06-20,Saturday,10,Library Counter,3,68,1.6081783325437127,64,0,0,36.36781033347133
2026-04-27,Monday,14,Cafeteria,3,93,1.641203493692645,55,1,0,49.27980934547395
2026-01-03,Saturday,11,Student Service Center,5,14,1.379794558371035,6,0,0,5.616001998043528
2026-01-30,Friday,14,Student Service Center,1,34,2.146807670669148,5,0,0,71.70929826058075
2026-06-04,Thursday,8,Cafeteria,5,7,5.960337278452105,15,0,1,11.431192619114995
2026-04-16,Thursday,12,Student Service Center,3,114,7.856037611784172,75,1,0,297.53992334806804
2026-04-03,Friday,17,Cafeteria,1,38,7.795434842541718,36,0,0,300.97195999238096
2026-01-20,Tuesday,17,Admin Office,1,55,1.4259808507358809,32,1,0,80.48088954625298
2026-01-23,Friday,12,Library Counter,2,48,4.261336274028973,17,1,0,104.0139730260638
2026-03-10,Tuesday,16,Library Counter,5,57,3.5868568332808746,60,0,0,45.372625578585854
2026-02-19,Thursday,13,Fee Counter,4,44,2.334402307442506,18,0,0,29.888857271828552
2026-02-02,Monday,14,Student Service Center,4,98,4.277258713889025,74,0,0,103.65972145092597
2026-02-21,Saturday,8,Student Service Center,3,44,2.6520327972168793,37,0,0,40.82215845853878
2026-03-20,Friday,14,Admin Office,3,87,7.0245792832244405,63,0,0,208.38317234022537
2026-04-20,Monday,9,Student Service Center,5,62,6.195010978858193,67,0,0,76.23353097377118
2026-03-22,Sunday,16,Student Service Center,1,91,5.983052548712273,76,1,0,547.2384365795087
2026-01-18,Sunday,10,Student Service Center,1,59,4.175611676184982,52,0,0,251.22907086850776
2026-01-05,Monday,12,Cafeteria,2,41,1.309843465030931,19,0,0,25.980493139968218
2026-06-03,Wednesday,14,Cafeteria,3,52,2.2081660320303462,36,0,0,42.33547832576059
2026-04-27,Monday,11,Fee Counter,1,60,1.0999317051883626,56,0,0,70.21854723141554
2026-03-04,Wednesday,9,Cafeteria,1,31,2.0308789691564835,21,1,0,63.71858948201579
2026-05-21,Thursday,11,Fee Counter,1,79,3.9430244179119507,79,0,0,315.94869637799593
2026-06-27,Saturday,9,Student Service Center,1,17,6.875416789124349,10,0,0,120.1005366187317
2026-03-19,Thursday,16,Library Counter,2,5,6.100193221209848,6,0,0,19.526775065423266
2026-01-02,Friday,16,Cafeteria,2,73,6.687437963265069,56,1,0,244.27161907581527
2026-04-16,Thursday,12,Cafeteria,5,33,7.386562249594112,25,0,1,50.26793428452565
2026-05-23,Saturday,8,Library Counter,1,37,2.803739769421291,41,0,0,104.7843238746072
2026-01-24,Saturday,14,Fee Counter,5,79,7.901369963181732,55,0,0,129.5086739232439
2026-05-31,Sunday,13,Cafeteria,5,113,1.2991794028543502,74,1,0,27.76509495184224
2026-04-12,Sunday,11,Student Service Center,5,74,5.067504431534731,74,0,0,75.51057844214117
2026-02-22,Sunday,15,Student Service Center,2,30,5.57905952531485,27,0,0,81.73309294345796
2026-02-15,Sunday,9,Cafeteria,5,56,7.120645335924912,37,1,0,80.83097429985928
2026-02-02,Monday,17,Library Counter,5,70,2.165774624698824,77,0,1,28.775553143769127
2026-06-23,Tuesday,15,Student Service Center,2,51,7.203619648677333,48,0,0,187.6590312519414
2026-06-04,Thursday,14,Fee Counter,4,59,7.661335869385261,38,0,0,115.84328742408118
2026-04-27,Monday,14,Admin Office,2,72,4.361984772224899,30,1,0,158.85325936375455
2026-06-21,Sunday,11,Cafeteria,2,12,1.4550165815886402,9,0,0,9.119573131470094
2026-01-12,Monday,16,Admin Office,3,76,7.4491152092369886,67,0,0,186.3055816743785
2026-03-30,Monday,12,Cafeteria,4,82,2.6594278602243704,53,0,0,51.722001926952096
2026-05-16,Saturday,12,Cafeteria,4,35,7.6070597116024405,9,0,0,68.51028145601771
2026-02-11,Wednesday,14,Cafeteria,3,83,1.1428286184467427,62,0,0,31.52573576339575
2026-04-06,Monday,10,Admin Office,3,76,5.869234330691397,78,0,0,148.92366180871196
2026-03-06,Friday,17,Admin Office,1,61,3.968786295559765,55,0,0,239.12388487596087
2026-03-31,Tuesday,15,Cafeteria,5,65,7.082713838074963,68,0,0,91.07292908365436
2026-05-12,Tuesday,14,Student Service Center,4,82,4.830394752831928,64,0,0,96.05980880899897
2026-03-18,Wednesday,13,Admin Office,2,26,7.863899280681414,7,0,0,103.58177131069749
2026-06-12,Friday,14,Student Service Center,3,31,6.827446659275594,13,0,0,71.32814248797989
2026-05-19,Tuesday,11,Student Service Center,2,62,1.928071948325024,66,0,1,63.09492141591022
2026-05-03,Sunday,8,Admin Office,5,60,5.6525933936225705,44,1,0,68.4501725598
2026-05-09,Saturday,10,Fee Counter,3,38,3.5881963765083826,33,0,0,44.9443956969066
2026-04-08,Wednesday,12,Library Counter,5,96,5.826836038766368,64,1,0,111.63005934821355
2026-05-29,Friday,16,Admin Office,2,52,1.493530768758677,50,1,1,38.34183027366355
2026-04-28,Tuesday,12,Fee Counter,4,46,2.9277813085007423,17,0,0,33.511113065940506
2026-01-11,Sunday,10,Cafeteria,5,45,3.6800489518080015,48,0,0,36.20870748405923
2026-02-20,Friday,10,Cafeteria,4,32,4.3791810461649705,33,0,0,39.186025011747084
2026-01-10,Saturday,10,Admin Office,3,81,5.416846389931816,78,0,0,146.24881338163834
2026-04-04,Saturday,10,Admin Office,1,85,3.8717397441694006,78,0,0,326.38246159067137
2026-05-02,Saturday,12,Admin Office,4,62,6.410096041803904,40,0,0,99.62076560883949
2026-04-16,Thursday,17,Admin Office,5,74,1.532422316682481,50,1,0,22.99308773395652
2026-06-05,Friday,8,Student Service Center,1,21,7.1881250185312835,17,0,0,149.3389389794382
2026-04-12,Sunday,12,Fee Counter,4,61,7.364050148755991,17,1,0,114.43577822601665
2026-03-04,Wednesday,8,Student Service Center,1,12,7.277002081371175,17,0,0,84.53585188946035
2026-06-12,Friday,14,Student Service Center,1,81,6.755874054658575,61,0,0,547.8758510701109
2026-04-10,Friday,13,Fee Counter,3,37,1.1892738047768963,15,0,0,13.239733155499364
2026-01-19,Monday,11,Cafeteria,3,44,3.8865145795587983,44,0,0,58.39815137311126
2026-04-19,Sunday,12,Library Counter,3,76,7.080213146225705,53,0,0,182.37170310435263
2026-06-23,Tuesday,16,Fee Counter,5,65,6.368061049743657,68,0,0,86.30142477873876
2026-06-28,Sunday,11,Admin Office,5,65,5.71155112173001,60,0,0,76.09808793175281
2026-06-03,Wednesday,9,Admin Office,5,39,1.3768358954430688,41,0,0,13.253680127300289
2026-03-25,Wednesday,11,Student Service Center,2,64,1.9084969415531736,57,0,0,63.00281864816157
2026-03-19,Thursday,14,Cafeteria,2,71,2.998142150244788,66,0,1,104.65112835113632
2026-03-25,Wednesday,13,Student Service Center,3,74,4.333078503390241,57,0,1,110.54734621522957
2026-04-11,Saturday,15,Admin Office,4,34,4.529674888936723,12,1,0,35.960914637742235
2026-04-21,Tuesday,16,Student Service Center,3,32,1.9083103862324489,16,1,0,19.335194104936072
2026-01-04,Sunday,11,Library Counter,5,35,5.785749813609929,39,0,0,39.131592667410125
2026-02-12,Thursday,14,Cafeteria,3,76,1.9505919944508743,59,0,0,47.343717387919384
2026-04-26,Sunday,16,Fee Counter,2,14,3.899485345832636,23,0,1,30.362220041241176
2026-01-25,Sunday,13,Student Service Center,3,52,3.2552803297301915,34,0,0,57.996076719258284
2026-05-21,Thursday,14,Fee Counter,5,38,1.4080690253890307,10,0,0,10.5085009724461
2026-03-11,Wednesday,13,Admin Office,5,36,6.700872057561713,16,0,0,45.482317688037604
2026-02-18,Wednesday,9,Library Counter,1,4,3.558592012211193,7,0,0,11.474765672234348
2026-04-05,Sunday,13,Admin Office,4,86,7.60690711425182,50,1,0,163.90705691309086
2026-02-13,Friday,8,Student Service Center,3,24,4.81337692452844,17,0,0,35.59235468178969
2026-04-19,Sunday,10,Library Counter,5,69,1.933429036192587,68,0,0,23.774882274866822
2026-05-22,Friday,11,Admin Office,1,52,1.6173803448091313,47,0,0,81.68193026126794
2026-05-10,Sunday,16,Cafeteria,5,50,5.930790643296379,53,0,0,61.55091664307769
2026-05-24,Sunday,17,Library Counter,3,71,2.516768601541396,65,0,0,60.36856961431408
2026-06-12,Friday,14,Library Counter,5,65,7.9417374603916775,23,1,0,103.09528515813827
2026-03-02,Monday,11,Library Counter,1,89,1.429836008332743,78,1,0,124.26903536594259
2026-04-12,Sunday,16,Fee Counter,2,58,5.258107480319694,59,0,0,155.2958544880578
2026-01-29,Thursday,12,Cafeteria,3,86,3.284338477274731,70,0,1,97.24665841014729
2026-01-28,Wednesday,12,Student Service Center,3,27,1.3489950189826816,10,0,0,16.206174265080517
2026-05-20,Wednesday,11,Fee Counter,2,57,1.9667922539414382,38,1,0,54.46770008192759
2026-03-06,Friday,15,Cafeteria,2,79,2.453299159252048,70,0,0,101.54686863277976
2026-01-31,Saturday,16,Cafeteria,4,60,6.11956154192571,56,0,0,92.08991050217863
2026-06-07,Sunday,11,Admin Office,4,82,4.841228786555044,76,0,0,98.97521140000921
2026-03-14,Saturday,13,Admin Office,4,88,7.5871642589248065,76,0,1,167.26502508754814
2026-03-23,Monday,12,Cafeteria,3,64,5.15850254124708,59,0,1,112.88607223041961
2026-03-08,Sunday,13,Student Service Center,2,35,6.398068825900815,15,0,0,114.3718644388372
2026-01-30,Friday,16,Fee Counter,1,35,5.571849685080241,38,0,0,198.82031538841338
2026-02-25,Wednesday,17,Cafeteria,3,57,4.089640170486206,59,0,0,75.82926441236386
2026-06-05,Friday,13,Admin Office,2,43,3.520137298628729,5,1,0,80.22013241344881
2026-02-07,Saturday,16,Student Service Center,4,19,6.086320716918054,6,1,0,27.404952307117206
2026-01-30,Friday,16,Cafeteria,4,84,3.673067461373777,71,1,0,75.43225686081531
2026-01-01,Thursday,13,Student Service Center,3,73,3.9536252385453556,34,1,0,97.7998964981101
2026-03-26,Thursday,9,Library Counter,5,35,4.795245846450281,33,0,0,35.288041944760245
2026-05-02,Saturday,11,Student Service Center,3,17,4.941992801673658,11,0,0,31.108627863783042
2026-05-21,Thursday,14,Cafeteria,3,33,5.062021765512772,15,0,0,59.22405280071786
2026-04-10,Friday,12,Student Service Center,1,119,3.175474918928769,79,1,0,378.12265043968813
2026-06-19,Friday,11,Admin Office,4,61,5.541494324445397,64,0,0,89.47351576631564
2026-03-03,Tuesday,9,Fee Counter,3,18,1.9455880698061347,18,0,0,12.16177838116392
2026-04-14,Tuesday,12,Student Service Center,1,108,6.551322691050953,68,1,0,708.2265402086412
2026-01-13,Tuesday,17,Cafeteria,4,36,3.026950192918614,46,0,1,27.607225910593737
2026-04-02,Thursday,15,Student Service Center,5,63,2.2716662847271554,57,0,0,33.09612899031091
2026-02-20,Friday,14,Cafeteria,5,61,4.5676952668054165,39,0,0,57.361370389105204
2026-02-08,Sunday,17,Library Counter,2,19,4.333039770122415,26,0,1,41.92706668083685
2026-04-30,Thursday,17,Fee Counter,4,15,7.3956016437205045,15,0,0,24.819110884515773
2026-04-10,Friday,13,Student Service Center,2,58,4.359791063577648,26,1,0,126.10212680661462
2026-02-27,Friday,15,Fee Counter,5,63,6.142411197030271,65,0,0,77.12104502950574
2026-03-30,Monday,8,Cafeteria,5,38,1.802072237640348,36,0,0,17.621890889375806
2026-04-19,Sunday,17,Student Service Center,1,43,1.66484086619891,46,0,0,71.2257374981241
2026-02-05,Thursday,11,Admin Office,2,28,7.402717129717303,32,0,0,101.11729906459149
2026-06-14,Sunday,12,Library Counter,2,37,1.3608568529472043,17,0,0,23.194253668582594
2026-03-30,Monday,17,Student Service Center,4,55,7.482247350149706,67,0,1,100.57326600375413
2026-03-05,Thursday,17,Library Counter,1,16,1.422258978246099,11,0,0,20.25261925695958
2026-04-07,Tuesday,16,Student Service Center,5,60,4.998182267036346,64,0,0,62.50554061324271
2026-04-14,Tuesday,13,Fee Counter,2,59,1.9099767993973962,17,1,0,55.29744457875175
2026-05-27,Wednesday,12,Fee Counter,3,37,2.524913979768616,21,0,0,28.48753929218426
2026-06-03,Wednesday,11,Student Service Center,4,78,7.730850042586746,66,1,0,148.5434976124129
2026-05-22,Friday,15,Cafeteria,5,38,5.185471781636541,35,0,0,37.282424538582
2026-03-22,Sunday,15,Library Counter,3,73,6.357546173467836,66,0,0,152.8165556964175
2026-01-06,Tuesday,12,Cafeteria,1,47,2.9424626029561933,23,0,0,140.29298181229288
2026-04-06,Monday,12,Fee Counter,5,34,1.1067242104624864,6,1,1,10.36130045869713
2026-03-01,Sunday,17,Admin Office,2,71,3.0216282535421133,67,0,0,112.11719838762889
2026-05-21,Thursday,8,Library Counter,2,69,4.127754418926326,63,0,0,140.6767358691786
2026-03-02,Monday,11,Student Service Center,5,29,6.803302276654261,24,0,0,37.614112328874
2026-01-25,Sunday,11,Admin Office,3,48,5.397880368312227,42,0,0,88.22273493023896
2026-04-02,Thursday,11,Student Service Center,4,77,4.24314598020125,53,1,0,84.45795509018913
2026-04-21,Tuesday,13,Admin Office,5,87,7.799762058945603,72,0,0,135.19898642919267
2026-03-21,Saturday,17,Library Counter,5,38,7.908147603841195,30,0,0,63.935815624590575
2026-03-29,Sunday,9,Cafeteria,4,32,7.337004329053721,37,0,0,56.97472062606338
2026-01-04,Sunday,14,Library Counter,3,96,3.162338368505161,79,0,0,100.07899598605002
2026-04-26,Sunday,13,Cafeteria,3,59,7.551806626062146,36,0,0,148.33136298677573
2026-06-23,Tuesday,9,Library Counter,4,30,7.69063343803758,28,0,0,62.54842082200345
2026-06-11,Thursday,16,Admin Office,3,39,6.094453595850672,35,0,0,78.81927324906273
2026-02-22,Sunday,12,Fee Counter,3,65,4.247141217392238,57,0,1,96.92626227556025
2026-06-18,Thursday,8,Fee Counter,1,31,5.381040741055383,35,0,1,163.96129123418186
2026-02-13,Friday,11,Admin Office,2,65,2.4833218667400176,56,0,0,84.84849984437328
2026-03-07,Saturday,8,Student Service Center,5,68,5.442037257539262,70,0,1,75.80978692585268
2026-05-13,Wednesday,16,Admin Office,2,26,3.7478682024169543,21,0,0,50.18448758726862
2026-05-03,Sunday,13,Student Service Center,5,65,2.656613199112342,45,0,0,39.503694019027535
2026-04-11,Saturday,9,Library Counter,1,20,5.72582652935016,15,0,0,114.2129818032948
2026-06-21,Sunday,16,Student Service Center,2,62,5.850303923773213,43,1,0,186.07866693957646
2026-02-13,Friday,16,Cafeteria,5,51,2.4955447553664567,44,0,0,24.300718316252162
2026-05-04,Monday,17,Cafeteria,1,55,7.816976916043463,50,0,0,434.47092921454373
2026-03-10,Tuesday,10,Admin Office,5,50,6.068234426283184,46,0,0,63.32994621327968
2026-05-30,Saturday,15,Fee Counter,4,44,6.815743394134448,44,0,0,75.02654875676446
2026-03-16,Monday,9,Admin Office,3,37,7.281640033350682,29,0,0,92.58752739363291
2026-03-21,Saturday,12,Library Counter,5,40,4.561856618016446,15,0,0,38.13599762675485
2026-05-02,Saturday,17,Student Service Center,1,21,3.303770008530455,20,0,0,68.28773678402729
2026-06-02,Tuesday,15,Library Counter,3,30,2.6202411519219995,31,0,0,23.33764555149837
2026-06-12,Friday,12,Fee Counter,4,118,2.5586873138539565,78,1,0,78.92943917602177
2026-02-22,Sunday,12,Admin Office,1,67,4.169098857419312,39,0,0,282.3924370559415
2026-05-14,Thursday,16,Cafeteria,3,41,1.709502498471179,39,0,0,25.52720583650228
2026-03-28,Saturday,8,Student Service Center,2,67,2.5049074243397964,68,0,0,85.42295343138603
2026-06-02,Tuesday,12,Library Counter,1,96,4.717314471189519,78,0,1,457.33139012868634
2026-01-30,Friday,8,Library Counter,2,22,4.3893179324981535,8,1,1,49.33098404657124
2026-01-06,Tuesday,14,Library Counter,4,96,7.90032239716627,73,0,0,191.83873651666605
2026-05-11,Monday,13,Cafeteria,2,90,1.6036508223612689,62,0,0,72.0123556552282
2026-05-27,Wednesday,15,Fee Counter,2,63,6.249880275658317,67,0,0,194.36413886411606
2026-01-30,Friday,14,Fee Counter,2,89,7.133491758435161,67,0,0,321.09160161362706
2026-06-24,Wednesday,17,Admin Office,2,37,1.4142383410162815,42,0,0,30.51230972352649
2026-04-18,Saturday,17,Student Service Center,1,76,7.908932257980683,79,0,0,604.8463023135354
2026-03-23,Monday,11,Admin Office,5,32,5.666556175374317,32,0,0,37.55735593306324
2026-02-07,Saturday,11,Cafeteria,3,53,5.381989544472054,46,0,0,98.06567429745843
2026-05-30,Saturday,13,Fee Counter,5,79,5.744251141009252,58,0,0,92.2883687048824
2026-06-05,Friday,8,Admin Office,3,48,7.228744559587554,41,0,0,117.72538881955008
2026-03-21,Saturday,15,Library Counter,3,28,1.4965532560843433,15,1,0,13.573293042448679
2026-04-11,Saturday,17,Fee Counter,2,19,2.264764816973588,19,0,0,22.130990444717042
2026-03-11,Wednesday,11,Fee Counter,5,62,4.361392924909255,60,0,0,55.946219063811334
2026-06-10,Wednesday,12,Student Service Center,5,97,3.1078862385221586,68,0,0,59.07143079276055
2026-03-26,Thursday,8,Admin Office,3,23,5.09396335642786,26,0,0,36.53546349454851
2026-04-10,Friday,15,Cafeteria,3,58,6.262521815669905,55,0,0,121.91562090864674
2026-05-02,Saturday,11,Fee Counter,4,34,2.985316259589345,33,0,0,27.232747734854783
2026-02-04,Wednesday,15,Fee Counter,5,17,2.433447691323641,14,0,0,11.281107476871101
2026-04-04,Saturday,16,Library Counter,4,56,3.10172135921348,71,0,1,47.54538388956855
2026-05-28,Thursday,8,Admin Office,2,31,5.663360659616604,30,1,1,91.62489193704529
2026-05-18,Monday,8,Fee Counter,1,23,3.317059757871633,24,0,0,75.09573807700598
2026-04-03,Friday,9,Fee Counter,1,61,2.266529094843187,56,0,0,139.91874513671232
2026-04-06,Monday,14,Student Service Center,2,46,4.1493592832454675,21,0,0,97.11773387992369
2026-03-27,Friday,12,Student Service Center,2,77,1.193892279724955,61,0,0,47.79938510028772
2026-05-19,Tuesday,10,Library Counter,1,1,1.3173984514843537,6,0,0,6.135059414074053
2026-04-25,Saturday,17,Cafeteria,2,5,7.360445354314757,5,0,0,21.106810169649368
2026-02-23,Monday,11,Library Counter,2,78,6.975544569681663,78,0,0,274.7306546851676
2026-02-06,Friday,8,Student Service Center,5,84,7.040038237489814,75,0,0,120.12773099136258
2026-05-02,Saturday,9,Admin Office,1,76,7.643502786509825,57,1,0,581.098217203604
2026-06-09,Tuesday,14,Student Service Center,4,79,7.089216967988263,50,0,0,139.2233660060616
2026-05-21,Thursday,11,Student Service Center,3,73,1.9043048696085378,54,1,0,49.37736633487047
2026-03-27,Friday,17,Student Service Center,1,41,2.6898410658144254,19,1,0,108.42619343352487
2026-02-05,Thursday,10,Cafeteria,2,71,7.970521372108816,65,0,0,282.16288741904
2026-03-23,Monday,9,Student Service Center,5,48,2.6151805412444267,53,0,0,28.883254989124957
2026-06-04,Thursday,11,Student Service Center,1,9,4.499608601811646,6,0,0,43.309383649772684
2026-02-21,Saturday,8,Cafeteria,2,82,5.4488518034003155,76,1,1,227.92073552532588
2026-05-01,Friday,12,Student Service Center,3,28,2.1568187024773913,14,0,1,19.95947569789069
2026-01-28,Wednesday,17,Fee Counter,4,13,4.063560556752085,18,0,1,10.871690432824035
2026-03-07,Saturday,13,Library Counter,3,48,6.956492121543439,24,0,0,110.1847666474018
2026-05-18,Monday,14,Library Counter,2,57,3.273893933213209,42,0,0,98.24454182036158
2026-04-16,Thursday,17,Cafeteria,4,6,7.267427516847234,5,0,0,12.106272646496492
2026-05-20,Wednesday,14,Fee Counter,1,34,7.099782647217707,13,0,0,245.23042845416325
2026-02-27,Friday,16,Fee Counter,5,68,4.262627315004422,61,0,0,61.182794082018795
2026-05-10,Sunday,9,Admin Office,1,70,2.2689299145121544,67,0,0,157.61311520413196
2026-04-30,Thursday,12,Fee Counter,1,33,5.393455160666613,17,0,0,181.44780979016002
2026-05-13,Wednesday,8,Admin Office,5,67,5.3530038745507715,74,0,1,76.34574387638152
2026-03-06,Friday,17,Student Service Center,1,37,3.8704499784651816,34,0,0,140.7681663278322
2026-01-20,Tuesday,16,Fee Counter,4,67,6.3105472164763174,52,1,0,106.47043711030283
2026-01-02,Friday,9,Student Service Center,3,20,7.598125523708349,27,0,1,49.35477082670075
2026-03-06,Friday,9,Library Counter,1,22,4.5489371953474995,25,0,0,101.46135482849506
2026-04-09,Thursday,9,Student Service Center,3,75,7.048478306123153,72,0,0,179.43013329216788
2026-04-13,Monday,16,Admin Office,5,58,3.8980506384417017,34,1,0,44.903055753025555
2026-05-01,Friday,12,Fee Counter,2,60,2.9926333902035998,33,0,0,88.08224659100307
2026-03-22,Sunday,12,Admin Office,4,35,7.4256406646325,13,0,0,64.61077529549839
2026-03-25,Wednesday,16,Admin Office,2,47,7.093314650474705,39,0,0,168.2453146239299
2026-02-03,Tuesday,8,Library Counter,1,50,1.1387796401210037,46,1,1,54.29463479349114
2026-01-26,Monday,11,Student Service Center,4,38,1.6929337568209184,32,0,0,14.284849606511735
2026-03-30,Monday,10,Library Counter,5,22,3.662092984974312,18,0,0,15.023160792332137
2026-06-17,Wednesday,17,Student Service Center,3,46,2.0268139896482693,50,0,0,33.158101145893696
2026-06-25,Thursday,17,Student Service Center,2,69,1.8220006751143263,63,0,0,66.35760553018062
2026-05-01,Friday,8,Fee Counter,3,14,6.429061410690645,15,0,0,32.51300037776616
2026-05-24,Sunday,9,Cafeteria,2,91,4.833093673942159,77,1,0,220.56927927892838
2026-06-06,Saturday,12,Library Counter,3,76,7.220732935297033,58,0,0,184.2806377862448
2026-03-15,Sunday,12,Admin Office,5,22,1.5170382585022422,10,0,1,10.085333972080772
2026-03-15,Sunday,14,Student Service Center,3,82,6.5748046594247835,67,0,0,178.85771979041718
2026-05-30,Saturday,16,Cafeteria,2,7,6.594487371781096,7,0,0,24.272381239713372
2026-05-07,Thursday,8,Student Service Center,1,11,2.0339841548057587,14,0,0,20.394195450854536
2026-03-07,Saturday,10,Library Counter,4,14,3.570372058323716,6,0,0,13.455760372464438
2026-01-12,Monday,11,Fee Counter,1,73,3.835277314383541,50,1,0,279.3299076660368
2026-06-14,Sunday,12,Student Service Center,5,89,3.78594951279705,74,0,1,70.50950623307196
2026-04-30,Thursday,12,Admin Office,5,51,6.861862789148942,32,0,0,73.33810499321079
2026-06-16,Tuesday,17,Library Counter,5,55,2.5847450162825676,52,0,0,28.691944220887635
2026-04-12,Sunday,15,Library Counter,4,84,4.48349281437596,61,1,0,95.20825425575714
2026-03-21,Saturday,13,Cafeteria,1,99,7.017473052551346,67,1,1,696.2926295725568
2026-03-31,Tuesday,8,Student Service Center,1,62,4.353650634148282,61,0,0,269.7045055611798
2026-03-23,Monday,11,Cafeteria,5,41,6.24308296934816,35,0,0,54.51290145543135
2026-05-17,Sunday,9,Library Counter,2,58,7.512751487558458,53,0,0,218.76411813464028
2026-05-27,Wednesday,16,Student Service Center,4,34,1.5973308760941594,37,0,0,12.994161091987522
2026-02-17,Tuesday,11,Fee Counter,4,35,4.811424723596587,19,1,0,42.67553099823822
2026-04-27,Monday,9,Student Service Center,3,33,3.95066284166309,32,0,0,41.768262338048466
2026-01-07,Wednesday,13,Student Service Center,3,107,1.2397434924910518,77,1,0,41.36936201963074
2026-03-22,Sunday,15,Fee Counter,3,42,1.92165430088172,44,0,0,29.426336036277963
2026-05-25,Monday,17,Student Service Center,3,71,2.944469988079842,76,0,0,68.16887457076672
2026-02-05,Thursday,10,Library Counter,2,67,3.409170177991912,53,1,0,115.19970067357669
2026-04-29,Wednesday,10,Student Service Center,4,22,1.8111896150864932,27,0,0,13.254556200124508
2026-06-08,Monday,10,Student Service Center,3,31,6.332344537107754,27,0,0,63.16328874361716
2026-04-01,Wednesday,17,Cafeteria,2,25,5.41331504349094,25,0,0,69.26102181984292
2026-04-21,Tuesday,14,Admin Office,5,49,5.638262049186928,24,0,0,55.58765268734616
2026-01-07,Wednesday,10,Fee Counter,2,70,6.559448151415849,75,0,0,234.21533825102654
2026-01-17,Saturday,16,Admin Office,4,85,7.4175516192008155,70,1,0,157.26683330362502
2026-03-17,Tuesday,17,Cafeteria,1,55,3.425132420161003,63,0,1,185.66756713967092
2026-01-02,Friday,16,Cafeteria,2,42,5.795113586566356,45,0,0,119.3141713312087
2026-05-10,Sunday,17,Fee Counter,2,72,6.969239064700161,57,1,0,248.72005516237175
2026-06-29,Monday,14,Library Counter,4,44,1.8076930187332572,27,0,0,17.67668353407211
2026-05-05,Tuesday,13,Library Counter,4,83,1.6080981648173838,62,0,0,34.78703372799714
2026-03-08,Sunday,13,Admin Office,4,95,6.2454255990081,71,0,0,149.9609838085125
2026-05-05,Tuesday,8,Fee Counter,2,24,1.6550734337527588,27,0,0,21.5907305034799
2026-06-26,Friday,8,Admin Office,3,41,4.83199912378783,38,0,0,67.79208337230396
2026-01-26,Monday,12,Student Service Center,5,89,4.516041535244202,61,0,0,81.09019203393274
2026-06-16,Tuesday,16,Admin Office,5,90,4.662924777569595,76,1,0,85.82787056839688
2026-01-28,Wednesday,15,Student Service Center,5,48,1.8497462784011,53,0,0,14.881844776522147
2026-01-30,Friday,11,Fee Counter,4,44,7.739830017335609,47,0,0,90.13790736963556
2026-04-28,Tuesday,11,Fee Counter,4,44,5.945127205512823,54,0,1,70.06854093913194
2026-05-20,Wednesday,14,Admin Office,4,42,2.1633443881809193,13,0,0,22.016874034098382
2026-05-16,Saturday,11,Fee Counter,2,30,6.150512035539963,41,0,1,89.25842667726938
2026-01-23,Friday,8,Cafeteria,4,73,3.074459142070601,71,0,0,53.93275242565013
2026-03-29,Sunday,10,Admin Office,1,39,2.536950743123264,36,0,0,96.72266034930854
2026-05-01,Friday,16,Fee Counter,1,79,4.554131628867871,70,0,0,357.67159883493036
2026-04-08,Wednesday,8,Student Service Center,4,23,1.8064527702502766,16,0,0,11.237198941047147
2026-01-14,Wednesday,9,Cafeteria,4,58,7.30648490391212,58,0,0,104.96683590414217
2026-02-03,Tuesday,16,Cafeteria,2,35,4.414735469921687,31,0,0,74.69619979848022
2026-01-27,Tuesday,13,Fee Counter,3,66,1.078520094307896,42,0,0,26.194374352038583
2026-04-10,Friday,13,Admin Office,4,83,1.9720228450190396,68,0,0,38.43708874573175
2026-03-30,Monday,17,Cafeteria,3,70,4.9421931715455365,60,1,0,118.17060922646566
2026-02-27,Friday,17,Student Service Center,4,39,4.421713767421672,43,0,0,46.685179723256674
2026-01-13,Tuesday,10,Admin Office,1,54,7.489506218429257,54,0,0,408.59741899717113
2026-03-31,Tuesday,15,Student Service Center,3,45,1.8452397399684033,41,0,0,28.842057939754184
2026-01-21,Wednesday,14,Student Service Center,3,85,3.399145880021744,61,0,0,100.19391068623958
2026-02-08,Sunday,15,Fee Counter,4,60,4.82102494128665,64,0,1,69.96150557944006
2026-05-06,Wednesday,11,Admin Office,5,61,1.9295698124369636,64,0,0,26.208070592375066
2026-03-14,Saturday,11,Library Counter,2,53,6.077339030918628,36,1,0,162.80368523923394
2026-06-05,Friday,9,Cafeteria,1,15,4.134198770061625,25,0,1,59.19470654810663
2026-04-16,Thursday,14,Library Counter,1,33,4.241722851366833,20,0,1,137.90608432763477
2026-03-10,Tuesday,10,Admin Office,2,9,3.2175475147001467,9,0,0,15.2602247688922
2026-04-05,Sunday,17,Cafeteria,3,45,6.112481938936103,26,1,0,90.86250352115752
2026-04-25,Saturday,10,Student Service Center,4,56,6.979119615843484,55,0,0,96.63410383111973
2026-03-08,Sunday,13,Cafeteria,4,106,7.491429762165417,64,1,0,203.25838521827768
2026-03-25,Wednesday,13,Library Counter,3,63,5.882637414117079,37,0,0,122.32352295031781
2026-06-17,Wednesday,13,Fee Counter,1,58,4.276118300040316,43,0,0,249.81716436789134
2026-03-06,Friday,10,Admin Office,1,12,3.9635079254714416,10,0,0,47.98756620106699
2026-05-05,Tuesday,14,Admin Office,3,97,7.554227094240592,78,0,0,247.15368829736747
2026-04-04,Saturday,15,Fee Counter,1,80,5.4401648992591385,71,0,0,432.5748052525492
2026-04-15,Wednesday,13,Fee Counter,2,65,5.085007342791328,49,0,0,165.31341966158945
2026-06-13,Saturday,8,Cafeteria,1,97,6.062840950214396,77,1,0,588.6656072022619
2026-01-09,Friday,9,Student Service Center,1,63,2.018132242992422,59,0,0,128.61835521549824
2026-03-06,Friday,12,Library Counter,3,47,5.790763305328639,25,0,0,89.85775732033146
2026-01-20,Tuesday,12,Library Counter,3,74,2.4854837767119866,56,0,0,62.31196217120382
2026-06-01,Monday,12,Cafeteria,1,60,5.242712768369926,32,0,0,316.4533086342495
2026-04-25,Saturday,9,Cafeteria,3,66,1.8383074917733302,54,1,1,39.803904796682104
2026-04-24,Friday,8,Student Service Center,5,59,3.5312634797400424,60,0,0,45.71412690776058
2026-04-09,Thursday,11,Library Counter,4,1,5.0861009466820075,6,0,1,1.3974010306300335
2026-02-09,Monday,15,Fee Counter,1,73,1.1126629805505717,78,0,0,83.9531018582921
2026-05-07,Thursday,11,Admin Office,5,15,7.739592993357448,29,0,1,21.833184810507646
2026-04-15,Wednesday,10,Admin Office,5,53,4.027596537401182,58,0,0,41.89119875526678
2026-01-19,Monday,10,Admin Office,4,67,1.314254384669395,71,0,0,22.630346212443673
2026-01-29,Thursday,9,Student Service Center,3,9,6.047832528060001,11,0,0,21.47906938202999
2026-03-20,Friday,15,Admin Office,2,7,7.501964764284013,5,0,0,26.413010616404247
2026-03-03,Tuesday,15,Cafeteria,5,22,4.6870391219471275,22,0,0,20.01101685528084
2026-03-14,Saturday,8,Admin Office,5,33,1.5159502403411436,33,0,0,9.847196280208397
2026-02-08,Sunday,14,Fee Counter,4,65,2.1822483532451824,57,0,1,39.53606381008734
2026-05-08,Friday,16,Student Service Center,3,26,2.491268199478069,29,0,0,24.58423389047995
2026-05-22,Friday,9,Admin Office,2,45,4.033721990774632,46,0,0,92.9435474886557
2026-04-24,Friday,15,Admin Office,4,41,7.084696610406334,24,1,0,77.37201617407011
2026-02-10,Tuesday,12,Admin Office,3,94,7.929607470452515,55,1,0,252.97917600512136
2026-06-29,Monday,9,Cafeteria,2,54,2.970907127214694,49,0,0,79.25712943006425
2026-03-14,Saturday,13,Student Service Center,2,108,2.1949429907905746,75,1,0,117.53421324292422
2026-03-05,Thursday,8,Student Service Center,4,73,1.056633101342797,49,1,0,23.759837863704675
2026-03-15,Sunday,11,Student Service Center,2,50,5.47968211844661,40,1,0,140.69190256597753
2026-06-08,Monday,11,Admin Office,4,48,2.153363258927805,51,0,0,30.61062618316237
2026-01-29,Thursday,9,Cafeteria,4,10,1.589339802816923,9,0,0,4.987705994618684
2026-06-14,Sunday,15,Fee Counter,1,31,7.509708512384268,24,0,0,235.95308089966696
2026-06-08,Monday,16,Student Service Center,5,60,5.2354613946306845,60,0,0,64.69129726021808
2026-05-24,Sunday,9,Cafeteria,1,33,5.4235995238844,33,0,0,176.52717618596827
2026-06-29,Monday,14,Admin Office,1,29,5.107976646737606,7,0,0,152.970831125677
2026-01-28,Wednesday,14,Library Counter,2,32,1.1949943197824626,15,0,0,16.500002967993918
2026-04-02,Thursday,16,Fee Counter,4,63,3.5242133950554586,57,0,0,54.72016038492838
2026-03-12,Thursday,16,Admin Office,2,78,6.631281267236356,78,0,0,260.5705837793564
2026-04-07,Tuesday,14,Student Service Center,1,26,6.365308694995242,9,0,0,163.50029818827826
2026-06-06,Saturday,17,Fee Counter,4,44,1.258728988346512,35,0,0,12.961199322167431
2026-05-03,Sunday,15,Cafeteria,2,57,5.962727254084846,47,1,0,172.97177665680206
2026-06-12,Friday,10,Fee Counter,3,57,5.737341643425755,53,0,0,110.42358959850401
2026-05-08,Friday,11,Cafeteria,3,48,2.267515921001142,50,0,0,35.928574875388
2026-05-04,Monday,14,Fee Counter,5,94,3.3523232880982152,69,0,0,64.98492453135496
2026-04-28,Tuesday,14,Admin Office,5,91,4.84161208620757,49,1,0,92.64548458219525
2026-06-23,Tuesday,14,Fee Counter,2,64,1.0281676324310727,44,0,0,37.40413686982702
2026-02-08,Sunday,12,Library Counter,2,79,7.033803259273857,54,0,0,278.47656143044
2026-02-22,Sunday,17,Fee Counter,1,35,2.9273261039319927,37,0,0,107.04140389182304
2026-06-29,Monday,10,Student Service Center,3,93,4.0807468070700095,73,1,0,124.5298056271935
2026-04-15,Wednesday,13,Cafeteria,2,44,6.5529246923385,19,0,0,145.44892637063404
2026-03-03,Tuesday,17,Cafeteria,1,20,5.858006980170343,11,0,0,118.83405392171338
2026-05-10,Sunday,17,Student Service Center,2,23,1.8124739305924025,9,1,0,25.749208828310213
2026-01-01,Thursday,16,Admin Office,3,22,3.9316209015539045,8,1,0,26.599161671931192
2026-06-14,Sunday,17,Admin Office,2,83,7.649596518167865,78,0,0,319.00662078637595
2026-05-31,Sunday,15,Library Counter,4,26,5.584293967285158,23,0,0,35.21722521312939
2026-06-24,Wednesday,8,Library Counter,1,26,4.2532831463535015,27,0,0,112.8652319421955
2026-06-12,Friday,8,Admin Office,3,31,7.845431154150042,28,0,0,85.9191272283021
2026-04-07,Tuesday,15,Admin Office,1,14,7.246950207612584,19,0,0,104.2066976658891
2026-02-27,Friday,11,Admin Office,2,62,6.813058414531083,56,0,0,214.32377420479702
2026-04-29,Wednesday,10,Fee Counter,1,30,4.530673725729711,38,0,1,138.94702734356426
2026-03-23,Monday,17,Admin Office,1,10,1.9648845311181535,9,0,0,19.367981291378193
2026-06-04,Thursday,15,Cafeteria,5,83,4.923568332748321,76,0,0,84.86284564484716
2026-03-01,Sunday,11,Cafeteria,3,41,5.37201658907846,40,0,0,74.06469735742964
2026-01-28,Wednesday,12,Student Service Center,1,82,6.1681172942158575,42,1,0,507.03034557786896
2026-02-09,Monday,12,Admin Office,1,80,3.403647221814479,63,0,0,273.26221135359685
2026-02-03,Tuesday,15,Admin Office,3,51,5.875472557488034,32,1,0,100.56677520872958
2026-03-01,Sunday,15,Admin Office,4,44,2.1486272108785807,43,0,0,26.375346404926297
2026-06-05,Friday,12,Cafeteria,2,31,1.7130918696691595,5,0,0,29.51157014978267
2026-03-29,Sunday,17,Student Service Center,2,32,2.221457005344543,33,0,0,33.05041809718537
2026-01-05,Monday,11,Student Service Center,3,30,7.988878828650468,22,0,0,79.66773047207177
2026-06-29,Monday,9,Library Counter,5,69,3.520273917679073,72,0,0,52.228092158525
2026-01-26,Monday,14,Library Counter,4,81,5.607908198016304,68,0,1,115.93371128800854
2026-05-02,Saturday,9,Admin Office,3,13,3.190432852852193,14,0,0,14.023502052309697
2026-05-01,Friday,9,Student Service Center,3,60,1.3955655574341612,65,0,0,32.49883213879877
2026-03-11,Wednesday,14,Student Service Center,2,45,7.054080778509839,30,0,0,159.58186707036558
2026-02-14,Saturday,17,Admin Office,4,33,3.4742871929939674,28,0,0,28.404258730957864
2026-06-02,Tuesday,9,Admin Office,5,50,4.196513165847387,29,1,0,46.65580546909481
2026-05-17,Sunday,17,Cafeteria,1,73,3.2110118056036763,70,0,0,237.97665400376337
2026-06-21,Sunday,15,Library Counter,2,23,2.076052924303875,17,0,0,24.295509085445172
2026-02-21,Saturday,13,Library Counter,3,84,2.757414027625694,57,0,0,78.21986692524634
2026-03-02,Monday,10,Library Counter,4,29,4.041523674200368,22,0,0,29.727389204372187
2026-03-13,Friday,17,Library Counter,4,71,5.961461027429578,74,0,0,102.94927596158183
2026-01-07,Wednesday,13,Library Counter,2,113,5.211851072679028,69,1,0,298.3898150778024
2026-02-01,Sunday,11,Cafeteria,1,54,4.117011110427054,48,0,0,221.58117041707098
2026-01-05,Monday,13,Library Counter,4,97,7.302117760288919,72,0,0,174.69157370008497
2026-02-04,Wednesday,11,Cafeteria,5,84,7.834165553569296,77,0,0,134.8851388512275
2026-01-01,Thursday,10,Student Service Center,4,59,1.4358184639400835,63,0,0,22.7930247834734
2026-05-22,Friday,13,Library Counter,1,72,3.266122201398186,40,1,0,235.70788318090035
2026-04-04,Saturday,16,Student Service Center,3,16,4.966844171088797,16,0,0,29.308287919242208
2026-05-24,Sunday,8,Student Service Center,3,22,7.131313485125825,20,0,0,56.75421310173183
2026-03-20,Friday,11,Library Counter,1,67,4.33219549504849,58,0,0,292.6665309239696
2026-04-09,Thursday,11,Admin Office,4,37,1.0522411332308192,44,0,1,14.453789611268942
2026-03-16,Monday,11,Library Counter,2,27,7.582300073835276,27,0,0,101.31914129849856
2026-06-22,Monday,8,Cafeteria,1,66,6.626795521237381,52,1,0,436.0817191424921
2026-04-01,Wednesday,13,Fee Counter,2,74,1.7123321092786934,51,0,0,60.75321601135184
2026-05-21,Thursday,10,Cafeteria,5,51,5.382406996098059,49,0,0,58.37841617003447
2026-01-28,Wednesday,14,Cafeteria,2,23,1.5332443798958035,6,0,0,18.6741731649822
2026-02-20,Friday,10,Fee Counter,3,48,6.4801552133213365,39,0,0,102.46008290989056
2026-01-05,Monday,14,Library Counter,3,94,2.290332251051791,77,0,0,74.39386318789587
2026-01-04,Sunday,13,Fee Counter,3,60,6.260024133804204,31,0,0,125.86992490719028
2026-06-23,Tuesday,17,Library Counter,3,54,6.6517172141311995,58,0,0,118.11624543158828
2026-01-25,Sunday,13,Student Service Center,4,92,1.6193552305399461,66,0,0,41.00684720580345
2026-01-14,Wednesday,12,Admin Office,5,49,3.207233665831125,26,0,0,35.63991878973488
2026-04-11,Saturday,17,Cafeteria,3,63,5.603990489496144,54,0,0,120.4432649488808
2026-05-18,Monday,16,Student Service Center,3,38,2.5361106522166965,29,0,0,34.34940789091112
2026-03-14,Saturday,10,Student Service Center,2,86,6.457934979697999,77,0,0,281.6189111869082
2026-01-03,Saturday,12,Library Counter,2,65,2.8948297600064965,33,1,0,97.6488705305533
2026-04-02,Thursday,13,Library Counter,4,50,6.027011661315873,25,0,0,79.55503872481162
2026-06-21,Sunday,8,Library Counter,5,28,2.861081247334397,26,0,0,16.395760600848767
2026-05-20,Wednesday,9,Library Counter,4,8,4.23952438914417,5,0,0,8.011770337618342
2026-06-26,Friday,13,Admin Office,1,92,6.613974008757754,56,1,0,612.4223807385034
2026-01-14,Wednesday,17,Admin Office,3,5,7.177347593182526,13,0,1,10.347273946385943
2026-03-30,Monday,9,Fee Counter,5,26,5.478434268306188,16,1,0,33.3088215813957
2026-05-02,Saturday,10,Student Service Center,4,56,5.933529521944118,53,0,0,84.34084506687795
2026-05-24,Sunday,15,Student Service Center,2,25,3.70360940188192,26,0,0,47.099076680769386
2026-04-29,Wednesday,14,Fee Counter,3,94,5.17961627410921,62,1,0,164.27849162462445
2026-03-07,Saturday,14,Library Counter,1,31,7.798645046296194,17,0,1,240.59556053762384
2026-01-14,Wednesday,15,Student Service Center,5,70,4.537044209332518,69,0,0,61.903934989586354
2026-02-08,Sunday,15,Library Counter,5,33,2.1032271625870473,19,1,0,16.318677409402547
2026-06-23,Tuesday,14,Student Service Center,2,74,3.545677024120872,43,1,0,128.2166847617216
2026-05-14,Thursday,11,Student Service Center,4,85,1.4796456029087302,73,1,0,33.178571562773485
2026-06-23,Tuesday,9,Cafeteria,5,57,7.690811544155599,56,0,0,88.95102294264564
2026-03-13,Friday,17,Cafeteria,2,6,7.680936649543237,8,0,0,22.43189889706143
2026-05-10,Sunday,8,Fee Counter,4,36,2.987251987218108,36,0,0,24.701837113983263
2026-04-29,Wednesday,15,Cafeteria,2,80,7.6555473444861635,78,0,0,306.45324140628674
2026-03-15,Sunday,10,Student Service Center,5,55,6.370813368498597,50,0,0,68.13079288852241
2026-02-14,Saturday,11,Admin Office,5,33,2.1200737825404667,37,0,1,15.15647433679311
2026-01-03,Saturday,13,Admin Office,5,46,7.195405395598415,29,0,1,69.32631625086023
2026-04-10,Friday,12,Admin Office,3,74,1.6101778737107715,56,0,1,39.89317796583448
2026-01-24,Saturday,12,Cafeteria,5,40,4.829130152826155,24,0,0,38.19852288318946
2026-03-27,Friday,11,Library Counter,2,41,3.9800926572878645,42,0,1,80.8995452666512
2026-03-24,Tuesday,12,Admin Office,5,55,2.308995488715849,28,0,0,23.166717337290073
2026-01-22,Thursday,11,Student Service Center,1,93,2.6291737886330484,77,1,0,247.67821020982527
2026-06-11,Thursday,16,Student Service Center,5,61,7.699438425384643,64,0,0,95.74242369644628
2026-04-11,Saturday,14,Cafeteria,4,16,4.759278901086241,5,0,1,17.740322332460018
2026-05-08,Friday,16,Cafeteria,5,58,3.9159829660036256,57,0,0,42.55385951148226
2026-03-21,Saturday,8,Student Service Center,4,65,5.239219073605008,68,0,1,88.76285598535041
2026-01-16,Friday,10,Student Service Center,1,54,6.751082922268705,56,0,0,367.4228672774323
2026-01-05,Monday,14,Student Service Center,2,64,7.104334949794341,35,0,0,230.5253182255346
2026-06-19,Friday,8,Library Counter,5,59,4.117205794153154,74,0,1,51.874702143910255
2026-05-29,Friday,11,Fee Counter,5,34,6.273297765745642,37,0,0,44.50059636447267
2026-06-25,Thursday,16,Library Counter,3,17,6.2511675689299615,13,0,0,37.467036631641925
2026-04-23,Thursday,8,Library Counter,2,47,4.911945066397492,48,0,0,118.75018467869133
2026-03-20,Friday,14,Admin Office,4,40,3.4565036204807287,25,0,0,37.94097676020835
2026-03-04,Wednesday,11,Fee Counter,4,27,6.470976486837794,25,0,0,44.47963568684284
2026-06-29,Monday,11,Library Counter,5,3,7.803720200834401,5,0,1,5.004752190260108
2026-06-13,Saturday,10,Admin Office,1,30,3.0855015865685096,35,0,0,92.72994997727332
2026-03-21,Saturday,11,Admin Office,4,6,6.069729331098679,11,0,0,11.999277673446997
2026-05-12,Tuesday,9,Cafeteria,2,72,1.8268409319252301,59,1,0,70.69230670055414
2026-04-28,Tuesday,16,Admin Office,2,63,3.7154797276145723,65,0,1,118.60255504845883
2026-02-05,Thursday,12,Student Service Center,1,69,6.504577185410861,34,1,0,452.2554505094194
2026-01-06,Tuesday,12,Cafeteria,4,78,3.07144650490043,55,0,0,61.88384962456327
2026-02-26,Thursday,17,Student Service Center,2,56,3.5970224364997696,51,1,1,105.44615695960057
2026-03-02,Monday,11,Admin Office,3,14,5.5478686230908165,23,0,1,26.857469756463303
2026-01-03,Saturday,14,Cafeteria,4,69,1.5685866101984822,51,0,0,29.76823316829805
2026-04-15,Wednesday,15,Student Service Center,2,8,4.239229934873979,7,0,0,17.17055066124892
2026-03-12,Thursday,8,Library Counter,2,25,3.4914660173304597,20,0,0,44.370220814647666
2026-05-07,Thursday,17,Student Service Center,2,50,6.555985752608693,50,0,0,161.90336542619667
2026-05-28,Thursday,10,Cafeteria,3,30,3.2992143458198373,29,0,0,34.0530513688803
2026-01-16,Friday,14,Library Counter,2,85,7.29256597117973,61,1,1,314.82118058467717
2026-03-29,Sunday,17,Cafeteria,4,72,4.780337690729338,77,0,0,84.54063614137056
2026-02-10,Tuesday,14,Cafeteria,2,87,7.843195899537346,67,0,0,339.19381054430545
2026-06-29,Monday,17,Admin Office,4,51,1.0624596355709515,32,1,0,12.038885324729566
2026-04-16,Thursday,14,Cafeteria,3,34,4.581061818180767,8,0,0,54.766789010791875
2026-02-23,Monday,10,Fee Counter,4,64,1.9305011565473658,59,0,0,31.45798268931562
2026-01-17,Saturday,16,Library Counter,3,49,5.971833573802155,40,0,0,98.95860803690427
2026-01-28,Wednesday,11,Admin Office,5,34,4.696626451012943,39,0,0,32.089415785828315
2026-01-13,Tuesday,13,Admin Office,1,110,1.1729975627200149,71,1,0,127.0128676449947
2026-02-25,Wednesday,16,Admin Office,5,28,2.431744245224687,32,0,0,10.79694464566402
2026-05-27,Wednesday,15,Fee Counter,1,39,2.732267696715833,40,0,0,108.42860512307098
2026-06-18,Thursday,17,Library Counter,3,68,2.217657977042731,70,0,0,53.75878954315113
2026-05-26,Tuesday,14,Student Service Center,2,105,6.325308091177982,69,1,0,335.0761701410003
2026-04-18,Saturday,14,Library Counter,4,61,5.666945954491844,40,0,0,85.9654063698877
2026-02-07,Saturday,12,Admin Office,1,41,6.888441988507238,18,0,0,280.572163163923
2026-06-21,Sunday,14,Cafeteria,2,85,1.0336590208107692,62,0,0,42.652080228773656
2026-05-09,Saturday,12,Library Counter,2,49,5.617251774781767,44,0,1,136.9296842739808
2026-03-13,Friday,8,Admin Office,5,77,2.0403005388076143,75,0,0,35.61204899564466
2026-06-12,Friday,9,Fee Counter,4,48,1.3326975324785604,31,1,0,16.724164712348152
2026-06-05,Friday,12,Library Counter,4,106,5.747403673846806,77,0,0,150.55020977076904
2026-04-01,Wednesday,8,Fee Counter,5,8,3.1307914578339195,12,0,0,6.914589196051164
2026-02-12,Thursday,15,Admin Office,2,69,6.05980081157336,73,0,0,209.16690314106452
2026-03-23,Monday,13,Fee Counter,2,24,5.092462503394689,6,0,0,59.561124115480425
2026-02-15,Sunday,11,Library Counter,5,31,5.620229591477922,30,0,0,36.97806730498467
2026-03-02,Monday,11,Fee Counter,4,40,1.923402685220096,41,0,0,17.32082249810714
2026-03-29,Sunday,9,Fee Counter,1,17,4.827134056597012,18,0,0,83.32679562516833
2026-02-12,Thursday,8,Library Counter,4,33,6.52446514126415,37,0,0,51.85318535519568
2026-01-07,Wednesday,10,Library Counter,4,5,5.870653400374059,13,0,1,4.58066360796041
2026-06-22,Monday,16,Student Service Center,3,92,3.2105782383146946,68,1,0,99.64369589347658
2026-06-22,Monday,13,Student Service Center,2,36,2.731619063457016,7,0,0,51.009997240389424
2026-05-20,Wednesday,11,Admin Office,4,65,1.3793876021758722,57,0,0,23.55866436021831
2026-02-07,Saturday,8,Fee Counter,5,27,6.080789065354253,27,0,0,30.405438689377807
2026-04-24,Friday,10,Cafeteria,2,70,2.315513348966978,63,0,0,78.90018656048572
2026-06-23,Tuesday,12,Library Counter,1,56,7.720530572660305,31,0,0,431.1135012079114
2026-03-19,Thursday,17,Student Service Center,4,38,6.72871585749365,33,0,0,67.49932393239247
2026-06-09,Tuesday,13,Fee Counter,1,50,2.6920024637668893,35,0,0,134.81247386382935
2026-06-13,Saturday,11,Cafeteria,3,75,7.877854076000073,59,1,0,194.37691187702248
2026-02-26,Thursday,15,Admin Office,3,11,7.3876685976965835,12,0,0,28.397329793752
2026-05-01,Friday,11,Cafeteria,4,69,7.010985879152539,67,0,0,119.61606751726804
2026-02-20,Friday,10,Cafeteria,4,28,4.49253027456629,27,0,0,30.089368007713947
2026-05-31,Sunday,15,Student Service Center,1,79,1.3609198804309592,76,0,0,109.79427910249372
2026-06-14,Sunday,9,Student Service Center,5,63,2.7409922238176136,60,0,0,39.10545304227727
2026-03-29,Sunday,15,Student Service Center,1,42,6.870618279744049,31,1,0,289.2877678532315
2026-03-12,Thursday,17,Cafeteria,5,24,7.313361906744477,25,0,0,33.92332407101293
2026-02-10,Tuesday,13,Cafeteria,5,20,1.8388260714291733,5,0,0,8.436606546341894
2026-06-05,Friday,12,Student Service Center,1,37,7.288092624497358,10,0,0,271.89966695108717
2026-02-04,Wednesday,16,Library Counter,5,64,4.96573075916803,57,0,0,62.080431978445205
2026-02-16,Monday,8,Library Counter,4,25,5.333668373212968,29,0,1,34.87547960251786
2026-02-02,Monday,14,Admin Office,1,86,7.456971784282311,79,0,1,642.4469847107696
2026-03-21,Saturday,17,Admin Office,2,55,7.224698983207079,52,0,0,198.3678061319044
2026-04-20,Monday,10,Admin Office,3,51,3.8942855357922803,44,0,0,70.86898615966095
2026-05-10,Sunday,9,Admin Office,1,72,6.065000274557736,68,0,0,439.2343832954795
2026-01-21,Wednesday,14,Fee Counter,4,78,1.4786773313828365,37,1,0,33.53835193642616
2026-02-07,Saturday,16,Admin Office,1,70,5.044544428673863,68,0,0,350.97058457861897
2026-03-19,Thursday,16,Cafeteria,4,29,6.385599481381565,32,0,0,43.9657325148956
2026-02-28,Saturday,8,Student Service Center,4,79,5.0151045346874765,71,0,0,103.2019855748063
2026-04-02,Thursday,8,Library Counter,2,48,3.947659989059937,50,0,0,92.44746976483418
2026-04-08,Wednesday,10,Student Service Center,4,28,6.571568917796127,33,0,0,50.10828239753114
2026-02-14,Saturday,17,Cafeteria,2,41,4.4651326424324775,36,0,0,91.54897322667733
2026-06-07,Sunday,17,Fee Counter,5,64,4.790352499800929,62,0,0,64.5672075423674
2026-06-26,Friday,15,Student Service Center,1,51,1.2596165478285624,47,0,0,66.21963107760345
2026-03-27,Friday,16,Student Service Center,5,72,2.064224312342265,72,0,0,28.092497868945106
2026-04-27,Monday,15,Admin Office,5,69,5.491570512648037,48,1,0,77.41559656531778
2026-05-29,Friday,16,Cafeteria,2,12,1.9269816709632943,7,0,0,16.257665410167228
2026-03-07,Saturday,17,Student Service Center,5,70,5.406536616071978,64,0,0,73.29500654988496
2026-04-08,Wednesday,17,Admin Office,2,61,3.291985539423525,60,0,0,102.88115500663363
2026-01-28,Wednesday,8,Student Service Center,5,47,2.248952758546113,39,0,0,20.11828833649575
2026-03-09,Monday,13,Cafeteria,5,57,2.0219205464372543,31,0,0,20.914969994301636
2026-03-21,Saturday,17,Library Counter,1,22,7.505096363727368,19,0,0,167.17854431906713
2026-03-13,Friday,8,Fee Counter,2,13,1.5674026849167215,6,0,0,10.888925136303627
2026-01-07,Wednesday,11,Library Counter,3,64,7.2329184582715795,68,0,0,152.20664322835145
2026-03-20,Friday,14,Student Service Center,4,36,5.968626488321123,12,0,0,57.8579999471639
2026-04-13,Monday,10,Admin Office,2,31,5.318726465112131,26,0,0,79.58960561378446
2026-05-13,Wednesday,8,Cafeteria,2,21,6.274845429614246,26,0,0,67.68246824566772
2026-02-24,Tuesday,12,Cafeteria,3,52,3.6565854673581106,8,1,0,60.58919008258229
2026-04-25,Saturday,15,Library Counter,2,72,2.5603131132685055,71,0,0,90.78552445904569
2026-01-25,Sunday,15,Student Service Center,3,8,3.7242836957919008,12,0,0,7.321992519611868
2026-04-22,Wednesday,16,Admin Office,1,21,6.484498024877364,17,0,0,133.6639703567232
2026-05-17,Sunday,8,Student Service Center,5,73,7.841758145769859,68,0,0,117.40571256044362
2026-01-19,Monday,10,Cafeteria,1,66,3.6639459937019434,53,1,1,240.52949686955765
2026-03-27,Friday,16,Library Counter,5,39,1.8268519340628964,21,1,0,11.96745055876875
2026-01-15,Thursday,15,Admin Office,4,56,2.9997207258972107,49,0,0,46.36619986106571
2026-06-02,Tuesday,12,Admin Office,2,42,7.942245106951143,27,0,0,165.13989979585173
2026-06-25,Thursday,8,Library Counter,1,16,2.5039432358755342,11,0,0,45.019120328373916
2026-01-14,Wednesday,11,Fee Counter,1,24,7.388345901593247,18,0,0,180.94654818774558
2026-05-20,Wednesday,14,Admin Office,3,35,6.028139348744815,19,0,0,69.4457471396763
2026-06-16,Tuesday,16,Student Service Center,2,12,1.0668569682639268,8,0,0,6.196014926138575
2026-06-27,Saturday,10,Student Service Center,5,69,1.3714890593231306,58,1,0,16.563112900719872
2026-04-27,Monday,9,Admin Office,4,27,3.2680530245992783,40,0,1,25.37874160532192
2026-02-26,Thursday,13,Fee Counter,5,82,5.319869100782731,49,1,0,91.76502910892688
2026-03-19,Thursday,9,Cafeteria,3,26,6.170558330111405,13,1,0,57.821054776886726
2026-03-24,Tuesday,11,Cafeteria,5,65,7.282133461798937,64,0,0,92.9659968320685
2026-01-25,Sunday,11,Library Counter,4,24,1.7118057915966451,15,1,1,7.713864555046546
2026-05-31,Sunday,13,Fee Counter,1,49,2.5239804570502664,29,0,0,126.04471088773347
2026-01-24,Saturday,12,Admin Office,3,102,5.129488081367639,75,0,0,175.9603339128885
2026-04-29,Wednesday,15,Admin Office,5,68,3.528754055683005,60,0,0,50.639791208414714
2026-05-02,Saturday,11,Student Service Center,3,52,3.7554290661575536,56,0,0,63.53989181854105
2026-06-01,Monday,11,Cafeteria,4,46,3.7181875033310345,37,0,0,44.48692205611664
2026-01-05,Monday,16,Student Service Center,5,21,7.301226861090068,13,0,0,28.26476936889517
2026-05-20,Wednesday,14,Cafeteria,5,70,1.6711626261122396,55,0,0,22.661457481846277
2026-01-06,Tuesday,11,Cafeteria,2,19,5.648892350453813,19,0,0,55.124199178999504
2026-04-10,Friday,11,Student Service Center,4,67,7.9987662513780355,58,0,0,137.07592449489155
2026-06-08,Monday,13,Admin Office,4,77,1.9567119685134606,40,1,0,37.08642973385569
2026-04-08,Wednesday,17,Student Service Center,2,22,2.979093726054949,19,0,0,33.32589886231977
2026-04-11,Saturday,10,Student Service Center,1,73,7.076166047167888,72,0,0,518.2402463052636
2026-03-20,Friday,10,Student Service Center,4,81,7.29139463959877,78,0,0,151.85712684681425
2026-06-22,Monday,15,Fee Counter,1,64,1.2505368733746636,61,0,0,84.72604321792552
2026-01-18,Sunday,12,Fee Counter,4,105,4.262052841424982,67,1,0,116.87031236191073
2026-06-20,Saturday,15,Admin Office,3,43,7.754907765360442,43,0,0,112.6803091447087
2026-06-07,Sunday,17,Cafeteria,2,62,5.981868848300325,63,0,0,189.2713958758391
2026-03-23,Monday,13,Cafeteria,4,77,7.531646010750674,46,1,0,149.49275022697
2026-04-10,Friday,15,Library Counter,5,20,2.5626462792373985,15,0,0,11.509840602636551
2026-05-20,Wednesday,17,Admin Office,1,58,6.62349359544005,61,0,0,385.1648243226638
2026-05-01,Friday,17,Student Service Center,2,25,3.420265589074942,28,0,0,46.737706069732546
2026-06-15,Monday,9,Admin Office,3,25,5.406885993580269,30,0,1,43.03169594190204
2026-02-15,Sunday,9,Library Counter,2,23,5.2024810883080415,14,0,0,59.26748720569695
2026-06-12,Friday,10,Library Counter,4,9,7.262949802872993,12,0,0,17.462521438036436
2026-06-03,Wednesday,13,Library Counter,1,78,7.5023025663815,52,0,0,587.6740068194598
2026-06-04,Thursday,11,Admin Office,1,74,1.4966439047527174,55,1,0,111.4805929537319
2026-06-15,Monday,8,Fee Counter,4,34,2.921643438953521,10,1,0,26.325036523430427
2026-05-24,Sunday,14,Library Counter,4,71,7.449013073307015,57,0,1,131.81370005011166
2026-01-07,Wednesday,12,Cafeteria,1,73,4.466658881583902,46,0,0,329.4828875924417
2026-06-15,Monday,11,Admin Office,5,41,4.845076408238064,44,0,0,37.65038646672394
2026-05-26,Tuesday,15,Admin Office,4,97,4.135964801107882,78,1,0,102.25693570886914
2026-01-29,Thursday,15,Fee Counter,4,34,5.887671077709449,30,0,0,48.38496412747836
2026-05-01,Friday,17,Fee Counter,2,18,5.419047265641484,16,0,0,47.815110313506835
2026-05-10,Sunday,10,Library Counter,5,90,7.422838691421346,72,1,0,137.6725589843231
2026-02-02,Monday,10,Admin Office,1,21,3.1904468588703203,24,0,0,67.45032235468909
2026-01-01,Thursday,14,Student Service Center,2,41,1.6123683214399938,26,0,1,33.976593861436186
2026-05-11,Monday,10,Library Counter,3,33,7.545483954980902,35,0,0,84.89725337806925
2026-01-08,Thursday,16,Admin Office,1,58,4.9690142001721185,59,0,0,289.22441423406053
2026-04-02,Thursday,10,Fee Counter,4,67,7.79562091892979,68,0,0,131.1665609370704
2026-04-30,Thursday,15,Cafeteria,4,13,7.051681316644729,15,0,0,27.06823659347108
2026-01-16,Friday,14,Fee Counter,1,56,1.7634190361714819,30,0,0,96.5412276936251
2026-04-10,Friday,10,Student Service Center,2,20,1.9942086808458799,21,0,0,20.96009526774991
2026-04-02,Thursday,15,Cafeteria,2,32,1.7518717198707705,23,0,0,28.217152974615413
2026-06-06,Saturday,8,Library Counter,3,53,5.3117108702343785,54,0,0,94.66183733241816
2026-01-19,Monday,17,Admin Office,1,68,3.614937606314768,67,0,0,243.47680356818134
2026-03-26,Thursday,17,Student Service Center,3,54,7.386821865722869,55,0,0,131.7535758477153
2026-04-22,Wednesday,16,Library Counter,1,73,2.8155475701809927,75,0,1,206.1999944150561
2026-04-15,Wednesday,12,Library Counter,1,27,2.454749360833567,10,0,0,66.64723652745461
2026-01-10,Saturday,17,Library Counter,1,68,2.9437733623466564,72,0,0,204.70481973161557
2026-06-27,Saturday,17,Cafeteria,3,66,2.8915634083281994,63,0,0,67.29072710703534
2026-03-06,Friday,8,Library Counter,2,49,7.368614036124288,47,0,0,185.14923521329607
2026-06-11,Thursday,15,Cafeteria,2,47,7.434215257715981,45,0,0,173.11172846078813
2026-01-07,Wednesday,12,Admin Office,5,40,6.0871566825822025,21,0,0,47.56730426783528
2026-03-23,Monday,13,Fee Counter,3,92,3.809733641115169,71,0,0,116.13232037287099
2026-04-08,Wednesday,12,Student Service Center,5,61,4.394533846902042,36,0,0,55.8500213516048
2026-02-04,Wednesday,13,Library Counter,2,35,6.741454085824535,8,0,0,122.9578738762828
2026-01-11,Sunday,12,Admin Office,3,63,7.550099457350887,41,0,0,161.16882929972593
2026-06-11,Thursday,9,Library Counter,4,37,3.835733557909689,40,0,0,37.657082143364164
2026-01-30,Friday,13,Fee Counter,3,96,3.9790768149999107,72,0,0,126.94929943194911
2026-06-29,Monday,9,Cafeteria,2,69,2.261120931144422,73,0,0,80.48203490679641
2026-04-16,Thursday,12,Admin Office,5,88,3.6878745453799318,74,0,1,69.4252753974734
2026-06-10,Wednesday,10,Cafeteria,5,24,7.400069443968389,27,0,0,33.78024243933267
2026-06-14,Sunday,13,Fee Counter,2,26,4.285606750717664,6,0,0,60.26976948727978
2026-04-29,Wednesday,13,Student Service Center,5,56,3.723278074481595,37,0,0,40.42964341252475
2026-04-16,Thursday,17,Admin Office,5,68,3.2274765696936605,45,1,0,45.93793311691393
2026-06-09,Tuesday,10,Fee Counter,5,78,2.542631902146225,70,0,0,42.90267888991151
2026-03-02,Monday,8,Admin Office,5,99,4.362232140401266,79,1,0,89.69681472755082
2026-01-11,Sunday,10,Admin Office,4,39,3.648405832577052,42,0,0,35.2247571139897
2026-04-23,Thursday,12,Fee Counter,3,45,2.549313174695838,32,0,1,39.17398701652296
2026-01-04,Sunday,12,Library Counter,1,73,2.964627328864724,54,0,0,216.90389453693993
2026-03-08,Sunday,11,Student Service Center,1,62,5.305243428280665,58,0,0,328.023067624504
2026-03-20,Friday,11,Library Counter,1,41,3.334583152711674,28,1,0,138.71919819531607
2026-05-29,Friday,8,Library Counter,3,26,6.257085892496569,27,0,0,54.26038479934743
2026-03-12,Thursday,12,Student Service Center,1,96,1.2263971592237926,71,0,0,114.96729352351909
2026-04-09,Thursday,9,Fee Counter,5,56,3.340460088082015,57,0,0,36.34309405562162
2026-03-28,Saturday,9,Library Counter,1,70,1.6023189562194182,51,1,0,110.57953226177024
2026-03-24,Tuesday,16,Library Counter,5,61,7.517652953315691,60,0,0,94.29134459748425
2026-03-16,Monday,8,Cafeteria,3,51,2.677646603810579,28,1,0,43.04077157498499
2026-02-25,Wednesday,14,Fee Counter,4,87,7.867593139872797,66,0,0,174.69612764126163
2026-06-13,Saturday,8,Library Counter,3,52,7.230896794311279,59,0,1,123.363355890159
2026-05-01,Friday,9,Library Counter,3,86,3.378865772750583,68,1,0,93.95479398063507
2026-06-19,Friday,12,Fee Counter,5,28,7.568687374974104,9,0,0,44.21230092949121
2026-01-13,Tuesday,17,Admin Office,4,79,4.0664647271166645,77,0,0,80.48237827538614
2026-05-08,Friday,13,Student Service Center,4,111,5.516703396567148,71,1,0,150.5154467382316
2026-03-15,Sunday,10,Cafeteria,3,33,7.21898984004692,38,0,0,82.56712779818504
2026-03-30,Monday,11,Library Counter,5,49,4.718351117248856,46,0,0,50.97149737036151
2026-01-12,Monday,11,Cafeteria,4,86,2.7541009869279502,78,0,0,62.058216083805874
2026-04-18,Saturday,8,Cafeteria,1,35,3.0547254824279557,17,1,0,109.31303223044364
2026-06-17,Wednesday,14,Library Counter,2,48,6.493358621898313,21,0,0,157.33755416046097
2026-01-01,Thursday,17,Fee Counter,5,67,6.537272442631109,55,1,0,88.15757967253153
2026-04-04,Saturday,14,Admin Office,4,84,4.755955393952271,58,0,0,101.15305225112976
2026-03-02,Monday,15,Admin Office,1,79,5.794345772726302,65,1,0,460.4859656408835
2026-02-28,Saturday,17,Student Service Center,1,93,1.0179394985226984,70,1,0,93.45536726922516
2026-06-17,Wednesday,13,Fee Counter,2,86,6.082839837384485,58,0,0,265.3130512899297
2026-04-05,Sunday,11,Cafeteria,1,53,4.630131988215265,46,0,0,246.2095491311611
2026-06-04,Thursday,15,Library Counter,1,35,4.943507451693822,28,0,0,175.44463215103931
2026-06-13,Saturday,10,Cafeteria,5,9,1.0663933906585126,9,0,0,2.6772533858342262
2026-01-05,Monday,10,Library Counter,4,71,7.944579468706965,76,0,0,138.18642954003093
2026-04-27,Monday,17,Cafeteria,4,56,5.764115838914136,51,0,0,83.52198118339271
2026-01-03,Saturday,15,Library Counter,1,14,7.771174620664299,10,0,0,107.14468992060901
2026-05-31,Sunday,11,Fee Counter,5,63,6.398150577273945,54,0,0,84.67708958737826
2026-06-26,Friday,8,Fee Counter,1,18,3.181268628188188,21,0,0,59.32649358183116
2026-02-23,Monday,13,Student Service Center,2,70,4.935481813091258,31,1,0,177.32644158299127
2026-01-19,Monday,10,Library Counter,3,49,4.430618947957819,31,1,0,76.9725706061728
2026-02-16,Monday,9,Admin Office,2,69,4.387730098088874,69,0,0,154.13353518095147
2026-01-14,Wednesday,8,Fee Counter,2,75,3.215484232111032,78,0,0,123.84932274384974
2026-04-25,Saturday,14,Student Service Center,5,68,2.28029408565241,53,0,0,30.032586767257875
2026-06-11,Thursday,16,Cafeteria,5,30,6.295288920898431,33,0,0,37.15313756318518
2026-01-01,Thursday,15,Library Counter,5,80,6.327067412569717,75,0,0,101.91370861125807
2026-04-16,Thursday,10,Student Service Center,1,71,3.3384304322197775,63,0,0,237.71609224634523
2026-06-19,Friday,10,Library Counter,2,16,4.473210397430551,20,0,0,33.35385819500477
2026-06-28,Sunday,11,Library Counter,3,36,4.543447513351762,33,0,0,52.736944644598495
2026-04-10,Friday,17,Student Service Center,4,26,3.6688299205129025,23,0,0,25.390692086075294
2026-05-16,Saturday,15,Student Service Center,3,33,3.8038805512366016,12,1,0,44.85047372411598
2026-03-21,Saturday,10,Fee Counter,4,86,1.2840326952321464,65,1,0,30.13838092105848
2026-03-08,Sunday,9,Admin Office,1,53,1.0344149519503882,45,0,0,52.14941735292696
2026-05-12,Tuesday,11,Fee Counter,2,54,7.485551940539268,57,0,0,199.38037303329747
2026-02-23,Monday,15,Library Counter,4,58,4.756169901940508,51,0,0,70.78666773728159
2026-01-19,Monday,16,Fee Counter,4,72,2.799341119798562,69,0,0,52.363977160082115
2026-03-31,Tuesday,16,Fee Counter,5,23,5.733130288498145,17,0,0,25.460820924313268
2026-04-02,Thursday,8,Admin Office,3,23,6.931872396849318,17,0,0,51.28743246715245
2026-01-17,Saturday,12,Library Counter,2,93,3.9079291843849018,75,0,0,180.71857292443983
2026-06-15,Monday,15,Student Service Center,5,63,1.1875110199225507,58,0,0,12.77006826373953
2026-05-18,Monday,17,Fee Counter,5,40,7.876581363630765,35,0,0,67.68769016298346
2026-04-19,Sunday,9,Cafeteria,2,28,1.8411146549343518,15,1,0,23.429565896711836
2026-04-14,Tuesday,11,Library Counter,4,29,4.304038445872061,33,0,0,34.77469021993037
2026-04-23,Thursday,12,Admin Office,4,104,2.3922615100086295,72,1,0,62.8211144053169
2026-01-03,Saturday,10,Admin Office,2,29,3.515570931518347,31,0,0,53.27137179624987
2026-01-26,Monday,9,Fee Counter,3,68,1.6743405839468926,52,1,0,41.16808770426865
2026-02-10,Tuesday,13,Fee Counter,2,58,2.8598521298441324,39,0,0,87.20241833582004
2026-06-02,Tuesday,8,Cafeteria,3,64,4.260933591672865,68,0,0,89.2299980700909
2026-05-28,Thursday,13,Library Counter,2,86,7.517422446422314,59,0,0,325.83098023494364
2026-04-05,Sunday,16,Admin Office,1,24,1.8204808537124237,16,0,0,42.00745212154775
2026-01-27,Tuesday,15,Cafeteria,5,30,6.750337406699037,28,0,0,40.55561420557987
2026-03-08,Sunday,14,Student Service Center,5,44,3.9659896892918676,12,1,0,34.32334575280939
2026-06-29,Monday,9,Admin Office,3,31,2.7624126383880214,36,0,0,26.357831033466333
2026-03-06,Friday,11,Cafeteria,5,92,6.775674427181909,71,1,0,126.32419771352367
2026-05-16,Saturday,15,Student Service Center,4,30,3.8766668918758733,30,0,0,31.206357793742978
2026-05-18,Monday,10,Library Counter,3,48,2.925635572183958,45,0,0,51.18333429242535
2026-05-11,Monday,11,Library Counter,3,88,5.000601868572589,74,1,0,145.45763765159157
2026-05-27,Wednesday,17,Library Counter,1,74,2.6786595385872474,76,0,0,201.4436435550295
2026-06-21,Sunday,12,Admin Office,1,62,4.712447435027283,35,0,0,295.2640622540687
2026-05-20,Wednesday,14,Admin Office,5,83,2.951367601950396,60,0,0,52.95196655606835
2026-05-18,Monday,15,Admin Office,2,7,4.890628064302315,11,0,0,20.320216491133657
2026-05-15,Friday,9,Fee Counter,4,52,3.0818045581689106,46,0,0,41.42456442927874
2026-03-21,Saturday,16,Admin Office,1,73,5.184620043906115,57,1,0,382.8716319798572
2026-05-29,Friday,13,Student Service Center,2,22,7.247981847050799,7,0,0,78.26275506044884
2026-04-01,Wednesday,17,Cafeteria,1,25,7.0233578735808715,24,0,0,173.2207063088725
2026-05-18,Monday,10,Library Counter,5,49,3.9406662865826467,52,0,0,39.97879753781233
2026-03-09,Monday,14,Cafeteria,3,47,2.088921403161034,31,0,0,34.8712098843604
2026-01-03,Saturday,9,Admin Office,5,52,6.998381529142066,65,0,1,75.08625545734229
2026-02-10,Tuesday,8,Library Counter,1,50,6.079928430615672,37,1,0,304.28078539992265
2026-03-25,Wednesday,10,Fee Counter,2,27,1.52519850279098,24,0,0,19.10531165065019
2026-01-27,Tuesday,16,Fee Counter,1,37,7.695717413110622,29,0,0,282.8501512672288
2026-06-19,Friday,13,Student Service Center,3,68,7.7370953744938795,50,0,0,179.10846782046426
2026-04-02,Thursday,12,Admin Office,1,98,2.679035749839313,70,0,0,263.512734755695
2026-05-16,Saturday,14,Cafeteria,2,98,5.4811185830763325,77,0,0,267.3602710271621
2026-04-24,Friday,17,Fee Counter,3,48,6.686200290065824,51,0,0,105.13654596152155
2026-06-13,Saturday,16,Cafeteria,5,12,5.70910425013593,15,0,0,17.157153254765383
2026-01-30,Friday,13,Library Counter,4,39,5.372182367135483,12,0,0,54.6367352514664
2026-03-21,Saturday,9,Fee Counter,4,68,3.10655411226677,66,0,0,53.944202877900274
2026-05-25,Monday,12,Library Counter,1,77,3.8007282420385247,53,0,0,294.9719811142829
2026-01-01,Thursday,12,Student Service Center,1,47,3.8453911903877254,7,1,0,181.8779871619147
2026-01-25,Sunday,9,Admin Office,1,25,6.686024714570167,25,0,0,167.66473141500583
2026-05-06,Wednesday,16,Student Service Center,1,18,5.360884535958787,29,0,1,97.91890660562069
2026-02-14,Saturday,11,Admin Office,3,23,4.378586342694175,37,0,1,31.921735871965573
2026-01-03,Saturday,15,Fee Counter,5,16,4.665461819102791,9,0,0,12.126130898909791
2026-03-24,Tuesday,15,Fee Counter,5,14,6.252871216930208,10,0,0,18.461217547261587
2026-04-16,Thursday,16,Fee Counter,2,83,1.5792133389284515,69,1,0,68.04385622589568
2026-05-16,Saturday,10,Fee Counter,5,32,6.136431357782316,31,0,0,36.554271572064685
2026-03-29,Sunday,13,Cafeteria,3,87,3.043684908571386,67,0,0,93.00214179242978
2026-01-02,Friday,16,Admin Office,1,11,1.6348827577597236,7,0,0,17.811367616885562
2026-04-17,Friday,15,Fee Counter,4,32,7.208408541605131,10,1,0,62.00907003671566
2026-06-05,Friday,15,Library Counter,5,42,5.827944296648023,35,0,0,53.370155480031215
2026-05-17,Sunday,17,Student Service Center,1,27,6.595356290758937,22,0,0,175.98952005042517
2026-02-23,Monday,16,Admin Office,3,52,4.2815006751390285,50,0,0,76.68085948406582
2026-02-20,Friday,16,Cafeteria,2,55,1.8382475783760148,48,0,0,49.57682926249497
2026-01-14,Wednesday,16,Admin Office,1,36,5.645878914984429,35,0,0,207.16931257993036
2026-02-23,Monday,8,Fee Counter,4,40,7.285765445946461,39,0,0,71.81739380277132
2026-04-24,Friday,12,Cafeteria,4,60,1.330216770760531,41,0,0,18.593346421706556
2026-06-07,Sunday,17,Student Service Center,1,65,6.691387980684114,61,0,0,433.8327909627537
2026-04-08,Wednesday,17,Fee Counter,3,18,4.679691296662787,11,0,0,32.47014754907563
2026-02-22,Sunday,15,Cafeteria,3,57,1.6349202785666312,58,0,1,34.99876151477763
2026-06-09,Tuesday,17,Fee Counter,3,6,3.0135287988994,10,0,0,8.800345669202432
2026-01-07,Wednesday,13,Fee Counter,2,107,1.2577605986857572,73,1,0,68.76425873417426
2026-05-03,Sunday,13,Admin Office,5,77,5.913162933465415,49,0,0,92.00504096691095
2026-04-21,Tuesday,12,Fee Counter,1,78,4.412840456415392,50,0,0,346.1942435629701
2026-06-25,Thursday,17,Fee Counter,2,35,7.701139475633176,30,0,0,132.6131081197704
2026-01-01,Thursday,14,Cafeteria,5,67,5.915308969780842,40,0,0,78.6700248580326
2026-06-04,Thursday,10,Library Counter,5,47,3.012947737464106,38,0,0,33.12989833186897
2026-03-31,Tuesday,16,Fee Counter,4,63,2.3506822045373186,60,0,0,34.420372094393315
2026-02-10,Tuesday,10,Admin Office,5,68,3.0258254871067907,59,0,0,39.65864175710631
2026-01-06,Tuesday,8,Library Counter,2,80,5.704313692596951,71,0,0,233.15025779563044
2026-06-29,Monday,12,Student Service Center,1,66,5.719980878198079,45,0,0,378.814126756341
2026-02-01,Sunday,16,Student Service Center,1,43,7.1248482388586245,42,0,0,309.86423736242733
2026-02-28,Saturday,10,Cafeteria,5,1,5.356787537370534,15,0,1,3.272223027257945
2026-05-22,Friday,8,Fee Counter,2,59,5.062966944295362,54,0,0,149.6368539155137
2026-05-10,Sunday,14,Admin Office,4,69,3.275635880431455,48,0,0,58.87836493398435
2026-03-11,Wednesday,15,Student Service Center,1,75,7.738155350862581,75,0,0,583.1047774767386
2026-04-04,Saturday,9,Student Service Center,5,55,6.296830363518802,31,1,0,70.12118762245268
2026-02-28,Saturday,8,Fee Counter,4,50,7.212467122100653,44,0,0,91.32004013037098
2026-04-20,Monday,11,Fee Counter,1,61,4.156880541231307,63,0,0,253.31477969225753
2026-06-12,Friday,8,Cafeteria,2,56,3.9586089308226238,46,1,1,114.5784773474391
2026-01-18,Sunday,15,Admin Office,1,4,7.050612709567959,6,0,0,32.07863932144969
2026-02-20,Friday,8,Admin Office,1,26,6.85274643978802,16,1,0,177.85916669518298
2026-05-13,Wednesday,11,Library Counter,4,27,2.272703861586443,23,0,0,16.362524858779338
2026-04-08,Wednesday,13,Cafeteria,2,52,3.944799416494366,25,0,0,99.71112568445915
2026-04-13,Monday,17,Student Service Center,2,21,7.209237738856511,7,1,0,80.51828444626081
2026-01-03,Saturday,10,Fee Counter,2,27,6.28179063628421,30,0,1,87.37991044647586
2026-03-03,Tuesday,9,Student Service Center,2,29,5.865198683513394,30,0,0,82.72904565236823
2026-05-01,Friday,15,Library Counter,4,84,5.040895874479152,76,0,0,107.94560440255586
2026-02-12,Thursday,16,Cafeteria,1,69,1.3822957167701002,70,0,0,93.70640862233847
2026-01-10,Saturday,9,Library Counter,5,61,3.849481182019974,55,0,0,49.28457607095221
2026-01-29,Thursday,14,Fee Counter,4,79,4.032561254733448,49,1,0,81.95514661512684
2026-03-28,Saturday,16,Admin Office,2,9,4.983263312927037,8,0,0,22.849329008001902
2026-02-25,Wednesday,15,Student Service Center,1,10,7.199281186086347,14,0,0,72.30604249281932
2026-05-26,Tuesday,14,Library Counter,1,81,4.558389296605888,54,0,0,372.6054470081516
2026-04-09,Thursday,12,Cafeteria,1,84,6.225576530922894,64,0,0,523.3045481643624
2026-01-10,Saturday,9,Cafeteria,3,99,5.286023610724637,77,1,0,174.0228341178638
2026-02-25,Wednesday,10,Fee Counter,5,61,5.880879569245515,57,0,0,76.42067848817588
2026-01-04,Sunday,8,Student Service Center,4,44,1.6814267468970143,49,0,0,22.66144667703864
2026-06-28,Sunday,11,Fee Counter,2,91,7.051270129360815,71,1,0,323.8112697009642
2026-04-11,Saturday,15,Student Service Center,4,76,7.106377321548308,74,0,0,135.55418674695815
2026-03-01,Sunday,10,Cafeteria,5,36,1.8684856302281758,14,1,0,14.816232231630702
2026-03-06,Friday,17,Student Service Center,1,44,5.884804599439107,44,0,0,260.84009369168274
2026-01-10,Saturday,13,Admin Office,2,67,6.720176607444894,42,0,0,228.91830211071903
2026-06-11,Thursday,8,Student Service Center,3,38,5.396354582322544,40,0,0,73.0878942566141
2026-04-04,Saturday,13,Fee Counter,1,54,6.2138631570927645,26,0,0,334.44354251365337
2026-01-23,Friday,11,Fee Counter,1,36,2.7228097978366326,38,0,0,99.63043601024262
2026-04-20,Monday,14,Student Service Center,5,89,4.419593538955281,79,0,1,81.95192877726559
2026-06-04,Thursday,9,Fee Counter,4,61,2.686732845157553,59,0,0,43.19497035992614
2026-02-23,Monday,17,Cafeteria,5,24,3.03338785493659,15,0,0,13.668203661300772
2026-01-06,Tuesday,8,Fee Counter,4,79,4.674243045482354,78,0,0,94.10493128536042
2026-01-08,Thursday,11,Cafeteria,2,5,5.743342496529955,8,0,0,16.5708426645135
2026-03-22,Sunday,16,Cafeteria,1,37,6.236713704414936,37,0,0,228.98758668645394
2026-02-11,Wednesday,15,Library Counter,1,21,3.9990120467898107,35,0,1,84.78837286730919
2026-06-22,Monday,8,Cafeteria,2,14,4.5206674942932334,8,0,0,28.9139780934097
2026-01-09,Friday,9,Cafeteria,3,57,4.437623923695471,48,0,0,84.96254055984001
2026-06-23,Tuesday,10,Admin Office,2,32,1.801546226320753,32,0,0,29.513330221081226
2026-01-30,Friday,12,Fee Counter,1,60,3.3376606340470873,32,0,0,197.80340233234165
2026-04-11,Saturday,17,Cafeteria,4,48,7.574998819650309,28,1,0,94.3177864235639
2026-05-04,Monday,14,Student Service Center,4,24,4.251655269855428,9,0,0,30.508403406695162
2026-05-22,Friday,17,Student Service Center,4,68,6.366146680807228,70,0,0,106.68019381008769
2026-04-13,Monday,16,Fee Counter,5,37,5.590595480864201,32,0,0,45.91570832566305
2026-05-02,Saturday,8,Fee Counter,3,56,1.8398606367889412,53,0,0,39.069689547202316
2026-02-14,Saturday,10,Library Counter,5,67,6.537993085950222,54,1,0,88.47333741046775
2026-06-27,Saturday,8,Student Service Center,1,52,5.715190859793904,53,0,0,299.06078942347773
2026-03-12,Thursday,10,Library Counter,1,43,1.854029424774943,46,0,1,79.5092535956454
2026-03-30,Monday,10,Cafeteria,4,48,5.948297392209848,48,0,0,76.32386818921199
2026-03-01,Sunday,9,Cafeteria,2,38,2.2865659690590157,38,0,0,46.15395627070073
2026-01-09,Friday,9,Library Counter,2,26,5.785334348769112,29,0,0,75.42034957327822
2026-03-30,Monday,14,Cafeteria,5,64,4.49710308308392,41,0,0,54.88654485261416
2026-03-24,Tuesday,9,Fee Counter,2,46,4.707698578055866,24,1,0,111.76478287616186
2026-02-27,Friday,9,Student Service Center,1,14,6.055173785709078,16,0,0,84.12180344186443
2026-04-27,Monday,16,Admin Office,3,72,5.540925561526784,54,1,0,135.58991992174157
2026-05-10,Sunday,13,Student Service Center,2,84,2.353511985449975,67,0,0,98.76660344127593
2026-04-14,Tuesday,11,Library Counter,5,27,7.7540816534354935,25,0,0,40.33659869278505
2026-06-12,Friday,15,Library Counter,1,68,3.6123152548540514,56,1,0,247.9856911740291
2026-02-27,Friday,9,Fee Counter,3,34,5.2838162535650435,21,1,0,56.88772362496056
2026-06-11,Thursday,13,Fee Counter,2,91,3.940009184065455,69,0,0,183.38665259588782
2026-03-28,Saturday,8,Admin Office,4,67,4.566792203256329,48,1,0,78.15530165892676
2026-02-27,Friday,13,Student Service Center,1,59,3.3026504954377405,42,0,0,193.35921113605264
2026-05-11,Monday,10,Library Counter,5,58,5.314691501394586,38,1,0,59.249208675486145
2026-06-13,Saturday,12,Student Service Center,3,42,2.662490257722949,19,0,0,37.77958131416246
2026-06-11,Thursday,9,Library Counter,3,50,2.298099070717653,44,0,0,35.85412461034447
2026-02-19,Thursday,9,Admin Office,2,83,2.7228951716150878,78,0,0,117.60174207719415
2026-03-24,Tuesday,8,Cafeteria,3,38,4.198811986363425,38,0,0,50.83895978441487
2026-06-05,Friday,14,Cafeteria,1,35,4.752744912789463,15,0,0,165.20553120333486
2026-03-13,Friday,16,Fee Counter,2,67,4.689622543359389,59,0,0,159.70872498360845
2026-06-29,Monday,15,Library Counter,4,71,3.824917311251692,74,0,0,67.80758044476275
2026-03-16,Monday,8,Fee Counter,1,24,1.3006511504508338,26,0,0,28.3272718630058
2026-06-15,Monday,8,Cafeteria,1,19,4.78903470541402,12,0,0,89.41064746662148
2026-01-10,Saturday,14,Admin Office,5,27,1.6361157311733854,8,0,0,11.37221075074062
2026-02-07,Saturday,16,Cafeteria,4,66,7.858312258112074,55,1,0,128.8283426278192
2026-02-14,Saturday,8,Student Service Center,5,53,7.554616885398745,54,0,1,79.00958305159165
2026-03-09,Monday,14,Admin Office,1,30,6.765265786253806,15,0,0,206.92036607939355
2026-06-08,Monday,16,Admin Office,3,40,5.397162021273092,34,0,0,76.781346002869
2026-01-02,Friday,11,Cafeteria,1,16,1.1350540591288258,8,0,0,20.84554760727108
2026-03-14,Saturday,17,Cafeteria,1,73,7.373847043381884,65,0,0,538.6495029126113
2026-01-21,Wednesday,12,Library Counter,5,32,5.892404126158911,13,0,0,42.39923294261432
2026-06-14,Sunday,12,Fee Counter,3,88,3.591466038088634,72,0,1,105.886066588804
2026-02-24,Tuesday,10,Admin Office,3,51,3.1083825828562635,34,1,0,51.06420619130152
2026-02-01,Sunday,9,Fee Counter,3,38,1.4881406090226013,36,0,0,20.30501557142447
2026-01-22,Thursday,16,Student Service Center,5,77,3.456103617761328,63,1,0,53.640975941442065
2026-03-25,Wednesday,13,Fee Counter,1,111,2.19994598723718,78,1,0,246.87968188139672
2026-02-11,Wednesday,15,Cafeteria,4,60,6.603358348206513,64,0,0,98.15249037612716
2026-03-03,Tuesday,9,Admin Office,5,42,2.9387106682823503,41,0,0,27.78239434249213
2026-01-17,Saturday,17,Cafeteria,4,5,4.370074543487759,8,0,0,3.2096289478929583
2026-03-17,Tuesday,11,Admin Office,4,60,7.4655096189183165,63,0,0,112.12584057396172
2026-05-29,Friday,9,Admin Office,4,70,5.091173674746947,69,0,0,91.41592438016507
2026-02-13,Friday,11,Fee Counter,1,28,6.899388859412428,23,0,0,191.62664695963866
2026-05-27,Wednesday,14,Library Counter,2,36,1.7537295924856857,13,0,0,31.818851276085447
2026-03-09,Monday,17,Library Counter,1,3,5.046965192195756,7,0,1,19.832714013532755
2026-03-21,Saturday,16,Fee Counter,5,39,1.1730273208465805,31,0,0,11.988623111283424
2026-05-23,Saturday,10,Fee Counter,5,77,1.1210878185134674,59,1,0,14.811943631059567
2026-01-27,Tuesday,9,Library Counter,5,29,5.362018580359444,20,0,0,30.92495643571648
2026-02-04,Wednesday,12,Library Counter,3,32,1.7539041143121743,26,0,1,16.370122613857824
2026-01-03,Saturday,17,Library Counter,3,20,7.219689731952162,25,0,0,48.73495798952916
2026-02-17,Tuesday,14,Admin Office,1,31,7.493265653906141,7,0,0,234.8016546498419
2026-01-18,Sunday,9,Library Counter,1,48,7.150653196878519,30,1,0,342.7262814472345
2026-03-17,Tuesday,12,Admin Office,3,72,6.579195898936751,33,1,0,156.12894770024022
2026-03-18,Wednesday,11,Fee Counter,3,31,7.380382247209974,19,1,1,78.39007044549756
2026-02-01,Sunday,9,Library Counter,1,30,6.159127901875262,35,0,0,187.53496265042145
2026-03-06,Friday,12,Cafeteria,4,87,7.303972691095223,51,1,0,161.2192546430102
2026-01-07,Wednesday,11,Library Counter,4,52,1.026093442131807,56,0,0,13.823220364503431
2026-03-07,Saturday,13,Library Counter,4,86,4.5146666338974235,49,1,0,95.10570867051207
2026-06-14,Sunday,9,Student Service Center,4,28,6.168538856489499,28,0,0,43.61745330836876
2026-02-04,Wednesday,11,Fee Counter,3,61,1.9273323395719433,59,0,0,41.24969284025037
2026-05-10,Sunday,13,Library Counter,4,88,4.3344026959930355,75,0,1,93.12153196118078
2026-05-22,Friday,11,Fee Counter,4,42,3.4276346851704504,31,1,0,33.38203490266195
2026-02-04,Wednesday,15,Library Counter,1,32,2.952431570912577,35,0,0,95.00451339659297
2026-02-08,Sunday,9,Student Service Center,1,28,7.504299436013129,26,0,0,211.9611042825213
2026-05-08,Friday,13,Admin Office,2,81,3.4277289052603535,55,0,0,136.27079127793903
2026-06-22,Monday,12,Student Service Center,2,114,4.433395837657968,75,1,0,256.62420043589225
2026-06-01,Monday,8,Admin Office,3,38,2.5422781740237674,32,0,0,31.98622035437985
2026-04-09,Thursday,11,Admin Office,4,16,7.900462321703669,21,0,0,34.96376302929644
2026-03-28,Saturday,9,Admin Office,5,80,3.305189985055753,79,0,0,51.61466194876669
2026-02-04,Wednesday,17,Student Service Center,3,56,7.901581888446958,49,0,0,145.88435283897192
2026-03-25,Wednesday,9,Fee Counter,3,13,4.851446765841331,18,0,0,18.968150538838167
2026-05-20,Wednesday,8,Fee Counter,5,20,1.052904889759136,16,0,0,3.2608230971277816
2026-04-09,Thursday,17,Fee Counter,3,98,6.553553660969955,74,1,0,213.9918815781945
2026-04-03,Friday,8,Cafeteria,5,39,3.5702009975654563,43,0,0,31.810795198500408
2026-06-09,Tuesday,12,Admin Office,1,54,3.924937024863806,28,0,0,214.17080158637455
2026-05-07,Thursday,15,Student Service Center,2,36,2.800901589241741,30,0,0,54.40435143082522
2026-05-08,Friday,16,Student Service Center,1,5,2.7433082938742435,8,0,0,13.231980395288625
2026-06-02,Tuesday,15,Library Counter,4,28,5.575123734238775,29,0,0,41.65375927138173
2026-02-23,Monday,10,Library Counter,1,7,6.238018560333081,5,0,0,42.371420403411065
2026-05-04,Monday,12,Student Service Center,3,82,5.568752639974179,62,0,0,152.61474290512328
2026-06-05,Friday,9,Cafeteria,2,86,6.747260669667526,79,0,0,288.98777008665235
2026-03-21,Saturday,15,Student Service Center,2,64,6.349809273775822,66,0,0,203.28579033365386
2026-01-23,Friday,15,Admin Office,3,40,7.9056567672577955,45,0,0,104.1400586770311
2026-06-19,Friday,15,Student Service Center,1,7,3.3609706939901693,11,0,0,27.876243672788718
2026-03-22,Sunday,12,Student Service Center,1,62,1.1038618945334395,31,1,0,70.24174695962881
2026-05-31,Sunday,11,Admin Office,1,7,5.073056925135472,5,0,0,37.446111203281035
2026-03-12,Thursday,15,Library Counter,4,81,5.141366645221993,72,0,0,104.38034632426007
2026-03-15,Sunday,17,Library Counter,3,51,1.1850699837466814,57,0,1,19.140305239838675
2026-02-20,Friday,14,Fee Counter,5,35,4.52821643514463,16,0,0,29.72725349505921
2026-06-04,Thursday,11,Student Service Center,1,47,6.376571290246053,44,0,0,297.47902515700594
2026-03-11,Wednesday,15,Library Counter,2,88,6.360597080403699,70,1,0,281.351213952726
2026-02-02,Monday,12,Fee Counter,1,67,3.4234471862096147,51,0,0,233.747617322194
2026-03-24,Tuesday,14,Fee Counter,2,40,3.6338460991043835,23,0,0,77.01910799015205
2026-01-12,Monday,10,Library Counter,3,80,4.708476655335847,73,0,0,123.9715755712001
2026-02-02,Monday,15,Fee Counter,5,68,5.902960071958426,72,0,0,79.31954301838466
2026-05-01,Friday,9,Fee Counter,5,63,3.9729918696450124,68,0,0,49.2922567397874
2026-01-13,Tuesday,15,Library Counter,2,84,6.62283395964983,79,0,0,280.6479810625204
2026-02-02,Monday,9,Student Service Center,2,9,3.6024125110153036,8,0,0,17.200666457711446
2026-03-14,Saturday,14,Library Counter,1,54,5.556396849973444,28,0,0,297.1489799866688
2026-06-03,Wednesday,9,Library Counter,2,6,5.281133687969104,11,0,1,19.639674289878652
2026-02-10,Tuesday,8,Admin Office,2,90,4.827934606770042,67,1,0,218.04324725808198
2026-06-14,Sunday,17,Student Service Center,3,57,5.585043491114804,59,0,0,111.10654479259593
2026-04-07,Tuesday,13,Student Service Center,5,87,6.899991343450323,72,0,0,117.1948486123537
2026-02-19,Thursday,11,Fee Counter,1,8,2.861545569902881,13,0,0,22.240658799494867
2026-01-06,Tuesday,11,Library Counter,5,68,7.740091413952977,51,1,0,109.35407682891939
2026-02-01,Sunday,12,Library Counter,1,99,2.2285294220065457,75,0,0,218.09375591326
2026-01-17,Saturday,13,Cafeteria,4,58,7.714528301984236,43,0,1,114.71709807767198
2026-04-06,Monday,10,Student Service Center,1,60,6.8331874136014115,60,0,0,410.32868009797846
2026-04-02,Thursday,11,Fee Counter,5,50,4.691785754406161,32,1,0,49.44217730257761
2026-04-09,Thursday,11,Fee Counter,4,27,4.632286897296255,25,0,0,30.19176011940668
2026-02-06,Friday,13,Fee Counter,2,39,4.61923693862849,21,0,0,90.39173234907429
2026-05-14,Thursday,9,Student Service Center,5,39,1.6232916623172489,28,1,0,15.098167587558507
2026-04-12,Sunday,17,Cafeteria,5,54,2.0532410815963247,59,0,0,23.045592499215044
2026-03-24,Tuesday,13,Student Service Center,2,94,5.210993924167559,65,0,0,249.67298362119243
2026-06-22,Monday,11,Student Service Center,2,64,4.349535259692632,68,0,0,142.48415206494033
2026-05-19,Tuesday,17,Cafeteria,3,38,3.7187104971503473,32,0,0,46.45943990090355
2026-03-15,Sunday,13,Fee Counter,2,78,3.6908798605421693,48,1,0,147.86695446801428
2026-04-16,Thursday,17,Student Service Center,3,88,1.2625686056738439,75,1,1,36.27732909361087
2026-01-07,Wednesday,14,Admin Office,3,49,5.2484660237657454,32,0,0,84.66217323255125
2026-05-27,Wednesday,12,Cafeteria,1,82,3.0606561265807657,58,0,0,251.44506032651896
2026-02-23,Monday,13,Library Counter,1,26,3.69646963202794,9,0,0,100.69075292737868
2026-05-18,Monday,8,Library Counter,2,59,2.288508616597058,50,0,0,67.97951593825027
2026-01-21,Wednesday,12,Student Service Center,2,54,1.8871124685412841,28,0,0,50.301247257781874
2026-06-29,Monday,10,Student Service Center,1,62,2.673192442088169,54,0,0,166.04959158427968
2026-03-09,Monday,17,Fee Counter,5,34,4.383127090114567,27,0,0,34.05292752309367
2026-05-19,Tuesday,13,Library Counter,1,100,2.0782699888605656,76,0,0,211.10273321699162
2026-01-01,Thursday,17,Library Counter,1,11,2.2685595001859022,15,0,0,27.534133315821357
2026-01-20,Tuesday,12,Fee Counter,3,73,4.7628879584254324,49,0,0,115.29733695724389
2026-04-04,Saturday,11,Admin Office,1,17,1.8274333461678949,17,0,0,29.11247879374215
2026-06-27,Saturday,10,Library Counter,2,29,5.735283310835323,32,0,1,82.1268362257024
2026-03-09,Monday,13,Student Service Center,3,61,6.374486664445189,36,0,0,129.8934916074067
2026-02-26,Thursday,13,Admin Office,1,81,7.836658025311857,63,0,0,633.4235610071896
2026-01-18,Sunday,10,Admin Office,2,43,2.5063434508628526,43,0,0,55.66769452821285
2026-04-21,Tuesday,17,Cafeteria,4,47,2.4961705258848674,43,0,0,30.81921754002082
2026-05-16,Saturday,17,Fee Counter,3,4,7.476488946877586,9,0,0,12.528375496006198
2026-03-23,Monday,16,Cafeteria,5,60,6.173989642382586,70,0,1,74.45488339072783
2026-06-19,Friday,11,Library Counter,1,80,1.5132337863171552,72,1,1,123.24311609537006
2026-03-02,Monday,12,Cafeteria,3,25,3.6927828103718725,9,0,0,32.23740639924852
2026-05-18,Monday,10,Admin Office,4,19,6.189595164821496,25,0,1,33.671144995688614
2026-01-25,Sunday,16,Library Counter,4,73,3.3538067989983373,73,0,0,60.824139902974544
2026-02-26,Thursday,17,Fee Counter,1,77,1.4734786523523535,73,0,0,115.34485331270258
2026-04-01,Wednesday,12,Fee Counter,5,78,7.7029157986712935,63,0,0,123.18223124095273
2026-04-04,Saturday,16,Admin Office,2,0,2.7959952641503993,11,0,1,4.157249661246811
2026-02-13,Friday,9,Student Service Center,4,49,6.436370116119576,42,0,0,76.35561562580159
2026-03-11,Wednesday,8,Fee Counter,4,62,6.127070247005175,55,0,0,93.15148038932654
2026-03-01,Sunday,13,Fee Counter,3,69,3.976799511697437,44,0,0,94.53699030842299
2026-01-01,Thursday,16,Library Counter,2,32,4.235538393446484,34,0,0,71.72482944728034
2026-03-05,Thursday,14,Cafeteria,1,90,5.123190350173287,49,1,0,459.6143775122093
2026-01-17,Saturday,12,Fee Counter,4,48,6.260396373656634,20,0,0,75.9039507997452
2026-06-07,Sunday,16,Admin Office,2,14,2.3053711946838007,7,0,0,19.774054438463672
2026-05-03,Sunday,12,Student Service Center,1,32,4.949404301967341,14,0,0,157.03507010479038
2026-02-20,Friday,10,Cafeteria,5,55,5.7900875584554194,49,0,0,63.23393194582836
2026-01-09,Friday,13,Student Service Center,1,38,1.123579331923788,10,0,0,40.4727621683822
2026-01-13,Tuesday,8,Student Service Center,1,26,2.8357157467462826,20,0,0,75.65612517150232
2026-05-21,Thursday,10,Admin Office,3,51,4.759865804716195,64,0,1,83.49691859963066
2026-01-05,Monday,12,Student Service Center,1,50,2.5237252223123856,32,0,1,128.99238540064783
2026-01-25,Sunday,13,Student Service Center,5,92,6.652172855071964,61,1,0,120.47446050510605
2026-01-25,Sunday,9,Fee Counter,4,71,2.8689572718410936,51,1,0,50.430980619664616
2026-04-04,Saturday,10,Student Service Center,3,66,7.75191279465282,60,0,0,173.58080629225634
2026-04-11,Saturday,14,Cafeteria,3,96,3.4085028519990495,70,0,0,113.97292682608128
2026-04-22,Wednesday,10,Student Service Center,2,32,3.4228908699202156,25,0,0,56.285554118151516
2026-06-07,Sunday,17,Library Counter,1,87,6.510787012785578,78,0,0,564.6358028884603
2026-06-10,Wednesday,11,Fee Counter,3,35,2.447324540529957,30,0,0,27.9416947077246
2026-04-04,Saturday,11,Student Service Center,2,28,2.90689020584224,13,1,0,43.858254711724676
2026-05-02,Saturday,13,Library Counter,4,42,3.041855626441111,27,0,0,36.50053470109614
2026-01-14,Wednesday,10,Admin Office,2,34,6.071273029305297,41,0,1,105.09881585279692
2026-02-17,Tuesday,14,Library Counter,5,45,2.1726309605622998,19,0,0,20.404675866522947
2026-05-05,Tuesday,16,Fee Counter,3,28,3.3992317052158985,22,0,0,33.46981531987514
2026-02-26,Thursday,12,Cafeteria,2,89,7.710920548807607,47,1,0,342.53987427325944
2026-03-20,Friday,14,Fee Counter,3,48,1.840678037125182,32,0,0,31.237375865223434
2026-06-11,Thursday,15,Student Service Center,4,60,3.922648465188004,42,1,0,62.221435832214326
2026-02-24,Tuesday,12,Library Counter,5,68,4.573215684447489,36,1,0,63.65864635560884
2026-02-27,Friday,15,Admin Office,2,69,2.7235310053714374,74,0,0,93.03299240674431
2026-05-20,Wednesday,16,Fee Counter,3,15,1.7388888286104849,19,0,0,10.929019108802189
2026-01-01,Thursday,8,Library Counter,3,6,3.6586534498073155,11,0,0,6.672021542305366
2026-03-05,Thursday,17,Cafeteria,3,41,2.81229240916046,36,0,0,41.868394451873655
2026-04-10,Friday,16,Student Service Center,4,54,6.368954263071831,52,0,0,83.86098933378884
2026-06-17,Wednesday,8,Library Counter,5,36,3.17736883683674,37,0,0,25.330510811761346
2026-03-20,Friday,8,Library Counter,2,58,2.91742274602181,52,0,0,83.61724732632307
2026-02-16,Monday,12,Library Counter,2,98,3.147124422618405,54,1,0,157.86102144499836
2026-02-04,Wednesday,9,Student Service Center,1,67,6.252666686115283,70,0,0,420.51292877264603
2026-04-28,Tuesday,10,Fee Counter,2,55,5.655647625584261,50,0,0,159.2531877881806
2026-02-28,Saturday,9,Library Counter,5,60,3.6771876725088,52,0,0,43.257030148901755
2026-02-01,Sunday,17,Fee Counter,4,35,6.40517061879136,37,0,1,59.9242330196698
2026-04-18,Saturday,17,Fee Counter,1,97,2.209741788012235,74,1,0,215.7488451993672
2026-03-10,Tuesday,12,Student Service Center,1,17,1.0112387447164704,7,0,1,14.398131218959882
2026-05-20,Wednesday,17,Fee Counter,2,93,7.037805769468758,71,1,0,331.2812885614152
2026-05-31,Sunday,8,Admin Office,1,40,4.705901546037534,41,0,0,188.27234018648846
2026-03-21,Saturday,13,Fee Counter,1,32,4.794224844528189,11,1,1,155.75719374130927
2026-03-05,Thursday,9,Fee Counter,2,74,6.169034154590991,66,0,0,227.8951544248121
2026-06-19,Friday,13,Library Counter,1,60,4.4458106591146205,55,0,1,266.0895759938204
2026-06-21,Sunday,9,Fee Counter,3,54,7.544502226138461,58,0,0,133.1195191714782
2026-04-05,Sunday,17,Library Counter,3,55,2.1240789134372613,36,1,0,37.51102047819194
2026-03-28,Saturday,8,Library Counter,5,55,4.860694678875092,65,0,1,50.933130606147806
2026-01-08,Thursday,13,Student Service Center,4,64,1.4985284669654073,30,1,1,23.354805263168394
2026-04-14,Tuesday,17,Cafeteria,1,31,2.735465031594295,28,0,0,82.0329876235511
2026-05-05,Tuesday,13,Cafeteria,2,77,7.428808357927258,54,0,0,286.21967946378743
2026-03-23,Monday,8,Cafeteria,5,56,5.958321012023062,59,0,0,69.061791487215
2026-05-07,Thursday,14,Admin Office,3,87,5.648352813502056,69,0,1,168.08223159041233
2026-04-28,Tuesday,16,Fee Counter,5,16,1.9166017811724285,11,0,0,10.781995046536721
2026-04-23,Thursday,11,Fee Counter,5,3,6.746453110115239,5,0,0,4.6380301642466195
2026-05-27,Wednesday,13,Admin Office,2,57,2.702015300926494,31,0,0,79.19451142840843
2026-04-16,Thursday,9,Admin Office,1,23,4.240658174649861,15,0,0,94.74639657365921
2026-02-09,Monday,9,Admin Office,3,59,6.866611160836521,40,1,0,135.6858219596662
2026-01-31,Saturday,11,Cafeteria,4,89,3.5767014315815504,78,1,0,83.97498324321212
2026-02-20,Friday,16,Fee Counter,4,40,7.810196845069503,42,0,0,81.30111406642214
2026-06-25,Thursday,15,Student Service Center,5,53,2.7753245097663273,54,0,0,32.45149160988243
2026-01-07,Wednesday,16,Fee Counter,3,70,4.480463612777489,65,0,0,104.3177352418434
2026-06-09,Tuesday,9,Student Service Center,5,27,3.7026883924333367,22,0,0,18.578251807401926
2026-06-06,Saturday,14,Admin Office,1,49,6.079065950494529,23,0,0,299.767149149891
2026-05-10,Sunday,14,Library Counter,1,33,7.177290251499519,26,0,1,240.53330839626676
2026-02-08,Sunday,14,Fee Counter,1,76,3.9488877319258204,55,0,0,297.3200837946648
2026-01-30,Friday,15,Library Counter,1,39,3.515971005214126,38,0,0,138.64534481831583
2026-06-23,Tuesday,13,Student Service Center,1,92,3.403067379075239,67,0,0,313.2351333060066
2026-02-16,Monday,9,Admin Office,4,62,4.166531951066931,65,0,0,62.20473816448622
2026-06-10,Wednesday,10,Fee Counter,4,41,6.3136026858963366,46,0,0,63.71852252584343
2026-04-24,Friday,14,Library Counter,4,67,2.128292457435224,28,1,0,40.23823830090966
2026-04-10,Friday,12,Admin Office,2,36,7.859409051444609,15,0,0,141.92880806808495
2026-03-18,Wednesday,17,Fee Counter,3,52,2.979449787882271,56,0,0,51.441333909760736
2026-01-12,Monday,13,Fee Counter,1,59,7.269895705126441,36,0,0,433.54867804736
2026-01-16,Friday,9,Cafeteria,3,59,6.099289411588728,35,1,0,121.98341053938671
2026-02-25,Wednesday,15,Admin Office,1,7,4.433010949916328,5,0,0,32.31914150463188
2026-04-13,Monday,11,Cafeteria,4,34,2.806304511819066,48,0,1,27.509769671882182
2026-03-03,Tuesday,14,Fee Counter,4,90,3.3290158040811137,75,0,0,73.60024557375688
2026-01-23,Friday,14,Fee Counter,2,62,7.083479620965084,35,0,0,217.24731046549095
2026-03-05,Thursday,9,Fee Counter,5,27,7.6744425097856706,24,0,0,46.39949263194349
2026-02-23,Monday,13,Student Service Center,2,42,5.678613841897737,9,1,0,123.93308511229824
2026-01-11,Sunday,11,Library Counter,5,53,2.0372288256411104,48,0,0,25.55027452688001
2026-01-22,Thursday,11,Library Counter,1,21,4.290739441562884,36,0,1,93.2673452962166
2026-02-10,Tuesday,14,Student Service Center,2,89,3.787916540572976,58,1,0,169.6458665739098
2026-04-10,Friday,12,Fee Counter,4,49,6.345713767360028,23,0,0,78.55396508581238
2026-03-08,Sunday,10,Fee Counter,5,75,4.836080327213319,75,0,0,74.19623289887929
2026-03-14,Saturday,17,Library Counter,4,81,6.307716595685685,77,0,0,130.24853934512092
2026-04-09,Thursday,9,Cafeteria,3,39,1.0988738040068369,36,0,0,11.463208360623074
2026-02-14,Saturday,15,Cafeteria,4,9,7.640424009529916,14,0,0,16.69362662647052
2026-05-23,Saturday,14,Library Counter,3,59,3.9811522390415597,46,0,1,82.99342879782937
2026-02-10,Tuesday,11,Fee Counter,3,9,2.7156420255750935,14,0,0,10.38092150430564
2026-02-17,Tuesday,9,Cafeteria,4,15,7.198981419337169,13,0,0,24.503536865947915
2026-04-11,Saturday,15,Library Counter,2,54,7.383710127750237,55,0,0,198.72128982014578
2026-06-20,Saturday,14,Admin Office,1,60,3.0328928232966583,37,0,0,185.9478155592692
2026-02-23,Monday,8,Cafeteria,4,54,5.627663595134737,35,1,0,77.7657213568883
2026-01-24,Saturday,13,Fee Counter,2,74,3.9480424877565508,55,0,0,149.05508922601905
2026-03-28,Saturday,11,Cafeteria,4,48,6.52144897327447,52,0,0,78.51655200712439
2026-02-04,Wednesday,8,Library Counter,3,18,1.5740010353670568,23,0,1,8.271846330394297
2026-03-10,Tuesday,14,Student Service Center,1,60,7.147816442506313,23,1,0,426.25622520896485
2026-01-24,Saturday,11,Cafeteria,3,52,4.6651749838838175,52,0,0,84.62596026215897
2026-02-10,Tuesday,10,Student Service Center,5,56,5.059962664681372,46,1,0,56.68330908332065
2026-04-24,Friday,12,Student Service Center,4,110,4.374764404154053,74,1,0,119.45581675103493
2026-03-29,Sunday,13,Admin Office,1,26,5.889851891373637,11,0,0,155.4107191580859
2026-06-28,Sunday,16,Fee Counter,4,30,4.013633366967383,25,0,0,32.622129010070935
2026-05-13,Wednesday,12,Library Counter,3,38,1.3181966122847495,10,0,0,15.498109265624151
2026-02-01,Sunday,11,Student Service Center,1,58,3.4147862909803255,56,0,0,200.6806476350728
2026-04-11,Saturday,9,Fee Counter,5,27,7.06036856899795,16,1,0,39.133544283553235
2026-02-09,Monday,17,Fee Counter,3,57,2.3073642521921904,56,0,0,44.15825549699093
2026-04-01,Wednesday,8,Library Counter,1,38,6.9251121827446465,36,0,0,261.5263177899739
2026-06-16,Tuesday,12,Admin Office,4,50,7.6998402118291605,30,0,0,95.85972075814243
2026-04-23,Thursday,15,Fee Counter,3,22,7.8584953497193935,20,0,0,61.968949881307374
2026-03-01,Sunday,16,Student Service Center,5,32,2.707705562835467,29,0,0,15.066232878954416
2026-03-23,Monday,11,Fee Counter,1,28,6.305895219831832,38,0,1,176.18358336464757
2026-02-26,Thursday,16,Library Counter,2,26,4.511485786575955,30,0,0,60.738279414654926
2026-06-04,Thursday,8,Student Service Center,5,14,2.5699904122717014,6,0,0,10.217689600459433
2026-04-10,Friday,15,Fee Counter,1,69,7.9574119725628165,47,1,0,550.8011263163089
2026-06-29,Monday,17,Library Counter,2,11,3.500525230041986,5,0,0,23.023877642108136
2026-01-10,Saturday,13,Student Service Center,5,40,2.010399265155532,23,0,0,16.74198456094203
2026-01-09,Friday,14,Admin Office,1,97,4.267112636914095,77,0,0,413.8993766289431
2026-06-09,Tuesday,12,Library Counter,1,62,3.252973798538151,45,0,0,198.74528657608752
2026-06-26,Friday,8,Cafeteria,4,15,5.146223731896679,6,0,0,20.836966407866154
2026-01-30,Friday,16,Cafeteria,4,12,2.2636406361875716,18,0,1,4.518100286634195
2026-02-18,Wednesday,10,Admin Office,3,27,1.8173522787744036,22,0,0,21.289849089136347
2026-04-06,Monday,9,Library Counter,1,45,5.7874612308869,49,0,0,258.89607580777323
2026-01-22,Thursday,16,Student Service Center,1,57,7.202559410541286,59,0,0,407.96947678360794
2026-01-26,Monday,17,Cafeteria,5,57,3.765175575893062,61,0,0,40.09737331104315
2026-06-24,Wednesday,14,Library Counter,3,62,5.509443042342563,35,0,0,118.18795031589383
2026-02-03,Tuesday,14,Admin Office,5,69,1.8779846601454904,42,0,0,26.32232961839214
2026-06-09,Tuesday,10,Fee Counter,1,66,2.1688656744584294,65,0,0,143.10975116018417
2026-06-27,Saturday,17,Cafeteria,2,37,1.766837659013055,34,0,0,30.8850292754996
2026-02-11,Wednesday,14,Student Service Center,2,71,6.919556590810517,31,1,0,246.34028042671684
2026-04-09,Thursday,13,Admin Office,3,25,1.6103599874741417,5,0,0,12.70384617626394
2026-05-12,Tuesday,10,Fee Counter,3,26,2.933783401704476,28,0,0,29.396922205056924
2026-06-01,Monday,11,Student Service Center,1,25,4.9492617021909435,21,0,0,125.9081754522382
2026-01-09,Friday,15,Library Counter,5,14,7.651793772018602,15,0,0,21.712907263720286
2026-05-08,Friday,9,Cafeteria,3,30,4.6574121076412585,34,0,1,45.62891973328658
2026-06-22,Monday,10,Admin Office,3,38,6.158669991686033,32,0,0,82.03844155927956
2026-02-12,Thursday,12,Library Counter,3,53,1.4848933321761373,27,0,0,27.867166718452296
2026-06-02,Tuesday,10,Library Counter,1,31,4.27544525752268,35,0,1,130.37282230227052
2026-06-28,Sunday,8,Library Counter,4,64,2.2490517556103016,58,0,0,36.925733898537416
2026-04-20,Monday,15,Student Service Center,1,32,6.091346640444212,30,0,0,197.32341488478198
2026-03-10,Tuesday,8,Cafeteria,3,32,7.151236792279384,26,1,1,73.43449018251519
2026-02-24,Tuesday,16,Admin Office,5,17,3.539709162787478,12,0,0,13.858338407478012
2026-06-10,Wednesday,12,Admin Office,2,98,7.896210319362386,56,1,0,388.7925354628146
2026-03-24,Tuesday,13,Cafeteria,5,79,5.2850011659103195,59,0,0,81.68487519176223
2026-01-19,Monday,15,Admin Office,2,21,1.4535484759720338,19,0,0,18.022151645182213
2026-01-06,Tuesday,15,Cafeteria,2,57,7.361847606234148,46,1,1,213.7028848756732
2026-03-28,Saturday,12,Fee Counter,1,98,2.45750334756185,77,0,0,245.0283183089441
2026-05-18,Monday,12,Student Service Center,5,66,4.4357227818538245,44,0,0,56.46055467878567
2026-02-21,Saturday,9,Student Service Center,4,85,1.4144092331358387,62,1,0,29.661252391689747
2026-04-27,Monday,10,Cafeteria,1,35,2.728906025002627,33,0,0,98.12147546271632
2026-04-02,Thursday,9,Library Counter,1,27,1.1939186813060403,23,0,0,32.31233425514504
2026-04-01,Wednesday,11,Library Counter,1,73,4.926020876028953,70,0,0,361.783194757214
2026-03-30,Monday,11,Library Counter,1,58,6.275315261130368,35,1,0,363.6135461738727
2026-02-13,Friday,14,Admin Office,1,58,1.1163316762392417,30,0,0,62.15006843410494
2026-04-27,Monday,17,Student Service Center,1,32,6.228506577663297,35,0,0,198.23643288341978
2026-01-23,Friday,13,Fee Counter,2,57,7.765350510748478,42,0,0,219.08655451084485
2026-03-28,Saturday,17,Cafeteria,5,35,3.947518797836315,38,0,0,28.088145655631408
2026-05-12,Tuesday,9,Student Service Center,5,54,7.545861155029786,57,0,0,84.44333749246448
2026-04-13,Monday,9,Library Counter,3,37,4.987575636254178,29,0,0,60.580016619253094
2026-05-20,Wednesday,14,Cafeteria,5,54,3.291722810710676,18,1,0,35.452131115988436
2026-03-06,Friday,12,Admin Office,4,92,4.746688313390518,71,0,0,114.07591620198097
2026-05-28,Thursday,17,Student Service Center,1,20,6.9065288405703384,25,0,0,137.51050191829106
2026-04-08,Wednesday,13,Admin Office,1,25,7.586624801197724,6,0,0,188.69225240982854
2026-05-09,Saturday,8,Fee Counter,5,60,4.665321012390883,60,0,0,59.51339624611893
2026-01-20,Tuesday,17,Admin Office,3,80,1.6528098417311619,57,1,0,47.773524816545155
2026-03-04,Wednesday,9,Student Service Center,2,63,2.1508123681780553,75,0,1,68.13005834879888
2026-04-08,Wednesday,12,Library Counter,3,107,3.847519270422709,73,1,0,136.0753782283186
2026-06-08,Monday,12,Library Counter,3,85,1.4619093874477374,59,0,0,45.251316491813924
2026-03-17,Tuesday,14,Fee Counter,5,61,5.606767636297332,32,0,0,72.63278330205408
2026-01-26,Monday,15,Library Counter,3,18,5.888974959040786,22,0,0,37.85937734126398
2026-03-25,Wednesday,11,Cafeteria,4,38,7.4854175019475395,37,0,0,69.48773911414322
2026-06-07,Sunday,14,Fee Counter,1,58,1.168454668259352,41,0,0,67.76417413438827
2026-03-06,Friday,14,Admin Office,1,51,5.650975936833467,12,1,0,291.1741522684695
2026-02-23,Monday,12,Cafeteria,4,62,5.808653775908377,35,0,0,89.78253368193126
2026-03-23,Monday,15,Cafeteria,5,39,6.938442757242514,40,0,0,56.25120734161625
2026-02-03,Tuesday,16,Student Service Center,4,7,5.754201428950793,8,0,0,12.857613887164321
2026-06-15,Monday,11,Admin Office,2,52,5.3743667718235,55,0,0,137.81189030647283
2026-01-24,Saturday,16,Fee Counter,3,55,3.1278976307668716,58,0,0,61.76379200487991
2026-05-05,Tuesday,12,Admin Office,4,50,5.0236921387177,35,0,0,60.66029718797694
2026-05-16,Saturday,16,Admin Office,2,59,2.560001169529103,58,0,0,74.32153168470421
2026-04-23,Thursday,13,Cafeteria,2,86,2.1497458873355595,74,0,1,96.35219595405651
2026-06-05,Friday,11,Fee Counter,4,65,3.419564760498604,61,0,0,53.442165905771766
2026-04-13,Monday,9,Student Service Center,5,59,1.537140474589014,58,0,0,15.872092745543698
2026-01-20,Tuesday,16,Library Counter,2,89,6.759688134876994,73,1,0,301.5244998124383
2026-03-10,Tuesday,13,Fee Counter,1,40,3.828524628156123,23,0,0,156.33976769573795
2026-06-11,Thursday,17,Fee Counter,1,23,4.4912151575800525,23,0,0,107.05203235779554
2026-05-03,Sunday,13,Cafeteria,4,32,5.273838496825131,11,0,0,43.81067234545199
2026-01-07,Wednesday,10,Cafeteria,2,50,2.468732488499927,42,0,0,66.11686753287437
2026-04-11,Saturday,8,Cafeteria,5,77,7.006037318652388,78,0,0,109.65064990433244
2026-06-04,Thursday,8,Library Counter,5,32,3.538533315681253,20,1,0,20.876412326244147
2026-02-04,Wednesday,10,Fee Counter,3,61,6.112988667719778,63,0,0,126.88133714919549
2026-04-11,Saturday,14,Fee Counter,3,92,5.642379364785496,73,0,0,174.84623696726382
2026-04-25,Saturday,13,Admin Office,1,67,7.689001248776629,47,0,0,517.1579880065553
2026-02-21,Saturday,11,Admin Office,3,61,6.332627267035058,66,0,0,127.84396011134149
2026-05-26,Tuesday,8,Cafeteria,2,57,4.1370700829960825,49,0,0,121.86492900204243
2026-02-07,Saturday,11,Library Counter,5,61,3.630996090488152,39,1,0,48.36989893024277
2026-05-20,Wednesday,13,Cafeteria,3,70,1.1571636736697521,49,0,0,31.075438258150456
2026-04-29,Wednesday,9,Library Counter,4,62,3.4714212313018358,57,0,0,55.99344877898498
2026-02-09,Monday,13,Student Service Center,1,67,4.133275475360109,47,0,0,276.4821956834665
2026-04-02,Thursday,11,Student Service Center,2,86,3.9554402063820113,76,1,0,170.35679314416535
2026-04-05,Sunday,11,Fee Counter,1,25,3.789682451437737,21,0,0,93.69157438731483
2026-05-06,Wednesday,16,Cafeteria,3,83,7.02313097382061,73,1,1,195.68828062749645
2026-04-06,Monday,14,Cafeteria,3,48,7.518597196926585,26,0,0,122.32775791899644
2026-03-05,Thursday,10,Admin Office,3,48,4.941502466365892,34,1,0,81.66439443242518
2026-01-09,Friday,15,Fee Counter,3,76,3.4926088118427274,71,0,0,87.038026083727
2026-02-24,Tuesday,9,Student Service Center,1,73,3.357416642634398,78,0,0,246.3864725935317
2026-02-04,Wednesday,10,Fee Counter,4,70,4.859025815089566,65,0,0,88.31209258888859
2026-03-20,Friday,10,Admin Office,4,52,4.649454338417343,49,0,0,58.0878072687618
2026-02-22,Sunday,14,Cafeteria,4,52,6.544372187117251,35,0,0,83.3871370267021
2026-02-02,Monday,9,Student Service Center,3,75,1.4708010610882623,67,0,0,37.2921572705008
2026-04-03,Friday,11,Library Counter,2,81,5.4240770543954415,72,0,0,217.7480728164176
2026-05-06,Wednesday,9,Fee Counter,4,26,5.624267828566976,31,0,1,35.98297840251521
2026-06-15,Monday,13,Admin Office,2,63,7.2012603174605365,28,1,0,226.91934843949053
2026-01-22,Thursday,8,Admin Office,1,67,6.284275750712541,60,0,0,422.23816918185935
2026-02-04,Wednesday,10,Cafeteria,5,46,4.249609948369372,45,0,0,36.93628001653825
2026-05-01,Friday,10,Library Counter,4,39,6.634281745665773,41,0,0,68.33860539593702
2026-03-09,Monday,15,Fee Counter,5,68,5.737483164781191,54,1,0,81.79760335811106
2026-05-16,Saturday,14,Library Counter,1,43,2.1520921489627907,26,0,0,93.28672599263822
2026-04-14,Tuesday,8,Cafeteria,4,65,7.451117431466198,57,0,0,120.28927133819329
2026-01-31,Saturday,16,Fee Counter,2,48,3.565015767517115,45,0,0,86.54703415914798
2026-01-16,Friday,15,Library Counter,3,58,4.816003714585396,63,0,0,96.76209688468481
2026-02-11,Wednesday,16,Student Service Center,4,41,6.862787682328401,37,0,0,69.55327435709994
2026-01-02,Friday,9,Fee Counter,2,44,6.367981688832686,37,0,0,140.4292270966804
2026-01-19,Monday,10,Cafeteria,2,71,4.919313512872646,71,0,0,179.49332598080701
2026-02-03,Tuesday,17,Student Service Center,2,1,6.371437886156602,6,0,0,5.967232766972947
2026-01-02,Friday,17,Cafeteria,4,15,2.7334642466517525,9,0,0,15.215797347363132
2026-02-21,Saturday,13,Admin Office,5,67,2.310906185396676,39,0,0,32.09441104482307
2026-01-10,Saturday,10,Cafeteria,4,32,3.1516870160521098,21,1,0,29.14327016711773
2026-05-07,Thursday,14,Cafeteria,2,118,2.7399818601345274,79,1,0,164.005291228161
2026-06-20,Saturday,15,Library Counter,1,72,2.0386086630948768,64,0,0,150.54097377853043
2026-05-17,Sunday,12,Student Service Center,2,70,5.224243126030458,41,0,0,184.58254480483632
2026-02-09,Monday,17,Library Counter,5,40,1.2826008180719897,19,1,0,14.468247428871809
2026-02-09,Monday,13,Student Service Center,3,96,2.5541776096954907,75,1,1,80.10956665243253
2026-05-10,Sunday,13,Library Counter,1,80,4.640995001374234,63,0,0,373.6330762928633
2026-04-18,Saturday,11,Student Service Center,2,44,5.354299554266018,42,0,0,118.7220145006949
2026-06-12,Friday,16,Cafeteria,2,45,5.4045123087218165,39,0,0,122.41812082183493
2026-02-10,Tuesday,13,Cafeteria,1,44,5.739928855363251,19,0,0,249.64028827891505
2026-04-30,Thursday,10,Admin Office,4,40,6.21142146862676,43,0,0,60.52586806993524
2026-04-06,Monday,15,Library Counter,4,31,7.002920688361088,12,1,0,56.94226735963098
2026-03-30,Monday,9,Fee Counter,5,34,2.9469358304681936,28,0,0,23.63949204904514
2026-06-16,Tuesday,9,Cafeteria,4,54,2.8629111693671256,40,1,0,39.24183904976367
2026-04-04,Saturday,10,Admin Office,2,62,4.875923203038173,56,0,0,154.80724870575446
2026-05-18,Monday,15,Fee Counter,4,65,6.2401809032322975,61,0,0,99.07154399076572
2026-06-14,Sunday,9,Student Service Center,4,32,5.396594462724943,25,0,0,45.83799183574077
2026-03-09,Monday,15,Student Service Center,3,45,7.418150586127742,47,0,0,113.4859440782101
2026-06-13,Saturday,11,Fee Counter,1,22,5.219187796607809,23,0,0,115.74707398498141
2026-05-28,Thursday,14,Admin Office,5,68,5.759644214148253,50,0,0,76.09053477303137
2026-04-17,Friday,8,Fee Counter,3,25,4.548506924403329,9,1,0,40.83444818334758
2026-01-03,Saturday,16,Student Service Center,3,31,4.411140976783466,28,0,0,45.95699493677485
2026-05-20,Wednesday,11,Library Counter,3,76,7.842993083861202,75,0,0,199.15409234923865
2026-01-04,Sunday,11,Student Service Center,5,86,7.38845450086097,65,1,0,127.2636242841485
2026-06-10,Wednesday,12,Admin Office,4,95,5.969519656029745,74,0,0,139.03672127974008
2026-03-27,Friday,13,Cafeteria,4,103,2.3790630759224505,74,0,0,65.74737289591418
2026-04-11,Saturday,13,Library Counter,3,91,3.0793722636883984,65,0,0,92.99971825894416
2026-04-09,Thursday,17,Student Service Center,4,45,1.711537231799296,50,0,0,18.837985711776554
2026-06-16,Tuesday,13,Fee Counter,3,104,7.949361796998059,73,1,0,274.7384601731111
2026-04-30,Thursday,14,Fee Counter,3,58,7.124196787724518,24,1,0,137.56232620854726
2026-04-13,Monday,9,Admin Office,3,53,1.4480217639921809,41,1,1,27.628026106926203
2026-04-11,Saturday,12,Library Counter,1,63,3.160214994757906,34,0,0,197.10902424089696
2026-04-10,Friday,15,Cafeteria,5,34,4.901213343981602,29,0,0,31.531654817886754
2026-02-10,Tuesday,12,Admin Office,3,57,3.6667186871064326,30,0,0,70.48450562898294
2026-01-06,Tuesday,11,Admin Office,5,58,2.519241994867594,56,0,0,27.505145381873863
2026-06-28,Sunday,9,Admin Office,1,50,4.881473439146353,45,0,0,241.07677126108118
2026-04-03,Friday,13,Fee Counter,5,103,7.2870642957718665,69,1,0,152.13620313740063
2026-06-25,Thursday,9,Cafeteria,2,64,5.621322644683758,55,0,0,177.52276303513395
2026-04-08,Wednesday,17,Cafeteria,5,48,5.020187774809605,52,0,0,46.59572279504848
2026-03-22,Sunday,10,Fee Counter,2,35,7.090436463662691,36,0,0,126.38360974681784
2026-04-06,Monday,12,Library Counter,2,38,1.5960823583618184,10,0,0,33.27237137589244
2026-06-16,Tuesday,16,Library Counter,5,29,7.449402902729636,33,0,0,45.06283477732358
2026-03-15,Sunday,11,Cafeteria,1,29,1.8510046681328025,27,1,1,57.91153119535852
2026-05-19,Tuesday,17,Admin Office,1,62,6.77708813510674,40,1,0,420.86368645781187
2026-06-10,Wednesday,14,Student Service Center,5,92,5.377734410878017,73,0,0,96.13553262903265
2026-02-06,Friday,8,Student Service Center,5,50,2.1051496505843303,35,1,0,23.439280852607446
2026-04-06,Monday,17,Cafeteria,3,12,1.3998591266281202,6,0,0,10.597472189987126
2026-06-06,Saturday,17,Admin Office,3,50,1.307220217901306,54,0,0,19.80315515392097
2026-01-22,Thursday,8,Fee Counter,5,57,2.7641538230691745,62,0,1,31.10093783912632
2026-03-27,Friday,17,Student Service Center,3,97,1.591439906092356,73,1,0,54.35336742010754
2026-05-29,Friday,8,Cafeteria,5,93,6.575368839788785,78,1,0,124.17627702848843
2026-03-06,Friday,13,Fee Counter,1,97,4.132844071161294,70,0,0,403.61729081136895
2026-01-10,Saturday,10,Library Counter,4,41,6.053989643051365,33,0,0,61.63459419677345
2026-01-16,Friday,12,Cafeteria,5,32,7.465199686000273,9,0,0,47.19168681311719
2026-03-22,Sunday,17,Fee Counter,1,41,4.414476051618713,35,0,0,185.23988718836495
2026-05-17,Sunday,13,Student Service Center,1,58,7.448340167835036,41,0,0,432.3004354035604
2026-05-25,Monday,13,Library Counter,1,52,7.014090910448293,35,0,0,368.7922375429804
2026-02-26,Thursday,13,Cafeteria,1,73,7.996504719467796,53,0,0,588.3528189781873
2026-02-23,Monday,11,Student Service Center,4,39,1.9025347825108812,48,0,1,21.55346408549593
2026-04-09,Thursday,13,Library Counter,5,70,5.39489072826375,51,0,1,75.31752707550383
2026-06-21,Sunday,8,Student Service Center,1,44,2.7160541772070346,45,0,1,118.96203422178785
2026-05-13,Wednesday,10,Admin Office,2,83,3.0555728882187765,75,0,0,124.86161684045204
2026-03-25,Wednesday,16,Admin Office,2,51,3.139619551354102,54,0,0,80.70085014738933
2026-04-26,Sunday,8,Library Counter,5,51,3.951830748818383,56,0,0,39.821622825267994
2026-02-23,Monday,9,Admin Office,4,38,1.7355862093464345,32,0,0,17.00007179298919
2026-01-05,Monday,12,Admin Office,4,35,6.092308987224662,15,0,0,56.678356214806044
2026-06-28,Sunday,17,Fee Counter,2,65,6.6421314444906745,44,1,0,216.83117274797002
2026-02-20,Friday,11,Cafeteria,3,56,3.7518357517260936,53,0,0,68.69355492057227
2026-05-25,Monday,14,Cafeteria,4,50,4.383128407443682,29,0,0,52.88057092924258
2026-02-22,Sunday,9,Library Counter,2,67,1.9812979319574104,66,0,0,64.46477147760982
2026-05-24,Sunday,9,Fee Counter,5,40,6.640179661159277,41,0,0,57.7415269303876
2026-02-28,Saturday,16,Fee Counter,2,24,7.778062824488657,27,0,0,91.7845876749984
2026-02-13,Friday,11,Library Counter,1,51,3.6309684507393865,56,0,0,183.7913121556791
2026-05-13,Wednesday,15,Fee Counter,5,51,4.054736492361842,47,0,0,42.72472551642451
2026-03-01,Sunday,12,Admin Office,1,96,1.8811720487439512,77,0,0,180.37932018273747
2026-04-07,Tuesday,11,Library Counter,2,19,1.4469122690528695,23,0,0,13.419728493327145
2026-01-11,Sunday,17,Fee Counter,5,4,2.881078397277671,7,0,0,2.5661994549908638
2026-02-06,Friday,15,Fee Counter,1,21,2.9137730633898276,14,0,0,63.18493524215433
2026-02-10,Tuesday,16,Library Counter,1,47,2.9179231739929006,51,0,1,134.84732276478255
2026-05-19,Tuesday,9,Cafeteria,4,60,3.5484844213147366,63,0,0,57.26893294948862
2026-01-02,Friday,9,Student Service Center,4,70,5.838481688970538,66,0,0,102.02846042338759
2026-06-27,Saturday,10,Fee Counter,5,44,7.681736105167702,55,0,1,65.36906922476619
2026-04-28,Tuesday,10,Fee Counter,1,62,6.126235235850857,51,1,0,384.08415102004
2026-02-25,Wednesday,17,Library Counter,3,85,5.434055108144327,78,0,0,156.41299288166422
2026-05-10,Sunday,8,Student Service Center,4,53,7.530211753684742,58,0,0,103.73430291039047
2026-03-01,Sunday,11,Student Service Center,1,69,2.925967296782666,69,0,0,201.66202299189703
2026-05-11,Monday,12,Cafeteria,3,55,4.55543210574509,13,1,0,83.80430137674293
2026-03-09,Monday,11,Student Service Center,2,55,5.223108313391158,53,0,0,142.97833332069723
2026-01-06,Tuesday,15,Cafeteria,5,30,4.248282363721344,34,0,0,25.234581959145878
2026-03-24,Tuesday,14,Cafeteria,5,50,6.392296579937876,28,1,1,63.47771971960033
2026-03-01,Sunday,8,Student Service Center,2,42,7.042316230942445,46,0,0,148.040433362444
2026-02-12,Thursday,15,Library Counter,3,46,2.7182648442919244,40,0,0,39.2484398102683
2026-06-24,Wednesday,9,Admin Office,3,69,1.5665989312623128,63,0,0,40.338945515560205
2026-03-13,Friday,16,Fee Counter,1,49,7.9187115214691755,44,0,0,393.0149380439195
2026-02-26,Thursday,11,Fee Counter,2,30,3.6387308891786407,33,0,0,52.32521601815481
2026-05-21,Thursday,12,Cafeteria,2,55,2.7481154911461845,40,0,0,79.19364565454796
2026-03-01,Sunday,10,Student Service Center,2,59,6.269661539724517,53,0,0,184.28921120705832
2026-06-26,Friday,13,Fee Counter,3,48,1.5724120381920437,32,0,0,26.808041040337244
2026-05-28,Thursday,10,Cafeteria,4,29,6.460789005816506,34,0,0,46.063587268712105
2026-01-22,Thursday,17,Cafeteria,3,37,2.188220368465542,40,0,0,29.489340443671587
2026-03-24,Tuesday,8,Fee Counter,2,32,3.003777654040795,32,0,0,47.90892938241181
2026-02-15,Sunday,11,Fee Counter,1,53,5.593866809646479,49,0,0,299.72846494855037
2026-06-25,Thursday,9,Fee Counter,5,19,1.2788155321749524,25,0,1,5.898315471282126
2026-03-30,Monday,10,Cafeteria,3,78,3.6933056129999975,69,0,0,96.76167394946263
2026-04-21,Tuesday,9,Cafeteria,5,54,4.974816061923315,45,0,0,52.055225752098224
2026-06-22,Monday,11,Fee Counter,5,76,6.724275113261467,68,0,0,104.16656762024034
2026-02-02,Monday,14,Fee Counter,5,43,6.5941416199481235,22,0,0,54.76452332051226
2026-05-25,Monday,8,Library Counter,1,75,2.9305573532126425,57,1,0,224.1511632377165
2026-04-24,Friday,9,Fee Counter,3,68,4.518109712211503,65,0,0,105.29152832203987
2026-03-20,Friday,16,Library Counter,3,59,5.233059348246967,64,0,0,101.98223834728522
2026-02-17,Tuesday,12,Cafeteria,1,89,6.336728826125662,67,0,0,563.8299950184746
2026-01-28,Wednesday,14,Fee Counter,3,27,6.225823356849942,9,0,0,59.20381251424246
2026-01-14,Wednesday,13,Admin Office,5,43,1.263009907743657,22,0,0,9.665158623397623
2026-05-29,Friday,9,Cafeteria,5,89,5.029829055059456,71,1,0,93.78833569232042
2026-04-15,Wednesday,8,Cafeteria,5,26,7.576444398118771,17,0,0,39.58749121665837
2026-04-09,Thursday,16,Admin Office,3,31,4.890563642554292,34,0,0,54.35399685512992
2026-03-21,Saturday,11,Admin Office,3,66,2.410503248650893,53,1,0,53.62310394717972
2026-04-18,Saturday,8,Fee Counter,4,25,3.2963337366326466,30,0,0,24.36134154992069
2026-06-19,Friday,11,Cafeteria,5,44,1.36433743375256,36,0,0,16.95061829196745
2026-04-18,Saturday,11,Fee Counter,4,42,6.002892176817953,38,0,0,67.8938489367674
2026-03-25,Wednesday,13,Library Counter,3,43,7.090345093094722,5,1,0,105.39979462537592
2026-05-16,Saturday,13,Cafeteria,3,21,7.720614282964783,5,0,0,55.779590431162376
2026-05-17,Sunday,17,Cafeteria,2,13,1.4321045294726396,14,0,0,12.6019155204479
2026-01-08,Thursday,11,Library Counter,2,26,3.025060528460851,21,0,0,44.18489431112103
2026-05-16,Saturday,17,Cafeteria,3,14,2.1226973359369916,16,0,0,8.938787496954431
2026-05-19,Tuesday,16,Admin Office,4,46,6.400400765541386,33,1,0,74.08495402041811
2026-06-01,Monday,12,Cafeteria,1,42,5.908901140624826,23,0,0,247.82320662884456
2026-06-12,Friday,14,Library Counter,3,97,6.344959811744613,73,0,0,209.42637127408176
2026-03-15,Sunday,9,Admin Office,4,42,1.4942377017614907,32,1,0,18.044705560730552
2026-02-07,Saturday,14,Admin Office,4,82,6.863924296837903,62,0,0,144.587824043761
2026-02-28,Saturday,10,Cafeteria,4,52,4.847252547807196,51,0,0,64.69363535865229
2026-03-12,Thursday,13,Admin Office,5,64,6.217669737527605,35,0,0,76.9219685053794
2026-06-25,Thursday,8,Student Service Center,2,68,6.963477503647378,70,0,0,235.80170788652927
2026-02-10,Tuesday,14,Cafeteria,4,104,2.0664485376483066,61,1,0,57.616798932037085
2026-04-24,Friday,14,Fee Counter,3,27,4.241904295046776,6,0,0,39.873168700717926
2026-06-27,Saturday,8,Student Service Center,3,39,1.9468159686257616,44,0,0,25.14596734480877
2026-03-19,Thursday,13,Fee Counter,2,68,4.265882388470509,53,0,0,144.61311781008166
2026-03-11,Wednesday,10,Cafeteria,4,0,5.986915521641775,7,0,1,3.3374170447089746
2026-01-12,Monday,15,Library Counter,2,68,3.6800722568141904,71,0,0,124.61096536496903
2026-06-03,Wednesday,15,Student Service Center,4,75,6.093655963654816,66,0,0,117.27702614486077
2026-05-31,Sunday,14,Cafeteria,4,38,3.753767660868938,19,0,0,37.50817466568294
2026-02-02,Monday,8,Cafeteria,3,58,4.973226242476871,49,0,0,98.19864230226008
2026-06-03,Wednesday,16,Student Service Center,3,80,7.883314895689638,68,1,0,213.6876954135576
2026-01-07,Wednesday,14,Fee Counter,2,70,5.151733618064251,38,1,0,181.31406557401064
2026-01-07,Wednesday,12,Fee Counter,2,43,1.501820805505936,10,1,0,34.22238035032148
2026-06-24,Wednesday,8,Student Service Center,5,47,2.8601931008549633,49,0,0,26.16158229913306
2026-05-25,Monday,8,Cafeteria,4,83,4.7868703221245505,61,1,0,97.80371581346347
2026-04-18,Saturday,13,Admin Office,1,39,7.583157261264381,22,0,0,299.4972845922168
2026-06-13,Saturday,15,Cafeteria,3,40,7.305630105516471,20,1,0,94.67586436868643
2026-03-12,Thursday,10,Fee Counter,2,57,2.870478870507066,57,0,0,84.73149729481017
2026-06-23,Tuesday,12,Fee Counter,2,95,3.3228089055405747,77,0,0,158.66031576504278
2026-04-16,Thursday,15,Cafeteria,3,22,3.601111491565542,27,0,0,25.399044319528013
2026-04-07,Tuesday,11,Admin Office,5,17,6.568123015419354,13,0,0,24.011815688782175
2026-04-20,Monday,11,Fee Counter,5,16,1.7422685279356864,19,0,0,5.491496957858584
2026-01-25,Sunday,14,Fee Counter,5,59,3.4908696276971054,40,0,0,43.60854067507711
2026-05-04,Monday,10,Student Service Center,1,46,5.252656394268786,43,0,0,244.95914919790042
2026-02-22,Sunday,10,Admin Office,1,2,7.002246932803182,6,0,0,14.501936378976879
2026-06-17,Wednesday,10,Admin Office,2,43,5.235230568169768,35,0,0,115.56741079915564
2026-03-03,Tuesday,17,Cafeteria,5,57,7.449615424830912,44,1,0,86.16333250716823
2026-06-21,Sunday,15,Admin Office,1,42,1.5270699773773022,41,0,0,65.20913085988325
2026-04-22,Wednesday,17,Fee Counter,1,50,7.027519510011532,48,0,0,348.615726505916
2026-06-03,Wednesday,8,Admin Office,3,85,4.198181174272059,70,1,0,117.69892781242972
2026-01-29,Thursday,9,Cafeteria,2,63,4.14771762165093,60,1,1,130.43768488526166
2026-03-15,Sunday,14,Library Counter,2,51,6.029887994168577,24,0,0,158.293282647332
2026-01-16,Friday,12,Cafeteria,2,69,2.853349330728777,38,1,0,98.92915905960585
2026-06-07,Sunday,14,Library Counter,3,78,5.369835975559057,55,0,0,142.40638001134255
2026-05-25,Monday,16,Student Service Center,5,70,3.794422906264592,70,0,0,52.33207324377153
2026-05-15,Friday,9,Cafeteria,1,55,1.4653637764049234,59,0,0,81.43629550442003
2026-04-21,Tuesday,13,Fee Counter,1,86,6.9318102120556,65,0,0,596.6542850984516
2026-01-26,Monday,14,Admin Office,5,101,1.2392158575747745,77,0,0,24.358907981008674
2026-05-14,Thursday,15,Student Service Center,4,64,5.57425828559917,46,1,0,88.49397123433155
2026-02-11,Wednesday,15,Admin Office,4,69,1.2599530885853345,71,0,0,22.024707989641747
2026-06-20,Saturday,14,Cafeteria,5,78,5.679372537528057,54,0,0,87.01361649778812
2026-01-03,Saturday,15,Admin Office,1,45,6.679027260970937,47,0,0,304.0757853302761
2026-04-28,Tuesday,13,Admin Office,1,48,6.887883027069566,27,0,0,329.50919240240995
2026-04-11,Saturday,11,Library Counter,2,64,4.222647155346079,48,1,0,135.56512570529176
2026-06-02,Tuesday,8,Cafeteria,4,78,7.430865749655907,73,0,0,148.34999170232007
2026-04-18,Saturday,9,Library Counter,4,22,1.6371009074507747,20,0,0,9.099463897663531
2026-06-09,Tuesday,13,Cafeteria,4,62,1.1506562057829857,46,0,0,22.463411365674446
2026-06-07,Sunday,15,Student Service Center,3,11,3.106965040863419,6,0,0,10.311428367693766
2026-05-02,Saturday,10,Cafeteria,2,31,1.4580297509787217,13,1,0,21.51287369733678
2026-04-01,Wednesday,13,Admin Office,4,80,1.1307293032761834,51,0,0,23.489040982349323
2026-02-16,Monday,9,Library Counter,4,32,7.5290433427770145,37,0,0,58.57993413066656
2026-02-15,Sunday,12,Admin Office,3,78,5.153031363923522,64,0,1,138.12891288127537
2026-01-26,Monday,17,Cafeteria,3,10,5.0781221933240985,7,0,0,15.825251138800159
2026-05-16,Saturday,14,Fee Counter,3,64,6.628373167426618,48,0,0,140.8385277827944
2026-04-18,Saturday,11,Fee Counter,3,30,4.489516415234531,25,0,0,46.52377827495532
2026-05-24,Sunday,11,Admin Office,1,45,2.2348739534678863,45,0,0,100.25131630530502
2026-02-26,Thursday,10,Cafeteria,3,26,1.638867385973406,31,0,0,14.20105820591201
2026-06-02,Tuesday,13,Cafeteria,5,38,4.947713412918212,17,0,0,41.63920204398568
2026-02-14,Saturday,15,Fee Counter,5,89,4.7974381755354045,66,1,0,84.27367742645173
2026-03-31,Tuesday,11,Student Service Center,2,41,6.5060673249177094,40,0,0,131.0955022337406
2026-03-15,Sunday,14,Admin Office,1,80,5.869527601144037,39,1,0,468.01031754940925
2026-05-15,Friday,13,Cafeteria,4,40,2.9689428349280713,7,1,0,30.2471576312128
2026-05-21,Thursday,15,Admin Office,3,15,5.014887333061014,18,0,0,27.18147736386731
2026-02-15,Sunday,14,Fee Counter,2,72,2.2947801588733494,47,0,0,84.29613176223054
2026-06-07,Sunday,16,Fee Counter,1,70,3.3957801197413833,70,0,0,235.03825680267667
2026-03-31,Tuesday,16,Library Counter,4,57,3.5086511076885727,52,0,0,49.38413850492478
2026-06-02,Tuesday,8,Library Counter,1,24,6.512314209685899,21,0,0,158.67033649933114
2026-06-02,Tuesday,9,Admin Office,2,74,4.131767406096549,73,0,0,154.1053529132994
2026-06-15,Monday,9,Fee Counter,5,82,3.1585427071841146,79,0,0,56.504051052433056
2026-04-29,Wednesday,16,Library Counter,1,20,6.1830911023206845,12,0,0,126.09841954213204
2026-02-13,Friday,14,Admin Office,1,29,7.6872855273603395,13,0,0,226.55287735022523
2026-04-03,Friday,17,Cafeteria,4,48,4.875994003864085,40,0,0,60.43810130659457
2026-02-04,Wednesday,15,Fee Counter,1,38,3.824418569031678,35,0,0,145.64371246238875
2026-01-26,Monday,10,Admin Office,4,14,7.014078533688692,6,0,0,22.53155416185932
2026-02-03,Tuesday,9,Student Service Center,3,62,4.134506935147664,56,0,0,88.32425002254755
2026-05-29,Friday,11,Student Service Center,5,75,5.404720629850297,52,1,0,83.3569004433065
2026-02-21,Saturday,13,Student Service Center,2,41,5.302082915631781,30,0,1,113.48573471010563
2026-06-28,Sunday,16,Cafeteria,2,83,2.733422077146215,78,0,0,114.57015310982196
2026-04-24,Friday,8,Cafeteria,2,35,3.0114332794823637,21,1,1,52.80284650031129
2026-03-12,Thursday,9,Library Counter,4,63,3.911128153387865,57,0,0,66.0713239352989
2026-02-09,Monday,11,Fee Counter,3,24,6.290217650433776,18,0,0,51.58411584139622
2026-06-26,Friday,10,Student Service Center,5,22,2.19959991765531,23,0,0,13.43191807954944
2026-04-11,Saturday,16,Admin Office,5,39,3.0335015382392756,34,0,0,21.75157751117836
2026-04-26,Sunday,16,Library Counter,1,23,4.521489448868759,34,0,1,105.81412571874849
2026-02-27,Friday,17,Fee Counter,3,23,6.219492527654842,16,0,0,50.873230921756196
2026-06-18,Thursday,9,Student Service Center,5,51,5.226944186993263,45,0,0,56.582026118145606
2026-02-14,Saturday,14,Fee Counter,5,56,5.218893843520044,15,1,0,61.87907036504028
2026-05-03,Sunday,11,Admin Office,1,10,7.291696426400409,7,0,0,74.72975398750305
2026-05-27,Wednesday,8,Cafeteria,1,32,3.4458503283616633,32,0,0,112.64010823467386
2026-03-15,Sunday,15,Student Service Center,1,81,6.386359578386912,73,0,0,518.5313702871474
2026-02-07,Saturday,10,Student Service Center,2,20,6.22160281407905,35,0,1,62.88734964484833
2026-05-02,Saturday,11,Fee Counter,1,44,7.307197386053137,37,0,0,322.82515838477826
2026-06-08,Monday,14,Cafeteria,2,51,1.4371181800265234,25,0,0,40.85997782093875
2026-05-29,Friday,14,Student Service Center,2,78,6.236610329102403,50,0,0,247.52286944504274
2026-02-23,Monday,8,Student Service Center,4,36,4.328664150671895,40,0,0,38.38477124389485
2026-02-02,Monday,14,Student Service Center,5,93,4.491429966364052,68,0,0,86.58357148344409
2026-05-21,Thursday,15,Library Counter,5,27,4.003790139013814,25,0,0,23.524579248196254
2026-02-19,Thursday,8,Admin Office,2,18,6.023268214180842,17,0,0,52.346342934990595
2026-02-11,Wednesday,17,Fee Counter,5,71,5.794187326718915,76,0,0,83.24498159178849
2026-02-06,Friday,15,Fee Counter,4,53,6.241490080291885,44,1,1,81.94568435572164
2026-01-27,Tuesday,13,Fee Counter,4,107,4.4641991428316565,64,1,0,119.42455325745178
2026-06-28,Sunday,10,Cafeteria,2,72,3.655644579979409,64,0,0,129.98987087353424
2026-05-27,Wednesday,16,Library Counter,2,41,2.1290447320211032,37,0,0,46.521566257286985
2026-06-15,Monday,13,Cafeteria,4,87,2.656215781220829,69,0,0,61.863417346327125
2026-03-15,Sunday,13,Library Counter,1,34,7.327609118390276,17,0,0,249.43039491679627
2026-05-20,Wednesday,12,Fee Counter,4,37,6.462843491526351,8,0,0,64.28826526740296
2026-06-26,Friday,9,Admin Office,2,24,5.282924160189291,12,1,0,62.574170740692594
2026-06-13,Saturday,15,Cafeteria,2,70,6.093220453396273,69,0,0,216.54717315899242
2026-03-02,Monday,12,Fee Counter,1,62,5.632547011430825,34,0,0,349.7913316584736
2026-01-12,Monday,12,Library Counter,3,36,3.4967731871333894,20,0,0,45.22758936547172
2026-05-21,Thursday,9,Fee Counter,1,37,3.553711225577132,48,0,1,134.82411098574005
2026-01-17,Saturday,17,Fee Counter,1,45,6.766844345832056,47,0,0,308.49866705237713
2026-02-17,Tuesday,17,Cafeteria,1,15,6.148331997441682,12,0,0,95.69064693234048
2026-03-11,Wednesday,16,Library Counter,5,67,4.888163687728562,64,0,0,69.70673355863634
2026-05-14,Thursday,15,Student Service Center,4,20,4.221501237666423,21,0,0,24.57190714033848
2026-02-27,Friday,14,Student Service Center,3,75,1.3031532717504077,54,0,0,33.54678064883221
2026-05-01,Friday,8,Cafeteria,5,64,5.054690947237645,68,0,0,64.11841071160642
2026-01-23,Friday,14,Fee Counter,5,31,5.113462365518984,6,0,0,32.43551856603869
2026-04-02,Thursday,10,Admin Office,4,31,5.908960766204371,45,0,1,48.59854687428378
2026-05-31,Sunday,11,Cafeteria,1,37,7.631865212319897,31,0,0,282.7965088296513
2026-01-23,Friday,17,Admin Office,1,14,2.197228523705896,12,0,0,31.19988276743222
2026-06-10,Wednesday,17,Fee Counter,3,58,7.87924777668989,61,0,0,153.5190151179974
2026-02-21,Saturday,17,Fee Counter,2,30,7.456042953461124,15,1,0,112.89170862596477
2026-01-29,Thursday,17,Cafeteria,5,65,2.049311652915153,46,1,0,31.105534176802266
2026-06-21,Sunday,14,Library Counter,4,52,6.455936459458438,36,0,0,86.17989577880812
2026-02-02,Monday,8,Library Counter,4,76,5.845527580300818,77,0,1,109.28874654060922
2026-05-11,Monday,8,Admin Office,5,33,3.9148056823741166,45,0,1,28.63605138925169
2026-01-08,Thursday,15,Admin Office,2,65,3.223500851943678,63,0,0,106.00804641627018
2026-02-28,Saturday,14,Fee Counter,3,104,3.91033184310748,74,1,0,133.27660097365165
2026-05-20,Wednesday,16,Student Service Center,2,54,6.954432646472643,51,0,0,191.52115474563442
2026-06-02,Tuesday,11,Fee Counter,5,45,7.7266257680906,44,0,0,73.29323983922153
2026-06-20,Saturday,15,Fee Counter,2,49,1.360926903243512,40,0,0,33.685669269599366
2026-03-22,Sunday,8,Student Service Center,1,17,5.879806472407828,13,0,0,100.24916190481372
2026-05-09,Saturday,11,Admin Office,1,34,5.367831470126707,30,0,0,181.84587039689512
2026-02-07,Saturday,8,Cafeteria,1,61,2.3156927605959456,60,0,0,139.34171153292223
2026-05-21,Thursday,12,Admin Office,1,80,2.416823544686884,60,0,0,193.67358217585232
2026-05-21,Thursday,13,Fee Counter,1,39,5.861045988882093,18,1,1,227.85996762342327
2026-05-06,Wednesday,13,Fee Counter,2,108,5.4074191756874885,66,1,0,291.2462011607937
2026-04-12,Sunday,10,Library Counter,5,63,4.628549116109511,63,0,0,55.39751360439098
2026-03-10,Tuesday,14,Library Counter,3,68,2.957275395870725,48,0,0,69.7733918608764
2026-03-29,Sunday,11,Student Service Center,2,44,4.817126297637239,43,0,0,106.6397986213534
2026-03-18,Wednesday,10,Admin Office,2,59,3.31422625578674,51,0,0,99.70849562230255
2026-05-22,Friday,15,Library Counter,1,14,5.823246883271828,7,0,0,79.37189813161756
2026-06-27,Saturday,15,Admin Office,4,79,4.7350527022851,73,0,0,95.40453399979404
2026-01-12,Monday,14,Student Service Center,5,52,1.2609230480609515,37,0,0,13.272351510562201
2026-01-18,Sunday,13,Student Service Center,4,103,7.170078651860304,74,0,0,185.1801236397334
2026-06-14,Sunday,11,Student Service Center,4,18,5.062899527516182,21,0,0,26.95391971420063
2026-04-26,Sunday,17,Student Service Center,3,35,1.8074407218533834,25,1,0,24.009033429178693
2026-05-26,Tuesday,12,Library Counter,5,44,4.984110893979305,13,1,0,43.647245810901495
2026-03-24,Tuesday,10,Admin Office,5,55,3.915498785577322,63,0,1,44.387639159057294
2026-02-10,Tuesday,15,Fee Counter,4,24,2.1855788484318284,15,0,0,15.489190275996123
2026-06-11,Thursday,12,Admin Office,3,55,7.147557127574996,36,0,0,130.62690643718088
2026-02-02,Monday,11,Cafeteria,5,30,2.334800148061566,26,0,0,17.456800534736182
2026-05-17,Sunday,14,Library Counter,2,104,2.65000476685337,79,0,0,135.4742900466347
2026-02-11,Wednesday,17,Admin Office,5,71,3.479420852392155,76,0,0,49.73231427429073
2026-06-25,Thursday,9,Student Service Center,2,63,5.327405748229051,60,0,0,171.9871066131856
2026-04-05,Sunday,17,Cafeteria,5,24,6.51245832643731,22,0,0,31.83810363501268
2026-01-25,Sunday,9,Fee Counter,2,17,5.739604745274593,20,0,0,50.3304058617773
2026-03-19,Thursday,15,Library Counter,4,65,2.3429832088058054,63,1,1,36.85923471313163
2026-01-10,Saturday,13,Library Counter,2,96,2.404662608518622,77,0,0,115.81905127166091
2026-04-10,Friday,15,Fee Counter,3,74,3.7696707493183053,51,1,0,91.13364602572656
2026-01-28,Wednesday,8,Library Counter,4,25,6.222025709174667,20,0,0,37.81103778112389
2026-01-30,Friday,13,Fee Counter,4,61,4.325711800859763,34,0,0,69.54610162636328
2026-04-03,Friday,9,Library Counter,4,76,5.047180178063745,68,0,0,92.97345780833002
2026-06-08,Monday,15,Student Service Center,5,30,6.235835738995452,13,1,0,36.388286600633414
2026-03-10,Tuesday,15,Admin Office,2,71,2.4229633528611214,72,0,0,86.02761271269222
2026-05-02,Saturday,10,Fee Counter,4,59,5.273331866446188,59,0,0,81.28779500594784
2026-02-01,Sunday,13,Cafeteria,2,39,6.2993302284797625,20,0,0,122.03064080894724
2026-01-08,Thursday,12,Cafeteria,5,40,7.604873877531266,22,0,1,65.37709299980355
2026-02-06,Friday,17,Fee Counter,1,25,6.669961278038484,24,0,0,165.04571750297737
2026-03-14,Saturday,16,Fee Counter,5,61,1.2826093028989012,49,1,0,17.464144826472925
2026-05-16,Saturday,16,Student Service Center,4,59,7.155998044233383,53,0,0,105.75305254619916
2026-06-07,Sunday,16,Fee Counter,4,12,4.178132400866237,11,0,0,9.831348591130203
2026-02-27,Friday,12,Admin Office,4,43,6.021835308203688,23,0,0,69.13941082951419
2026-06-04,Thursday,14,Library Counter,3,33,7.775730646180683,11,0,0,83.16135367477214
2026-03-29,Sunday,11,Fee Counter,2,43,5.43320372451743,34,0,0,119.92285978795086
2026-02-17,Tuesday,9,Student Service Center,4,26,1.6266026111037437,27,0,0,9.088583226533244
2026-01-02,Friday,9,Cafeteria,2,36,1.4419043711994166,29,0,0,25.109535086340927
2026-06-18,Thursday,8,Student Service Center,2,36,6.8962147292052745,31,0,0,124.30735662771448
2026-03-21,Saturday,12,Fee Counter,3,67,2.1497105924778577,51,0,0,46.16672990240933
2026-05-30,Saturday,14,Admin Office,3,37,7.778005381770779,19,0,0,98.73275048353293
2026-06-22,Monday,11,Admin Office,3,3,5.321619038544972,8,0,0,10.138009089021072
2026-02-15,Sunday,16,Admin Office,5,58,5.747845468292543,55,0,0,71.38187134387223
2026-04-04,Saturday,12,Admin Office,5,53,5.0298247902335325,26,0,0,53.944775282745034
2026-06-04,Thursday,12,Cafeteria,4,57,6.287877640254264,38,0,0,87.09752241020028
2026-06-19,Friday,16,Student Service Center,1,47,7.23160317398258,47,0,0,342.87461109694294
2026-01-25,Sunday,11,Library Counter,2,33,6.856787446845888,33,0,0,117.0543275971002
2026-03-12,Thursday,13,Student Service Center,2,47,2.883249394631773,29,0,0,69.29871166886748
2026-05-07,Thursday,13,Cafeteria,1,42,2.729315710432682,16,0,0,113.49513707022881
2026-05-23,Saturday,12,Fee Counter,2,67,6.812008527845768,49,0,1,232.26085116855316
2026-04-19,Sunday,15,Student Service Center,2,24,3.4191026246812823,26,0,1,44.19395264358409
2026-04-09,Thursday,17,Cafeteria,1,17,5.397822565771978,17,0,0,94.11106855311694
2026-05-08,Friday,12,Admin Office,3,36,5.3379975178340535,23,0,1,65.5648847269793
2026-03-26,Thursday,14,Student Service Center,3,52,6.10454144770802,32,0,0,105.55165076521818
2026-01-19,Monday,10,Admin Office,2,57,7.966502297406277,60,0,0,230.20138416625224
2026-01-05,Monday,13,Library Counter,2,86,3.7845574721047797,55,1,0,162.87055526188925
2026-06-03,Wednesday,16,Cafeteria,5,83,6.146217794506748,75,0,0,101.58028389709447
2026-04-20,Monday,15,Student Service Center,4,17,7.728532512908574,8,0,0,32.434063019236504
2026-05-03,Sunday,10,Admin Office,2,62,2.8665123255862683,64,0,0,93.82617756252972
2026-04-25,Saturday,16,Fee Counter,1,77,1.4140605362217569,76,0,0,108.97626538383496
2026-02-11,Wednesday,11,Student Service Center,5,31,6.649014313869784,22,0,0,44.41059149013752
2026-05-24,Sunday,15,Student Service Center,2,86,5.651829318308217,77,0,0,241.37786222602955
2026-01-08,Thursday,9,Admin Office,4,10,2.88002747656224,15,0,1,4.765906947526143
2026-04-14,Tuesday,13,Admin Office,4,60,4.330163164723709,31,0,0,66.44755018284935
2026-02-13,Friday,11,Admin Office,4,65,4.619108010821206,60,0,0,79.12351945168484
2026-04-02,Thursday,9,Fee Counter,2,23,4.488775654324658,14,0,0,52.31279263403021
2026-03-06,Friday,14,Student Service Center,3,95,6.632603907473134,77,0,0,207.34664666817923
2026-01-16,Friday,16,Library Counter,4,34,2.9102077104259383,36,0,0,24.67551464010638
2026-03-25,Wednesday,8,Student Service Center,1,19,7.427900033414623,11,0,0,138.51716190838957
2026-01-13,Tuesday,8,Library Counter,5,44,5.840306974704092,39,0,0,51.973051071234806
2026-02-13,Friday,13,Library Counter,5,90,6.079898293922903,59,1,0,109.5349843180496
2026-04-07,Tuesday,9,Cafeteria,5,49,6.847999753011398,29,1,0,71.58362978716917
2026-05-27,Wednesday,16,Fee Counter,1,75,4.548026813178536,74,0,0,344.45785760852925
2026-03-21,Saturday,9,Admin Office,3,66,4.930798411845782,57,0,0,109.6897063536516
2026-02-26,Thursday,11,Student Service Center,2,84,7.276452679120289,77,0,0,307.41302492505554
2026-04-26,Sunday,9,Library Counter,3,64,4.993985175272522,62,0,0,108.8347364422471
2026-03-16,Monday,17,Library Counter,3,60,2.3965338509804925,61,0,0,48.560784056528455
2026-03-17,Tuesday,11,Cafeteria,4,76,2.824372360262856,78,0,0,52.72947355604832
2026-01-06,Tuesday,17,Fee Counter,5,44,6.72546858032916,23,1,0,59.33611875115939
2026-03-28,Saturday,11,Admin Office,5,77,2.3764699090555315,68,0,0,34.68761593935986
2026-05-02,Saturday,16,Admin Office,1,44,2.1440328159400988,57,0,1,92.33341646880403
2026-01-22,Thursday,15,Student Service Center,3,79,3.0980856800965584,70,0,0,80.0444746638417
2026-06-03,Wednesday,14,Fee Counter,1,32,1.6460918919624516,11,0,0,50.42188736096256
2026-01-13,Tuesday,17,Library Counter,2,55,1.8031611088292632,58,0,0,47.57972577291305
2026-06-07,Sunday,8,Library Counter,2,60,6.7846234376911525,43,1,0,208.06901490751628
2026-06-14,Sunday,17,Student Service Center,4,86,1.1913029979243352,70,1,0,28.215620973008875
2026-04-21,Tuesday,13,Fee Counter,3,37,4.732602060030856,10,0,0,59.561680503653484
2026-05-28,Thursday,9,Student Service Center,1,49,4.918432445746802,53,0,0,238.01754852527378
2026-05-15,Friday,14,Cafeteria,4,60,6.5398733064306604,43,0,0,99.94028857121211
2026-05-20,Wednesday,14,Cafeteria,1,71,3.1088320027657126,32,1,0,222.74233691515806
2026-02-13,Friday,12,Library Counter,1,62,6.6543151232076685,43,0,0,409.97032887503354
2026-06-16,Tuesday,14,Student Service Center,4,61,6.09129173899847,46,0,0,90.18185587079726
2026-02-16,Monday,13,Admin Office,2,59,1.6577306708532977,34,0,0,49.05900633841155
2026-02-26,Thursday,8,Fee Counter,5,37,4.089062753077196,33,0,0,32.47818123994777
2026-05-27,Wednesday,9,Student Service Center,1,39,2.5629432379004284,39,0,0,104.49735141919572
2026-03-23,Monday,14,Student Service Center,1,32,4.136797269172547,8,0,0,134.80082269544926
2026-03-26,Thursday,11,Admin Office,4,15,4.323510212238057,18,0,0,20.548505681455563
2026-01-29,Thursday,14,Fee Counter,1,47,7.959149831125535,27,0,0,371.40059921330715
2026-02-01,Sunday,12,Admin Office,1,70,3.7026387718098652,45,0,0,262.4911388877199
2026-03-02,Monday,10,Library Counter,3,32,6.459477430524787,18,1,0,68.58817621171009
2026-04-02,Thursday,10,Library Counter,1,47,5.753017652481667,43,0,0,271.6529692899634
2026-05-31,Sunday,15,Library Counter,2,44,7.141971438143251,48,0,0,154.75115013716444
2026-01-01,Thursday,8,Admin Office,4,37,3.599833871173948,40,0,0,33.164904886587514
2026-02-15,Sunday,13,Fee Counter,1,87,2.0512593865730846,65,0,0,180.33296349744603
2026-02-03,Tuesday,12,Admin Office,1,65,4.209536402480191,45,0,0,277.78137489345545
2026-04-01,Wednesday,17,Fee Counter,4,43,7.410639298711748,21,1,0,84.54068199953927
2026-02-24,Tuesday,11,Library Counter,4,86,6.986553384010365,64,1,0,152.67617647425885
2026-02-18,Wednesday,15,Admin Office,4,25,4.976204355746974,21,0,0,28.208935965452
2026-02-21,Saturday,14,Fee Counter,5,53,2.2946550165262156,19,1,1,22.620740738142423
2026-01-19,Monday,13,Fee Counter,4,69,7.1553500735949,49,0,0,125.3420688863234
2026-01-01,Thursday,15,Admin Office,3,16,5.445859891001401,9,0,0,26.61024549029636
2026-02-22,Sunday,17,Admin Office,5,41,3.5366267666926463,48,0,1,29.633279786590926
2026-03-07,Saturday,12,Student Service Center,2,72,4.1231051835206936,43,0,0,145.86910476339375
2026-03-31,Tuesday,9,Fee Counter,2,47,2.095278326261223,52,0,0,49.31058482419977
2026-03-22,Sunday,8,Student Service Center,5,62,5.222094908589901,67,0,0,68.08972571395493
2026-03-30,Monday,9,Cafeteria,5,93,5.890787105543964,74,1,0,113.46794241952905
2026-06-03,Wednesday,8,Admin Office,4,83,2.4565108437441436,76,0,0,50.88166129154241
2026-06-20,Saturday,16,Library Counter,4,89,4.121222803301415,67,1,0,96.17680939147708
2026-02-08,Sunday,14,Cafeteria,5,42,5.249386306114033,5,1,0,41.19235002607483
2026-05-18,Monday,9,Cafeteria,4,9,5.9643825331223095,14,0,0,11.142431574102556
2026-02-16,Monday,16,Admin Office,5,58,4.072922999267413,58,0,0,47.29529825765595
2026-05-09,Saturday,12,Library Counter,1,52,3.599994487658086,30,0,0,188.60934240298423
2026-01-09,Friday,17,Library Counter,5,88,5.837888962990293,76,1,0,100.02267165514003
2026-03-04,Wednesday,15,Fee Counter,5,64,6.745612990503316,41,1,0,90.32946403316687
2026-02-27,Friday,17,Student Service Center,2,46,4.81703626015295,36,1,0,109.08933803070958
2026-06-03,Wednesday,9,Student Service Center,3,31,3.8782140496355213,22,0,0,43.95470210633314
2026-01-15,Thursday,16,Cafeteria,5,94,3.287033119877111,79,1,0,61.97815511780877
2026-02-10,Tuesday,10,Cafeteria,2,92,2.9802043858655534,68,1,0,140.64288848499643
2026-05-11,Monday,15,Cafeteria,4,97,1.4043537327024158,79,1,0,34.60431218138179
2026-06-11,Thursday,8,Library Counter,4,63,3.620056326836666,74,0,1,56.55936390891171
2026-01-13,Tuesday,15,Library Counter,5,27,3.413359987358951,35,0,1,17.510955816125716
2026-03-15,Sunday,11,Fee Counter,5,59,1.8733339250951913,52,0,0,21.02255142800824
2026-05-23,Saturday,12,Student Service Center,4,69,6.563034439586454,42,0,0,115.05080767362338
2026-02-04,Wednesday,10,Library Counter,5,59,6.488274750411532,42,1,0,80.48931956848539
2026-02-26,Thursday,15,Cafeteria,2,100,4.745580939408975,77,1,0,234.3168767551677
2026-01-21,Wednesday,10,Cafeteria,1,22,7.387335656895961,10,1,0,160.860606142187
2026-06-11,Thursday,8,Admin Office,2,65,2.4288494929428275,48,1,0,77.83619448742874
2026-01-31,Saturday,17,Fee Counter,1,37,7.333282775185235,18,1,0,273.178017407781
2026-01-24,Saturday,11,Admin Office,5,10,1.4483654383742726,17,0,1,6.769207705122238
2026-05-17,Sunday,9,Student Service Center,2,28,7.60637176244687,30,0,0,108.6639734603898
2026-06-29,Monday,15,Fee Counter,4,45,2.1786165359686196,53,0,1,22.821353906399473
2026-05-26,Tuesday,10,Admin Office,2,69,3.9002738518847773,72,0,0,134.53017155181098
2026-03-19,Thursday,17,Cafeteria,2,49,1.9611485098404788,49,0,0,49.19269794279763
2026-04-28,Tuesday,11,Library Counter,2,43,3.2887531315588823,37,0,0,74.43765519239861
2026-01-25,Sunday,11,Cafeteria,1,12,1.9474137127277524,14,0,0,28.112538835950428
2026-04-26,Sunday,10,Cafeteria,2,57,2.7781446716865847,61,0,1,80.12423564299677
2026-03-24,Tuesday,16,Fee Counter,1,22,7.597795477761909,22,0,0,164.8439327119622
2026-01-13,Tuesday,16,Admin Office,2,6,1.0232602249892049,13,0,1,1.0
2026-02-04,Wednesday,17,Cafeteria,5,21,6.168841337583202,33,0,1,29.52591837982436
2026-02-08,Sunday,12,Cafeteria,4,61,7.710359715710782,38,0,0,122.38751350890551
2026-06-04,Thursday,17,Fee Counter,3,42,5.866293111491827,19,1,0,86.85123430504935
2026-03-21,Saturday,16,Student Service Center,3,24,4.247826772398767,29,0,0,32.248798443495176
2026-03-01,Sunday,14,Cafeteria,1,92,5.090177959006676,63,0,0,467.43636468821853
2026-04-19,Sunday,17,Fee Counter,2,26,2.973891575900931,12,1,0,38.79222233465642
2026-04-01,Wednesday,15,Fee Counter,2,55,1.5428192891677244,56,0,0,40.7919409457175
2026-02-20,Friday,9,Admin Office,4,20,7.093995812604438,16,0,0,33.05217731626293
2026-06-07,Sunday,13,Fee Counter,4,89,4.228771174405136,53,1,0,98.6652426460032
2026-05-22,Friday,14,Cafeteria,2,57,6.161104174284573,28,0,0,179.59097352119053
2026-02-24,Tuesday,9,Admin Office,3,21,2.1230167402941325,20,0,0,12.648666235858595
2026-05-09,Saturday,17,Student Service Center,4,29,7.3824314706618885,31,0,0,51.85299336756143
2026-03-03,Tuesday,14,Admin Office,5,74,2.320026344585116,47,0,0,34.877847563478795
2026-01-07,Wednesday,8,Cafeteria,3,14,6.532219383071429,8,0,0,28.191032731254005
2026-03-12,Thursday,10,Library Counter,3,39,4.349646635688118,32,0,0,59.727956443663345
2026-06-22,Monday,13,Student Service Center,1,55,6.843578015512688,22,1,0,379.74528644931513
2026-06-10,Wednesday,14,Fee Counter,4,101,5.013283589738001,75,0,0,124.56542256356666
2026-05-03,Sunday,14,Student Service Center,1,84,2.6470328344983742,41,1,0,225.74326647859417
2026-02-26,Thursday,11,Cafeteria,1,19,6.0748701603272846,14,0,0,112.6535778503812
2026-04-30,Thursday,12,Library Counter,1,77,1.8398065198592322,36,1,0,141.25254162350626
2026-04-26,Sunday,12,Cafeteria,4,49,5.192620803938749,27,0,0,63.48561797785709
2026-05-26,Tuesday,10,Cafeteria,2,12,1.982968442997843,11,0,0,9.416322388947542
2026-03-09,Monday,10,Library Counter,3,46,3.4612666071386755,50,0,0,56.27098299143349
2026-01-11,Sunday,10,Fee Counter,5,31,3.573020709965873,7,1,0,23.43791489648292
2026-05-04,Monday,16,Admin Office,1,41,3.760714770105318,40,0,0,154.12878062581925
2026-05-05,Tuesday,8,Library Counter,3,19,7.077159574989031,24,0,1,43.559534217932665
2026-02-26,Thursday,14,Admin Office,3,42,3.0979334612241027,19,0,0,43.11479571080714
2026-03-25,Wednesday,11,Library Counter,4,55,2.412028341848616,46,0,0,36.14340474363389
2026-03-12,Thursday,12,Admin Office,3,81,4.632215631795674,64,0,0,127.76648095529075
2026-04-25,Saturday,15,Student Service Center,5,55,3.044759154286091,58,0,0,38.347886239508185
2026-03-06,Friday,11,Fee Counter,1,40,6.256905453970158,20,1,0,247.63776371630178
2026-03-15,Sunday,12,Admin Office,5,89,6.735740484577789,59,1,0,119.03579927777419
2026-03-14,Saturday,12,Cafeteria,4,73,7.829928256329472,56,0,0,145.99842002780872
2026-02-11,Wednesday,15,Cafeteria,4,70,5.551118958808897,65,0,0,101.76747314055665
2026-04-03,Friday,12,Admin Office,3,47,7.460810271376168,10,1,0,118.28796320913422
2026-06-10,Wednesday,15,Admin Office,1,30,4.40959944816627,6,1,0,136.06528690663927
2026-04-16,Thursday,11,Fee Counter,3,34,7.403928127668853,14,1,0,83.95425345640028
2026-04-21,Tuesday,8,Library Counter,1,43,2.213039438103125,36,0,0,96.24972215650577
2026-01-02,Friday,10,Library Counter,1,31,1.5735177183852578,18,1,0,47.60062737549467
2026-01-15,Thursday,8,Student Service Center,3,86,7.828461807729021,77,0,0,227.0577371603116
2026-03-26,Thursday,12,Fee Counter,2,72,5.905329109135188,52,0,0,212.68847803400323
2026-05-30,Saturday,11,Student Service Center,1,55,6.604551380822566,65,0,1,364.3151000360977
2026-01-13,Tuesday,9,Library Counter,3,10,1.338394926378621,12,0,0,4.321459934644494
2026-06-24,Wednesday,14,Fee Counter,2,60,4.180738923318362,31,0,0,123.87125057873732
2026-01-10,Saturday,12,Student Service Center,5,43,7.735576365468102,16,0,0,71.4968933754039
2026-04-12,Sunday,12,Cafeteria,2,39,2.979083382431212,13,0,0,58.666909288465554
2026-03-31,Tuesday,14,Admin Office,5,73,3.6904519671556972,53,0,0,52.62015633011802
2026-03-26,Thursday,13,Cafeteria,4,57,5.948709843441834,28,0,0,86.41913496109095
2026-03-13,Friday,13,Fee Counter,3,73,7.542352674395822,51,0,0,184.35544297647752
2026-05-22,Friday,12,Cafeteria,3,76,5.139504107438018,41,1,0,132.39390465921136
2026-01-12,Monday,10,Library Counter,2,28,1.364860370331305,16,1,0,23.846349082124696
2026-01-19,Monday,11,Fee Counter,4,54,1.6967398363856225,48,0,0,26.23324270795682
2026-06-10,Wednesday,16,Fee Counter,5,10,3.9568860796860763,14,0,0,11.809548779824244
2026-06-21,Sunday,12,Student Service Center,5,77,1.3876064627716536,55,0,0,23.977906325897276
2026-04-10,Friday,9,Student Service Center,3,39,4.62860381824912,41,0,0,57.55500444951994
2026-05-13,Wednesday,10,Fee Counter,4,23,1.540200623281591,19,0,0,11.624078519257221
2026-04-21,Tuesday,17,Admin Office,1,46,2.539910193619538,24,1,0,117.53516320371895
2026-03-01,Sunday,9,Library Counter,4,82,3.262684620683195,77,0,0,66.8681016152
2026-04-23,Thursday,9,Admin Office,3,48,6.2850087754132336,45,0,0,104.53972791415887
2026-05-15,Friday,10,Admin Office,3,58,7.497582635626593,50,0,0,146.14736113292466
2026-05-10,Sunday,13,Fee Counter,3,43,6.603990432184214,28,0,0,91.78521230125918
2026-02-20,Friday,15,Cafeteria,2,59,7.651308801216798,62,0,0,226.8164865112144
2026-03-16,Monday,10,Cafeteria,3,17,7.689841213138926,12,0,0,48.35660201540773
2026-03-10,Tuesday,17,Fee Counter,4,25,1.2675225849188707,11,1,0,5.474466241970821
2026-03-04,Wednesday,15,Cafeteria,4,73,1.0732223186674195,73,0,0,20.0239638960825
2026-04-05,Sunday,14,Cafeteria,4,94,1.4380137953080219,76,0,0,35.11337687288084
2026-03-27,Friday,16,Fee Counter,3,47,5.222343064217679,44,0,0,83.17768265788992
2026-02-17,Tuesday,17,Library Counter,5,14,1.3117690325901914,8,0,0,3.771920189595634
2026-02-21,Saturday,15,Cafeteria,2,25,2.9810856205038454,26,0,0,37.89240758226117
2026-06-25,Thursday,8,Admin Office,2,51,3.270614197279771,52,0,0,80.81180192664715
2026-04-03,Friday,9,Fee Counter,2,60,5.560172142620212,53,0,0,165.31626732137207
2026-04-08,Wednesday,13,Admin Office,2,87,7.670704021676638,60,0,0,334.8510164471609
2026-03-26,Thursday,17,Fee Counter,4,11,1.3908771278304797,11,0,0,5.6110551538758955
2026-06-01,Monday,14,Fee Counter,5,71,4.891280447843412,41,1,0,72.78613748888611
2026-02-01,Sunday,8,Admin Office,3,49,4.53179310804772,45,0,0,74.85174576688378
2026-06-16,Tuesday,8,Admin Office,2,59,6.917765193888369,54,0,0,206.8657578651599
2026-01-01,Thursday,10,Library Counter,5,49,5.482273663818319,48,0,0,55.58559371323866
2026-04-10,Friday,13,Fee Counter,3,37,5.549855260788471,21,0,0,68.99576320169686
2026-06-16,Tuesday,17,Library Counter,1,63,5.638399463948578,60,0,0,353.32714483334684
2026-05-07,Thursday,12,Cafeteria,4,72,7.236164703520583,49,0,0,131.46418326788068
2026-03-18,Wednesday,13,Admin Office,5,33,4.494324599774571,11,0,0,30.6479424056428
2026-02-06,Friday,16,Admin Office,4,65,5.611410721174089,46,1,0,95.29736858887993
2026-01-02,Friday,14,Library Counter,4,101,7.857695928490837,71,1,0,199.93250409666484
2026-03-12,Thursday,16,Library Counter,1,35,5.99167692136872,31,0,0,213.8496186429842
2026-06-16,Tuesday,14,Admin Office,4,44,2.83312551935268,21,0,0,34.69021126913001
2026-06-13,Saturday,10,Library Counter,4,62,2.081967839578232,51,1,0,35.55047668333545
2026-03-16,Monday,10,Student Service Center,2,21,5.096384104838012,12,0,0,57.617003088903424
2026-05-01,Friday,17,Cafeteria,2,50,5.738682734011727,50,0,0,147.31482200710357
2026-06-11,Thursday,9,Student Service Center,5,61,1.7047429252511215,55,0,0,20.28525569592091
2026-01-31,Saturday,13,Cafeteria,2,81,3.0994979541969494,47,1,0,129.41587992462325
2026-06-25,Thursday,16,Library Counter,4,2,3.328444051994463,7,0,0,3.5550345678141726
2026-03-23,Monday,12,Library Counter,2,37,3.1034526984954436,9,0,0,57.380594892745506
2026-02-14,Saturday,12,Cafeteria,5,59,5.749416928084244,39,0,0,66.3673294742064
2026-06-04,Thursday,11,Library Counter,4,90,7.514031320928873,77,1,0,170.41887537905217
2026-03-10,Tuesday,10,Cafeteria,2,70,1.9647422972945665,65,0,0,69.93661980666464
2026-04-24,Friday,13,Cafeteria,5,35,6.890426779269417,6,0,0,49.68918858054049
2026-05-12,Tuesday,15,Admin Office,5,16,3.236631856367164,12,0,0,10.84143762240936
2026-03-25,Wednesday,12,Admin Office,3,70,1.7471845056173771,36,1,1,45.25077721544944
2026-03-10,Tuesday,10,Fee Counter,4,27,7.442663761948865,30,0,0,53.18359741480585
2026-02-16,Monday,11,Cafeteria,1,36,6.79018385708429,37,0,0,248.820498163078
2026-04-17,Friday,9,Library Counter,2,44,4.92306402928379,24,1,0,108.84063612126688
2026-06-12,Friday,8,Admin Office,2,70,5.625967351631318,62,0,0,196.67974719449276
2026-04-06,Monday,16,Student Service Center,1,34,6.580136470679088,39,0,0,224.3215736249127
2026-05-31,Sunday,8,Cafeteria,5,64,1.6823134924991274,67,0,0,19.880100901522148
2026-06-03,Wednesday,16,Library Counter,4,11,2.4184598086316482,10,0,0,9.712275782663085
2026-05-16,Saturday,13,Cafeteria,1,34,1.5578090895206727,19,0,0,50.0471492448938
2026-01-03,Saturday,17,Cafeteria,5,60,7.949575622271208,58,0,0,96.98387820157446
2026-03-14,Saturday,10,Library Counter,5,43,6.187382267530772,33,1,0,52.23998349091934
2026-01-28,Wednesday,9,Fee Counter,3,8,3.9493107965917673,10,0,0,13.29928749925033
2026-02-09,Monday,9,Admin Office,5,41,5.089737665426383,38,0,0,39.41928780660952
2026-05-04,Monday,11,Admin Office,3,26,6.378775693529594,20,0,0,53.42725168063847
2026-03-22,Sunday,17,Cafeteria,5,22,3.543881949661053,25,0,0,13.418504673218491
2026-03-31,Tuesday,16,Student Service Center,2,65,2.9532589297557434,49,1,0,100.10020423582475
2026-03-23,Monday,9,Cafeteria,1,5,6.563581743101742,13,0,1,36.117143784427896
2026-02-18,Wednesday,17,Student Service Center,1,47,2.676958560580743,47,0,0,124.75541839547915
2026-01-01,Thursday,13,Cafeteria,5,75,6.032120243097072,38,1,0,93.76443077066514
2026-05-04,Monday,14,Fee Counter,2,30,6.095926465783522,8,0,0,96.19128326411857
2026-05-31,Sunday,8,Admin Office,3,25,2.383222541961451,34,0,1,19.14158198700544
2026-05-04,Monday,16,Fee Counter,3,16,2.523471963719553,18,0,0,11.841692012361243
2026-01-25,Sunday,16,Student Service Center,1,70,4.180896517313913,48,1,0,295.22099578120145
2026-05-04,Monday,12,Fee Counter,1,101,4.47440679437099,64,1,0,455.2725924338359
2026-05-01,Friday,15,Fee Counter,2,58,4.361231733901211,64,0,1,125.32700825798754
2026-01-01,Thursday,13,Admin Office,5,68,7.044946109448536,42,0,0,98.92995658151877
2026-03-21,Saturday,15,Fee Counter,4,17,6.851251521278276,31,0,1,31.988101298749886
2026-01-03,Saturday,8,Library Counter,4,62,5.033212405806783,68,0,1,79.89870271160518
2026-03-24,Tuesday,17,Admin Office,2,20,6.388612827628718,22,0,0,67.6221884186198
2026-01-14,Wednesday,15,Fee Counter,3,51,4.754393028286657,44,0,0,78.70105840613127
2026-01-13,Tuesday,13,Admin Office,3,87,5.711167628585257,68,0,0,170.24429755253703
2026-06-18,Thursday,16,Student Service Center,2,22,7.892653233410678,25,0,0,87.07020852860015
2026-03-16,Monday,17,Student Service Center,3,17,6.526861526140364,12,0,0,40.089330586628364
2026-02-09,Monday,16,Fee Counter,4,15,1.4169099309336124,8,0,0,3.6326044933700743
2026-02-10,Tuesday,14,Admin Office,1,47,4.663260619249341,29,0,0,217.03804978339542
2026-04-07,Tuesday,11,Admin Office,5,40,6.296872045641642,31,0,0,52.27868373878753
2026-06-11,Thursday,9,Admin Office,5,65,2.0100082184859893,60,0,0,27.467637552743664
2026-01-23,Friday,10,Library Counter,5,15,3.9603646969803807,8,0,0,13.558156184667205
2026-05-06,Wednesday,16,Fee Counter,3,53,3.0196400644880184,48,0,0,51.840010563206924
2026-06-04,Thursday,9,Library Counter,3,61,2.3176228644154957,61,0,0,52.06045181593997
2026-02-22,Sunday,10,Admin Office,5,80,6.501807863114714,71,0,0,104.13177658735232
2026-04-21,Tuesday,15,Student Service Center,1,81,4.193503668782011,75,0,0,340.1418416365719
2026-03-21,Saturday,11,Admin Office,1,62,1.7503363120155189,63,0,0,111.0861057537124
2026-03-13,Friday,8,Fee Counter,5,32,6.911791156051551,24,0,0,41.26737539877036
2026-04-24,Friday,16,Fee Counter,2,31,5.07997901094114,23,0,0,81.89610683364958
2026-05-09,Saturday,8,Student Service Center,5,48,1.5245696536542725,27,1,0,14.558971085024439
2026-03-12,Thursday,9,Student Service Center,3,53,1.0192817305883417,37,1,0,17.648315542193075
2026-05-13,Wednesday,8,Student Service Center,3,65,2.582589531092734,58,0,0,60.32211808298003
2026-06-18,Thursday,8,Fee Counter,2,32,1.473174697430074,23,0,0,27.684270451850132
2026-01-02,Friday,17,Student Service Center,1,33,5.442297951929649,34,0,0,177.62603598131267
2026-05-05,Tuesday,15,Admin Office,1,54,2.1941004686479495,59,0,0,121.40012658339963
2026-02-17,Tuesday,17,Admin Office,1,32,5.632352925330199,30,0,0,182.62399881920481
2026-05-03,Sunday,15,Library Counter,5,54,3.701576835747088,56,0,0,38.65406831645859
2026-02-03,Tuesday,9,Fee Counter,3,42,6.7233848095200495,39,0,0,93.17725004845389
2026-02-01,Sunday,9,Admin Office,3,44,3.394261933056328,42,1,1,47.93712668394248
2026-02-25,Wednesday,16,Library Counter,3,6,4.9384413758453665,9,0,0,11.23908760450006
2026-05-14,Thursday,12,Cafeteria,5,74,6.348882275683014,55,0,0,93.46825724068866
2026-03-05,Thursday,16,Admin Office,1,79,5.20793972914281,58,1,0,413.13807824785795
2026-06-18,Thursday,17,Library Counter,5,46,7.831815144204224,50,0,0,72.14643386839523
2026-05-19,Tuesday,10,Admin Office,1,65,6.589565341515415,66,0,0,432.36818499872874
2026-03-09,Monday,15,Student Service Center,3,15,2.7238743353720047,12,0,0,11.543402733237883
2026-05-20,Wednesday,10,Library Counter,2,66,1.5951838784725774,62,0,0,50.57469039611705
2026-02-15,Sunday,9,Admin Office,1,16,4.328659988987184,20,0,0,70.42796613003031
2026-01-11,Sunday,8,Fee Counter,3,6,7.6004197806780525,5,0,0,18.318078855546233
2026-04-02,Thursday,15,Admin Office,4,34,1.5884146655872082,34,0,0,16.650193334958146
2026-05-01,Friday,11,Student Service Center,1,13,1.5393900473488826,13,0,0,20.58996255676833
2026-06-19,Friday,13,Student Service Center,1,71,6.932225481557003,31,1,0,489.53077936469185
2026-04-22,Wednesday,15,Library Counter,2,83,1.167485503167915,78,0,0,46.07396560806997
2026-05-26,Tuesday,14,Student Service Center,5,67,1.1790981569542511,52,0,0,15.99297180459686
2026-02-13,Friday,16,Admin Office,3,30,1.7498058247524286,27,0,0,17.082760407437046
2026-06-10,Wednesday,16,Fee Counter,1,28,7.649796392705959,19,0,0,212.2700054753984
2026-06-28,Sunday,15,Student Service Center,3,39,1.4732098121064512,40,0,0,17.503590472209808
2026-02-02,Monday,15,Library Counter,3,61,3.256968888696201,54,0,0,65.09597527165371
2026-05-13,Wednesday,14,Student Service Center,5,98,7.76812164748501,63,1,0,149.40994565376178
2026-04-16,Thursday,17,Student Service Center,4,61,6.936812075299748,61,0,0,103.36884224878777
2026-02-13,Friday,8,Admin Office,5,57,5.172372262245487,61,0,0,55.96511124728899
2026-06-13,Saturday,11,Library Counter,2,71,3.0826593051161293,69,0,0,112.15060253805161
2026-02-22,Sunday,15,Fee Counter,2,3,7.998024060973382,16,0,1,12.670464598637707
2026-03-31,Tuesday,11,Library Counter,5,23,7.0844501251122125,26,0,1,33.33912109230055
2026-02-22,Sunday,9,Cafeteria,5,79,6.640573490882555,56,1,0,107.11442047708854
2026-01-09,Friday,12,Student Service Center,1,106,6.6543427584841455,77,0,0,708.8451696358777
2026-05-15,Friday,17,Library Counter,3,50,1.0184374510212066,60,0,1,18.77177932974832
2026-01-19,Monday,14,Fee Counter,2,85,5.464895504369805,55,1,0,235.88235303941713
2026-01-12,Monday,16,Library Counter,4,77,1.4990387959262694,78,0,1,32.17883063709208
2026-06-18,Thursday,8,Library Counter,5,78,7.099521905312466,54,1,0,108.9494830273077
2026-04-21,Tuesday,11,Fee Counter,3,47,3.2878865616155606,38,0,0,56.31399857846679
2026-02-02,Monday,8,Admin Office,3,15,2.0128508598306527,19,0,0,9.496653234342824
2026-03-11,Wednesday,16,Student Service Center,2,51,6.124762975336044,40,1,0,158.33131954410135
2026-02-15,Sunday,17,Student Service Center,5,32,1.898685360436723,33,0,0,16.72823469094783
2026-03-17,Tuesday,10,Admin Office,1,69,6.677983097200175,73,0,0,459.3990616854585
2026-05-16,Saturday,13,Student Service Center,5,61,5.484476993594048,40,0,0,68.57316224666583
2026-02-01,Sunday,10,Library Counter,2,33,1.5366651347313307,12,1,0,29.928920359885474
2026-04-01,Wednesday,14,Student Service Center,5,121,4.183067515892038,78,1,0,104.87899503030252
2026-05-28,Thursday,9,Library Counter,4,30,5.022778006736976,15,1,0,39.92905264294832
2026-04-21,Tuesday,13,Cafeteria,2,67,2.77356203760862,41,0,0,93.62490948198767
2026-01-18,Sunday,16,Admin Office,5,69,5.105477002100768,55,1,0,70.96999860234455
2026-04-02,Thursday,8,Admin Office,2,7,3.186757425868521,6,0,0,9.220283892409617
2026-03-20,Friday,16,Student Service Center,4,59,3.1952522467690776,62,0,0,48.14817131887473
2026-01-03,Saturday,8,Student Service Center,4,64,5.447318309810807,58,0,0,87.15363871549474
2026-06-13,Saturday,8,Library Counter,5,12,4.631969611700102,8,0,0,11.404928596401252
2026-05-16,Saturday,16,Admin Office,1,63,2.304066376506727,65,0,0,146.2455315474164
2026-01-27,Tuesday,13,Fee Counter,1,49,1.537905614468746,26,0,0,73.96636946710491
2026-05-16,Saturday,14,Fee Counter,1,40,3.6859386019077087,23,0,0,145.06449970771342
2026-05-05,Tuesday,15,Cafeteria,3,61,6.532921589963391,53,0,0,133.35835451654557
2026-02-08,Sunday,17,Cafeteria,4,11,3.0818994130173265,10,0,0,9.498748474969837
2026-01-06,Tuesday,10,Library Counter,3,38,1.585754929361434,16,1,0,23.105616735824707
2026-06-08,Monday,14,Student Service Center,5,92,4.832228888350798,71,0,0,92.14629266934061
2026-03-09,Monday,13,Admin Office,2,59,5.988225691326534,32,0,0,175.8987636852108
2026-06-16,Tuesday,8,Admin Office,5,20,5.354998955468776,21,0,0,20.490955414651083
2026-06-14,Sunday,9,Library Counter,4,56,7.859017157814316,53,0,0,112.5987091143134
2026-03-11,Wednesday,8,Admin Office,5,68,4.569806746344771,67,0,0,64.503109043322
2026-02-27,Friday,8,Cafeteria,5,31,1.3731227654201796,35,0,0,6.6770584153354
2026-01-23,Friday,9,Admin Office,5,97,5.339171510970414,77,1,0,107.02809199306363
2026-02-01,Sunday,10,Student Service Center,2,73,6.819392240893349,76,0,0,250.57365538707896
2026-04-21,Tuesday,17,Library Counter,3,32,1.9543741710051883,30,0,0,20.15686002432112
2026-01-21,Wednesday,8,Fee Counter,4,28,1.0525038530136137,23,0,0,5.563682454399515
2026-05-08,Friday,12,Student Service Center,2,25,5.554211680745723,6,0,0,74.17815963618607
2026-01-05,Monday,17,Fee Counter,3,45,2.3869383648102196,48,0,0,36.87783996551383
2026-06-12,Friday,17,Admin Office,5,51,2.2311942552189654,29,1,0,22.881352823933412
2026-01-23,Friday,11,Library Counter,3,66,5.2271206162751955,44,1,0,117.67517623861721
2026-03-01,Sunday,17,Student Service Center,1,68,6.9839769652784724,63,0,0,477.99105034737363
2026-05-13,Wednesday,10,Library Counter,4,46,2.1846930994126987,40,0,0,26.78586852043626
2026-03-27,Friday,11,Cafeteria,2,32,2.081001364594556,32,0,0,37.662253322908484
2026-05-23,Saturday,16,Library Counter,5,51,6.617465009191356,42,0,0,67.0140608515163
2026-06-20,Saturday,10,Admin Office,3,23,6.053501226925787,16,0,0,50.97354744955903
2026-02-10,Tuesday,11,Admin Office,5,51,3.538634041976298,55,0,0,35.09965887248535
2026-04-30,Thursday,15,Fee Counter,2,7,7.260272362525604,15,0,1,29.740384690927065
2026-03-10,Tuesday,11,Cafeteria,2,30,6.004905351927874,8,1,0,92.03823458199561
2026-03-11,Wednesday,17,Student Service Center,2,42,7.628406329502418,34,0,0,164.97297190306455
2026-02-22,Sunday,17,Fee Counter,4,37,1.6101548761618298,20,1,0,17.910696515845505
2026-05-29,Friday,16,Cafeteria,3,42,7.00540171698753,33,0,0,101.13951886901002
2026-04-18,Saturday,11,Student Service Center,5,37,2.19390346538243,26,1,0,17.803776308132154
2026-06-02,Tuesday,15,Student Service Center,4,80,1.1680684684150144,71,0,0,25.8152695743248
2026-03-15,Sunday,11,Student Service Center,3,58,3.1943689866800313,46,1,0,58.885494251240615
2026-03-07,Saturday,16,Admin Office,4,59,1.6023139312296075,51,0,0,21.340355792840136
2026-05-14,Thursday,17,Cafeteria,5,62,6.180803123653121,63,0,1,80.21993149369277
2026-04-11,Saturday,8,Student Service Center,5,39,5.185906245614411,18,1,0,44.49294431971829
2026-05-25,Monday,15,Student Service Center,1,75,6.040102717905014,51,1,0,455.0213888654095
2026-01-21,Wednesday,11,Admin Office,4,57,2.9469947966435424,59,0,0,40.25977972681545
2026-03-09,Monday,14,Admin Office,2,56,6.275782322847713,51,0,1,177.89399653458335
2026-02-05,Thursday,10,Admin Office,4,32,7.483487052187952,36,0,0,62.12628524393793
2026-05-20,Wednesday,13,Student Service Center,2,37,4.190824087636571,19,0,0,77.50556954677049
2026-03-12,Thursday,8,Library Counter,1,13,5.8852489759652356,10,0,0,73.94890294251262
2026-06-04,Thursday,16,Student Service Center,3,9,5.611446132533541,9,0,0,20.43613288121291
2026-04-04,Saturday,13,Cafeteria,2,69,2.0196032254088925,52,0,0,67.41798645184726
2026-04-15,Wednesday,16,Cafeteria,3,9,2.839570634190765,11,0,1,10.895567446920717
2026-01-09,Friday,8,Admin Office,5,15,4.504412163722616,6,0,0,16.224346327686643
2026-06-05,Friday,8,Fee Counter,3,10,3.7561275089933566,5,0,0,10.53994705804275
2026-03-22,Sunday,16,Admin Office,4,61,4.004400087424574,59,0,0,63.685392028770465
2026-05-28,Thursday,14,Student Service Center,4,97,7.134950932348109,70,0,0,176.56164172015917
2026-04-27,Monday,14,Student Service Center,2,75,6.943510907604489,52,0,0,260.41681076367655
2026-05-13,Wednesday,17,Fee Counter,2,23,2.1918854626812427,24,0,0,23.722436017109015
2026-04-20,Monday,13,Student Service Center,1,84,7.838094551925344,60,0,0,660.6334531960005
2026-01-01,Thursday,15,Cafeteria,5,40,6.37876755756951,20,1,0,52.563539115745556
2026-01-18,Sunday,11,Fee Counter,4,79,5.288033934155592,74,0,0,107.20849429867984
2026-02-15,Sunday,17,Cafeteria,4,38,6.81932194444334,38,0,0,64.97193625804886
2026-02-24,Tuesday,17,Admin Office,5,31,4.264557698815699,46,0,1,28.442150717784557
2026-03-30,Monday,14,Admin Office,5,71,6.775471486706292,43,0,0,99.21746583384602
2026-04-15,Wednesday,10,Student Service Center,2,29,7.330993295904843,34,0,0,109.49386256221683
2026-04-11,Saturday,15,Admin Office,5,62,5.561619328007103,63,0,0,70.70991215722415
2026-04-27,Monday,15,Admin Office,2,31,3.4311193890611418,7,1,0,53.3176644848742
2026-01-10,Saturday,15,Admin Office,5,30,3.9860183680916466,26,0,0,25.497892676507163
2026-06-29,Monday,8,Cafeteria,2,78,4.858546374780334,69,0,0,188.14492065479533
2026-02-02,Monday,12,Admin Office,3,79,3.5365506833483153,47,1,0,96.66696229449256
2026-02-21,Saturday,17,Student Service Center,1,45,1.1412912649919393,47,0,0,54.05407392717204
2026-06-25,Thursday,10,Fee Counter,1,63,3.404592085711126,63,0,0,215.2647410410585
2026-06-25,Thursday,11,Student Service Center,1,8,3.4741321044393034,9,0,0,26.813496686618212
2026-04-22,Wednesday,9,Fee Counter,2,8,1.38073601222377,12,0,0,8.195573707665462
2026-02-07,Saturday,9,Library Counter,3,20,7.170210323093574,24,0,0,48.51733090342067
2026-03-09,Monday,10,Cafeteria,5,76,1.7932161462432719,57,1,0,25.118841734510664
2026-03-19,Thursday,11,Fee Counter,4,45,1.924870171867843,31,1,0,24.910937459547164
2026-05-14,Thursday,15,Library Counter,4,23,1.1280736616944247,10,1,0,9.887355924685831
2026-03-13,Friday,13,Fee Counter,3,23,4.083321635059914,7,0,0,28.82872248759493
2026-04-13,Monday,9,Cafeteria,3,14,5.5791055110576,18,0,1,23.630666496206594
2026-01-03,Saturday,15,Admin Office,1,54,5.886483135196924,50,0,0,322.15771480698646
2026-05-24,Sunday,10,Student Service Center,3,50,4.542170141147339,38,1,0,72.84452682872617
2026-03-06,Friday,8,Admin Office,3,55,3.8640739776179007,54,0,0,68.97340737009293
2026-04-26,Sunday,11,Library Counter,3,53,1.873625336804258,55,0,0,33.52329787369094
2026-03-08,Sunday,12,Student Service Center,5,76,1.8942507162377957,51,0,0,29.617250256077927
2026-03-20,Friday,17,Fee Counter,4,55,6.244834266236329,48,0,0,84.74148439649714
2026-03-15,Sunday,16,Student Service Center,3,7,1.5156588408033316,9,0,0,6.185862923048529
2026-03-03,Tuesday,14,Library Counter,3,55,6.937334401163946,30,0,0,129.92529422469664
2026-01-23,Friday,15,Cafeteria,4,23,6.9372970359819615,17,0,0,44.420244987768996
2026-02-17,Tuesday,10,Admin Office,5,22,7.6418978136046425,20,0,0,33.853697433991655
2026-06-14,Sunday,11,Admin Office,3,40,1.4868127754743419,31,0,0,20.766047732303786
2026-05-14,Thursday,16,Library Counter,1,53,6.542111398299239,51,0,0,350.4293986141992
2026-06-21,Sunday,10,Admin Office,4,22,2.560643275481732,18,0,0,16.736378752805667
2026-04-16,Thursday,11,Library Counter,2,41,6.327531959016745,27,1,0,133.1708794623853
2026-05-15,Friday,8,Admin Office,2,70,7.980293620523816,52,1,0,279.68698523974194
2026-06-11,Thursday,10,Library Counter,3,77,6.741979227832693,75,0,0,171.93794505756293
2026-03-06,Friday,10,Admin Office,3,79,5.062170626481489,71,0,0,136.15732904373564
2026-05-16,Saturday,13,Cafeteria,3,76,1.7310015028005084,47,0,0,45.58794811725854
2026-05-08,Friday,11,Cafeteria,1,56,2.5750629949224555,58,0,0,143.874818162072
2026-03-04,Wednesday,16,Student Service Center,3,28,7.859910336925628,30,0,0,72.3264123411111
2026-03-03,Tuesday,17,Admin Office,2,46,4.743649903032297,29,1,0,108.43894042548312
2026-04-18,Saturday,15,Library Counter,1,73,1.1921678364295223,69,0,0,86.2684670318366
2026-01-14,Wednesday,8,Cafeteria,1,37,2.6361179462645845,31,0,0,94.62812373937452
2026-04-10,Friday,12,Cafeteria,2,37,2.0510520840557116,14,0,0,35.553822393335466
2026-02-22,Sunday,14,Admin Office,1,49,2.8006133990670654,33,0,0,138.08119581192256
2026-04-04,Saturday,16,Student Service Center,2,6,5.760590257079462,8,0,0,16.587035814593445
2026-02-25,Wednesday,12,Library Counter,4,95,6.26298930305142,72,0,0,147.71752486576938
2026-04-05,Sunday,8,Admin Office,3,62,2.3504450838124664,48,1,0,49.59266001324819
2026-04-22,Wednesday,15,Cafeteria,1,78,6.7822117834909905,58,1,0,533.6678042520844
2026-05-04,Monday,16,Library Counter,5,24,7.877735893342876,21,0,0,41.27523649088297
2026-01-17,Saturday,9,Library Counter,3,18,1.2790004354246358,10,0,0,8.163370637784851
2026-02-08,Sunday,13,Student Service Center,1,118,5.3899198927846514,74,1,0,639.6141287286401
2026-02-22,Sunday,15,Library Counter,3,96,3.9256210024187554,75,1,0,125.52152499424331
2026-03-04,Wednesday,12,Cafeteria,5,106,3.3354902901140866,68,1,0,68.66724546584969
2026-05-15,Friday,13,Library Counter,2,99,4.83001604873324,59,1,0,237.48522404623705
2026-03-07,Saturday,10,Admin Office,1,72,7.252247743366936,69,0,0,521.7707953787925
2026-04-15,Wednesday,15,Admin Office,4,4,6.198410912823564,9,0,0,6.007931426351555
2026-01-17,Saturday,11,Student Service Center,5,48,6.854186878560636,29,1,0,64.5251840848158
2026-04-27,Monday,16,Student Service Center,3,39,6.729999035062866,37,0,0,88.39843959420557
2026-02-26,Thursday,12,Library Counter,1,93,1.679320087943845,70,0,0,159.98429423562237
2026-06-25,Thursday,14,Cafeteria,2,51,4.826636537116693,19,1,0,121.56790356605168
2026-01-25,Sunday,13,Fee Counter,3,93,6.76131021759788,68,0,0,212.96486688419859
2026-06-16,Tuesday,14,Student Service Center,4,50,1.3301973032388963,24,1,1,19.24558924222441
2026-04-04,Saturday,10,Admin Office,4,79,7.561673239575568,70,0,0,147.67265102054793
2026-04-02,Thursday,15,Cafeteria,1,9,3.4747731984976014,14,0,0,33.23398145871908
2026-03-22,Sunday,16,Student Service Center,2,55,2.252407020087508,59,0,0,61.78179875706877
2026-05-27,Wednesday,13,Cafeteria,3,87,3.3023750694660094,68,0,0,97.90142695435188
2026-04-20,Monday,15,Fee Counter,2,52,1.7092342737423292,38,1,0,46.83244997965524
2026-06-02,Tuesday,13,Student Service Center,5,58,3.443823423402374,31,0,0,38.96793844213531
2026-02-14,Saturday,10,Student Service Center,2,59,3.325399101198882,51,0,0,102.13907253347656
2026-05-15,Friday,12,Admin Office,5,83,6.719002217383513,45,1,0,111.62169378466459
2026-04-27,Monday,14,Admin Office,3,67,6.854094339557964,51,0,0,156.5660232876087
2026-04-05,Sunday,9,Admin Office,4,24,1.0106121971905375,22,0,0,3.807929616596068
2026-05-31,Sunday,11,Cafeteria,3,73,4.132028623870019,69,0,0,105.07776415260346
2026-03-06,Friday,9,Library Counter,3,10,1.3529741949791294,7,0,0,4.061435460839316
2026-04-02,Thursday,14,Admin Office,5,70,2.7242269268921335,32,1,0,35.19233614866114
2026-02-06,Friday,16,Cafeteria,5,2,6.403512489837731,5,0,0,5.778309801723465
2026-06-25,Thursday,12,Library Counter,3,91,5.494340596306021,64,0,0,169.04616905062227
2026-05-07,Thursday,12,Admin Office,1,80,5.37770698287541,57,0,0,430.9899329622511
2026-04-04,Saturday,13,Library Counter,4,106,4.886347132675954,74,1,1,133.5600053128872
2026-05-26,Tuesday,17,Admin Office,3,34,3.8632378679100077,14,1,0,42.55245520468019
2026-03-04,Wednesday,9,Cafeteria,1,66,4.661391095066905,42,1,0,310.8993981061559
2026-05-24,Sunday,17,Admin Office,3,47,4.639299941275975,29,1,0,70.19110110716859
2026-02-12,Thursday,8,Library Counter,3,77,2.598411458948081,74,0,0,66.23064587559897
2026-01-02,Friday,9,Cafeteria,5,100,1.903072426199794,79,1,0,36.43778050554822
2026-05-16,Saturday,15,Fee Counter,3,85,7.642639702738136,61,1,0,215.2399188291194
2026-04-27,Monday,11,Library Counter,1,26,7.748690872544389,20,0,0,202.22935780793497
2026-02-09,Monday,16,Library Counter,4,56,7.196712302238575,61,0,0,100.13242719518249
2026-05-27,Wednesday,8,Student Service Center,2,68,7.485457240128425,61,1,1,253.86393892255367
2026-03-25,Wednesday,11,Fee Counter,2,32,7.286888440544019,16,1,0,114.92800387916267
2026-06-09,Tuesday,17,Library Counter,3,68,2.6955814336501422,48,1,0,66.06666126601417
2026-06-22,Monday,16,Cafeteria,2,49,4.911472765443127,47,0,0,117.41734853513474
2026-06-14,Sunday,12,Library Counter,3,57,6.594456291294481,19,1,0,125.85499739176211
2026-05-14,Thursday,11,Student Service Center,3,60,5.923637131490775,56,0,0,115.61344370383509
2026-06-08,Monday,14,Fee Counter,1,65,3.4754440140834664,42,1,1,228.49780907575553
2026-04-06,Monday,12,Admin Office,2,55,4.456853561685515,15,1,0,122.82033077985353
2026-04-05,Sunday,17,Student Service Center,2,75,5.240907385558039,69,0,0,199.41618746316735
2026-05-05,Tuesday,15,Library Counter,1,70,1.3937745847221907,78,0,1,96.75705843185933
2026-01-09,Friday,13,Student Service Center,5,49,6.846541959964115,29,0,0,70.279144704761
2026-01-10,Saturday,9,Cafeteria,1,63,3.8841031284021126,66,0,0,244.72035294454577
2026-03-18,Wednesday,16,Library Counter,1,70,4.245544683568955,70,0,0,300.42934540680574
2026-06-04,Thursday,9,Library Counter,5,17,6.0370331882878485,17,0,0,20.73963256470923
2026-03-19,Thursday,12,Student Service Center,1,112,7.335812791424659,79,1,0,823.7864820763535
2026-02-09,Monday,14,Fee Counter,1,73,3.2899016711813514,45,0,0,239.5027751844515
2026-03-14,Saturday,9,Cafeteria,1,70,7.9530511670501545,70,0,0,557.8399825414447
2026-01-11,Sunday,11,Admin Office,3,15,7.868509823294421,26,0,1,40.72302671546755
2026-03-14,Saturday,9,Fee Counter,4,26,4.6847735787444496,18,0,0,28.762139836146645
2026-05-08,Friday,16,Cafeteria,1,28,1.2907848607712933,11,1,0,35.241743031313135
2026-02-04,Wednesday,9,Student Service Center,4,32,7.468169828938054,25,0,0,63.03409331271452
2026-03-07,Saturday,15,Admin Office,5,50,3.6213968684333433,49,0,0,39.73678575343459
2026-06-09,Tuesday,10,Admin Office,1,24,3.894846627847631,28,0,0,96.1880795576205
2026-04-10,Friday,17,Cafeteria,2,58,6.275539661977819,59,0,1,180.8216323083394
2026-04-26,Sunday,12,Student Service Center,2,49,7.41989723539522,33,0,0,186.74942599172437
2026-05-18,Monday,16,Library Counter,3,1,7.303781794250877,6,0,0,1.0
2026-05-06,Wednesday,10,Library Counter,2,79,7.032450806716096,58,1,0,276.79286557810354
2026-05-20,Wednesday,10,Cafeteria,3,19,6.018004886156899,17,0,0,36.837381053269155
2026-04-20,Monday,17,Library Counter,2,53,7.404882817186506,38,1,0,199.98295286014334
2026-04-19,Sunday,12,Cafeteria,3,72,3.8880527004035246,43,0,0,96.21177516668885
2026-04-16,Thursday,12,Library Counter,2,32,1.0022626217656976,5,0,0,13.648053229179384
2026-04-21,Tuesday,15,Student Service Center,2,27,3.4891750452587686,21,0,0,45.37986724622864
2026-05-04,Monday,10,Fee Counter,3,35,6.801167504340905,29,0,0,84.33469268552696
2026-04-06,Monday,15,Admin Office,3,13,5.817889669636479,11,0,0,22.571557276316668
2026-05-27,Wednesday,13,Library Counter,1,63,7.342884872586593,19,1,0,463.34311143691406
2026-01-04,Sunday,13,Library Counter,1,75,5.138757387301358,52,0,0,389.041534237373
2026-02-07,Saturday,11,Student Service Center,2,10,5.018504247621932,7,0,0,27.144195134129234
2026-04-23,Thursday,14,Student Service Center,2,86,7.900106091034179,62,0,0,338.54443553825047
2026-04-15,Wednesday,16,Student Service Center,3,81,4.636350701316346,73,0,0,127.82191661436329
2026-04-21,Tuesday,8,Student Service Center,2,57,3.8236452705372534,60,0,1,111.68469874663302
2026-05-09,Saturday,17,Fee Counter,2,32,5.977425476168549,37,0,0,94.52612060386936
2026-02-28,Saturday,8,Student Service Center,5,64,2.638563042409759,59,0,0,32.76896694615485
2026-05-04,Monday,14,Cafeteria,2,102,1.1447254741247788,76,0,0,56.82778595021151
2026-06-11,Thursday,8,Fee Counter,2,81,2.63947000558035,63,1,0,111.47795515611402
2026-03-20,Friday,12,Library Counter,2,47,4.323509111781797,26,0,0,105.19285043138755
2026-04-24,Friday,8,Cafeteria,2,12,7.7572030277715935,5,0,0,46.58563344494744
2026-05-20,Wednesday,15,Admin Office,5,38,6.984525521609882,43,0,0,55.961204505721774
2026-05-29,Friday,15,Admin Office,3,70,3.6286828787746748,65,0,0,84.09189920536552
2026-05-13,Wednesday,9,Cafeteria,1,71,4.933336104566098,76,0,0,354.17910703421114
2026-03-04,Wednesday,13,Cafeteria,1,83,6.430667317977795,71,0,1,538.7339147463589
2026-01-31,Saturday,15,Library Counter,3,10,2.0067061335849488,8,0,0,10.015676985586229
2026-03-27,Friday,13,Library Counter,2,88,5.504776069548345,65,0,0,243.73763258849092
2026-05-07,Thursday,13,Fee Counter,2,86,6.658909457470336,70,0,0,290.29069477481073
2026-05-22,Friday,16,Fee Counter,4,55,5.630629612456949,42,1,0,75.04232294952655
2026-03-13,Friday,12,Student Service Center,3,34,5.929603808051134,18,0,0,71.93569917315095
2026-05-03,Sunday,14,Admin Office,5,86,2.2234217357306254,57,0,0,36.21672143598863
2026-04-21,Tuesday,12,Fee Counter,4,112,4.128998721078283,70,1,0,118.539780727747
2026-03-26,Thursday,12,Student Service Center,3,28,2.1151700318489723,6,0,0,17.287990192139233
2026-05-16,Saturday,15,Fee Counter,5,81,2.307005272898375,61,1,0,34.46276786480443
2026-03-30,Monday,10,Cafeteria,5,59,2.850170870633618,37,1,0,34.16621820742239
2026-04-16,Thursday,16,Fee Counter,5,52,5.196761877282108,47,1,1,55.20329659837971
2026-03-12,Thursday,15,Admin Office,4,54,6.7535287552758705,46,0,0,95.80150769234949
2026-02-13,Friday,9,Student Service Center,1,17,5.409857281290505,8,0,0,96.40946855520527
2026-01-23,Friday,10,Library Counter,2,49,5.181662267353149,55,0,1,131.24004150153866
2026-04-09,Thursday,11,Cafeteria,3,65,1.7292265251347405,50,1,0,42.15917418467216
2026-06-28,Sunday,11,Student Service Center,2,23,4.740719707873777,24,0,0,51.61462180624784
2026-05-10,Sunday,17,Admin Office,1,52,7.124840448985653,45,0,0,370.1521467311294
2026-01-12,Monday,16,Cafeteria,2,69,3.3244973023125026,68,0,0,115.46015379078635
2026-03-23,Monday,10,Student Service Center,1,43,2.3364797107044963,42,0,0,100.4072283777394
2026-06-27,Saturday,12,Cafeteria,5,42,3.400557341046568,33,0,1,30.493702070021115
2026-04-05,Sunday,10,Library Counter,5,36,6.664752222900495,37,0,0,50.903976168889024
2026-04-25,Saturday,14,Fee Counter,2,37,4.399524778657296,7,1,0,80.62243095957957
2026-05-22,Friday,12,Library Counter,3,49,2.2971875031049453,21,0,0,39.058487715875074
2026-01-15,Thursday,15,Cafeteria,4,34,2.9988119232958796,26,0,0,27.11304405828032
2026-06-10,Wednesday,13,Cafeteria,1,46,5.8887953971907985,28,0,0,268.1839220460103
2026-04-09,Thursday,11,Cafeteria,3,37,3.6453679248177098,30,0,0,47.532521705328314
2026-01-19,Monday,15,Cafeteria,1,23,7.3350507786927315,19,0,0,172.85505228398526
2026-03-14,Saturday,10,Cafeteria,5,59,4.279003143714412,57,0,0,53.67358818694446
2026-05-29,Friday,14,Cafeteria,5,22,6.1432706039383564,6,0,0,31.893053561080503
2026-01-02,Friday,11,Student Service Center,5,26,1.2423649055477384,27,0,0,3.674588835889252
2026-04-03,Friday,13,Fee Counter,4,78,2.5905160183775555,63,0,0,53.537674879387176
2026-01-22,Thursday,9,Library Counter,5,67,5.378463164787894,70,0,0,69.2973396478501
2026-05-28,Thursday,16,Library Counter,2,36,2.922399099133737,40,0,0,54.287914164547715
2026-01-26,Monday,11,Student Service Center,2,15,7.643621053873666,18,0,0,54.88133041618924
2026-01-23,Friday,11,Admin Office,3,12,4.507711902671026,8,0,0,19.351799968291086
2026-04-17,Friday,14,Fee Counter,2,34,1.8176958897588094,7,0,0,31.34670078500468
2026-02-12,Thursday,13,Library Counter,5,62,2.3109691577431173,36,0,0,31.193728748451825
2026-05-23,Saturday,15,Student Service Center,5,19,5.2261397870531905,10,0,0,21.19272793924766
2026-05-16,Saturday,15,Library Counter,4,19,5.757287164257974,20,0,0,27.2597955339716
2026-06-22,Monday,10,Student Service Center,1,37,2.161527205644041,37,0,0,82.98307570156963
2026-01-30,Friday,9,Student Service Center,4,76,6.908100577766092,70,0,0,135.22423744010632
2026-02-18,Wednesday,10,Admin Office,4,35,2.8501449039539724,25,1,1,22.29887558608693
2026-06-21,Sunday,13,Cafeteria,4,50,3.2301418660258188,26,0,0,42.11949545986859
2026-04-11,Saturday,8,Cafeteria,1,18,1.4652936179728029,13,0,0,24.77944003049331
2026-05-29,Friday,11,Cafeteria,1,23,7.132303686472461,21,0,0,168.8366369295895
2026-03-14,Saturday,15,Cafeteria,2,51,2.596095240465262,34,1,0,66.07037015076601
2026-01-16,Friday,9,Cafeteria,4,63,2.5725391658467807,64,0,0,44.800937873411755
2026-05-29,Friday,14,Cafeteria,3,73,5.528729239625414,61,0,1,133.04500127704284
2026-01-25,Sunday,11,Admin Office,5,30,5.363119008594783,21,0,0,37.13189143354326
2026-02-04,Wednesday,14,Fee Counter,3,60,4.4143014113288555,28,1,0,91.14441654071132
2026-04-03,Friday,12,Library Counter,2,43,1.5677885305939028,5,1,0,34.17823131964411
2026-06-17,Wednesday,14,Fee Counter,3,114,6.703722069656388,78,1,0,257.50600410345714
2026-03-19,Thursday,16,Fee Counter,1,16,2.780254456519292,18,0,0,47.24622800146793
2026-06-02,Tuesday,8,Cafeteria,5,13,4.656743793813858,13,0,0,15.375554780824329
2026-06-17,Wednesday,15,Fee Counter,1,86,3.644719347196375,65,1,0,316.29611278596656
2026-04-03,Friday,12,Cafeteria,3,94,2.9803151571135267,71,0,0,96.79737446477948
2026-01-01,Thursday,8,Library Counter,2,43,3.6317199163570946,26,1,0,81.82551307530215
2026-03-01,Sunday,14,Cafeteria,1,34,5.799479290583446,8,0,0,202.03247089356404
2026-06-14,Sunday,11,Admin Office,5,26,1.1801281511328483,40,0,1,5.631193599777587
2026-02-11,Wednesday,9,Library Counter,2,23,2.051149062372174,6,1,0,24.296806815833186
2026-05-19,Tuesday,15,Admin Office,3,17,7.607951267014482,18,0,0,45.43661773616349
2026-06-23,Tuesday,8,Fee Counter,1,28,4.366703003907846,20,0,0,122.27718646401428
2026-03-24,Tuesday,15,Library Counter,1,15,3.5622561058077697,14,0,0,52.447151095232414
2026-06-07,Sunday,12,Student Service Center,1,48,6.831125086879238,23,0,0,331.9696279906351
2026-01-05,Monday,15,Student Service Center,2,74,1.489273679647079,72,0,0,56.07896695645691
2026-03-02,Monday,17,Student Service Center,3,85,7.016120146631362,78,0,0,203.6975105265645
2026-04-16,Thursday,11,Student Service Center,5,57,3.863815870627956,53,0,0,43.676848284346356
2026-06-18,Thursday,10,Student Service Center,3,67,2.1193033470728815,71,0,0,47.80766874692327
2026-04-17,Friday,10,Student Service Center,1,16,7.366575338815987,12,0,0,114.9838252257345
2026-02-24,Tuesday,13,Cafeteria,2,92,4.292898933131392,59,1,0,199.56255538050488
2026-03-06,Friday,13,Cafeteria,2,42,6.430234735560958,25,0,0,138.54367097244088
2026-06-13,Saturday,10,Library Counter,2,18,7.442832307243117,5,1,0,71.06552270785274
2026-02-14,Saturday,14,Admin Office,1,58,4.429491599405523,27,1,0,260.0114681316634
2026-02-24,Tuesday,10,Admin Office,5,80,3.6016486133770886,75,0,0,58.951267811107996
2026-06-13,Saturday,8,Cafeteria,2,20,7.023945852888632,14,0,0,70.65276523624483
2026-01-04,Sunday,11,Fee Counter,3,35,4.274587168954238,34,0,0,46.97294388675948
2026-04-04,Saturday,15,Student Service Center,2,38,4.556914156270388,36,0,0,87.46999818185029
2026-06-16,Tuesday,8,Admin Office,1,14,2.3166244793463164,17,0,1,29.822399066968618
2026-03-17,Tuesday,17,Library Counter,3,35,7.918857737068972,49,0,1,91.59719009233422
2026-06-21,Sunday,11,Fee Counter,5,71,7.583907164519322,71,0,0,106.0651401552086
2026-04-16,Thursday,13,Library Counter,4,81,1.5546163515757847,66,0,0,30.54588882771162
2026-05-09,Saturday,9,Cafeteria,4,72,3.7410871760182967,73,0,0,69.9440278679234
2026-01-30,Friday,15,Admin Office,4,77,3.8057284439394845,75,0,0,70.79967917329647
2026-02-06,Friday,11,Library Counter,5,78,1.7858596392230246,77,0,0,32.141460360295056
2026-02-10,Tuesday,14,Student Service Center,1,84,4.200093169402366,59,0,0,356.6172473042321
2026-05-16,Saturday,16,Cafeteria,2,83,7.226298638320344,64,1,0,297.62682262878866
2026-06-11,Thursday,16,Fee Counter,1,62,2.5294309324081437,52,1,0,158.5075322661268
2026-04-15,Wednesday,11,Admin Office,2,53,5.861631337999558,46,0,0,155.91123541751355
2026-06-18,Thursday,15,Admin Office,5,39,4.623004554734102,38,0,0,34.04878625218844
2026-05-11,Monday,13,Admin Office,3,77,4.445052052165616,52,0,0,115.38131263376964
2026-06-03,Wednesday,13,Student Service Center,5,94,6.238906125207414,78,0,0,122.09224029831391
2026-03-27,Friday,9,Admin Office,4,60,3.1821035390218877,66,0,1,52.25307520891681
2026-04-19,Sunday,15,Cafeteria,1,70,2.19596551375527,54,1,0,151.58871846186992
2026-02-26,Thursday,11,Student Service Center,1,65,6.456389649781713,62,0,0,417.36830485139734
2026-04-09,Thursday,17,Admin Office,2,82,6.884064574931955,79,0,0,284.95337876057965
2026-04-01,Wednesday,11,Cafeteria,4,23,6.531488295776168,15,0,0,42.081645921695106
2026-03-24,Tuesday,14,Library Counter,1,89,2.373090651896171,59,1,0,215.49344163205146
2026-06-02,Tuesday,12,Admin Office,2,81,3.9290905782378003,58,0,0,157.01652338733618
2026-02-07,Saturday,14,Library Counter,4,106,6.358100058057956,65,1,0,170.25806986026018
2026-05-07,Thursday,17,Fee Counter,4,74,2.390335351361168,69,0,0,41.642707714288086
2026-02-13,Friday,10,Admin Office,2,66,5.305974668980227,66,1,1,178.6333439407036
2026-05-21,Thursday,13,Admin Office,2,41,6.609301853964999,36,0,1,133.90283673045934
2026-04-10,Friday,12,Admin Office,3,79,1.6371189034685685,64,0,0,44.87215708199331
2026-01-18,Sunday,15,Student Service Center,3,70,4.448014253121954,75,0,1,104.49112186265302
2026-04-28,Tuesday,11,Cafeteria,5,30,2.7420254922269924,33,0,0,21.443185585307678
2026-04-13,Monday,8,Fee Counter,4,36,6.163949479599598,15,1,0,55.63327195926456
2026-03-29,Sunday,17,Library Counter,4,30,7.967888925342102,13,1,0,64.49833483909514
2026-03-05,Thursday,8,Library Counter,1,40,7.712059104202051,43,0,0,309.00624399942274
2026-02-21,Saturday,10,Admin Office,3,87,2.0070326068471847,73,1,0,57.093629563747214
2026-02-03,Tuesday,9,Fee Counter,2,40,1.1532538994062151,33,0,0,24.249202739134933
2026-03-02,Monday,10,Cafeteria,4,16,6.961597146640951,21,0,0,26.23307104999309
2026-01-14,Wednesday,12,Fee Counter,5,69,2.888444643563001,48,0,0,41.03834435752667
2026-05-09,Saturday,12,Cafeteria,3,30,6.773754344449145,8,0,0,69.59911945848322
2026-05-20,Wednesday,11,Admin Office,4,62,5.473622856207632,62,0,0,89.22154542338625
2026-06-20,Saturday,8,Student Service Center,4,65,5.333670678844634,50,1,0,89.4926954117957
2026-02-12,Thursday,13,Fee Counter,2,95,3.6507307983660215,68,0,0,172.05157291156175
2026-05-31,Sunday,17,Cafeteria,2,14,2.4056668953756564,8,0,0,16.625338910729475
2026-04-10,Friday,9,Fee Counter,5,18,7.1689936866377995,14,0,0,27.904091396495094
2026-06-20,Saturday,11,Fee Counter,5,65,4.174908182401555,67,0,0,57.599338930799156
2026-02-22,Sunday,9,Fee Counter,5,35,4.940497090153803,28,0,0,32.86194289272271
2026-06-09,Tuesday,12,Admin Office,3,35,3.540180766814501,16,0,0,40.4303301216711
2026-04-17,Friday,16,Library Counter,2,10,4.717165860077769,9,0,0,25.31373472333794
2026-05-05,Tuesday,17,Cafeteria,1,19,5.019373017544595,26,0,1,95.3813471979076
2026-03-12,Thursday,14,Admin Office,1,88,5.907118264882253,55,1,0,524.5919178393747
2026-01-06,Tuesday,8,Admin Office,4,12,6.374690740695409,14,0,0,17.678206490992604
2026-04-23,Thursday,12,Library Counter,4,82,4.939194844022646,62,0,0,103.1280989223113
2026-02-26,Thursday,13,Student Service Center,2,102,2.5702693798092797,58,1,0,133.6206119608495
2026-05-14,Thursday,15,Library Counter,3,14,5.91286316202784,11,0,0,29.558019134946317
2026-05-22,Friday,16,Student Service Center,5,61,1.540928785149687,55,0,0,23.191849704179887
2026-01-24,Saturday,16,Admin Office,5,22,4.9806349841375726,37,0,1,23.086285551875278
2026-03-17,Tuesday,8,Fee Counter,5,54,6.547119466766695,58,0,0,69.51865758807453
2026-05-29,Friday,16,Library Counter,2,49,5.34066167893069,48,0,0,132.8282507526149
2026-02-24,Tuesday,11,Admin Office,2,20,6.061232909765536,18,0,0,58.086006583975426
2026-06-02,Tuesday,13,Fee Counter,1,71,3.4812743926160454,45,0,0,245.17081859790818
2026-02-21,Saturday,12,Student Service Center,2,36,6.746862659416837,9,0,0,121.27960915663209
2026-03-19,Thursday,10,Cafeteria,5,43,5.372097307974163,35,0,0,50.30150008876406
2026-05-04,Monday,15,Library Counter,4,60,3.684294308372528,46,1,0,55.04958068250744
2026-03-29,Sunday,17,Fee Counter,2,44,2.0858283991863953,48,0,0,44.29216635055255
2026-04-20,Monday,13,Cafeteria,1,95,3.9573765956856897,67,0,0,376.92598435309907
2026-04-24,Friday,11,Library Counter,4,75,5.975194361099415,74,0,0,112.75570395990525
2026-04-12,Sunday,12,Cafeteria,3,34,5.237657481820449,14,0,0,60.62825599417329
2026-06-20,Saturday,14,Cafeteria,4,29,7.735231468641225,5,0,0,54.81673281228574
2026-02-25,Wednesday,9,Student Service Center,3,54,7.308231710524937,53,0,0,136.22553006014692
2026-05-07,Thursday,17,Fee Counter,5,19,1.983142497547305,10,0,0,5.899991130661788
2026-05-20,Wednesday,17,Admin Office,2,62,2.317412778149343,40,1,0,73.48131774415373
2026-01-15,Thursday,9,Admin Office,5,24,2.0811455632965026,10,1,0,11.884291773150235
2026-01-14,Wednesday,12,Library Counter,4,82,5.663673050586332,47,1,0,117.46378110988012
2026-03-10,Tuesday,15,Cafeteria,1,45,4.159373100496041,36,0,0,187.1821692887291
2026-04-21,Tuesday,14,Admin Office,4,99,6.041900298902137,76,0,0,152.39566286406674
2026-05-28,Thursday,14,Fee Counter,5,40,5.028358071843886,13,0,0,41.87503428261893
2026-04-07,Tuesday,14,Student Service Center,2,64,3.64667857069879,41,0,0,113.80223243466583
2026-04-15,Wednesday,13,Fee Counter,1,70,3.70666983600796,50,0,0,261.5904355024945
2026-01-20,Tuesday,11,Student Service Center,4,4,6.610679983340795,6,0,0,8.77815598682254
2026-04-12,Sunday,14,Student Service Center,4,70,7.442043327647193,37,1,0,128.33110802795974
2026-01-07,Wednesday,12,Cafeteria,4,95,2.9109900733042613,73,0,0,68.88782890329296
2026-03-20,Friday,11,Student Service Center,2,73,1.520993499581932,67,0,0,56.211226295182065
2026-01-14,Wednesday,9,Student Service Center,3,36,1.0281818852471591,37,0,1,11.616006650765094
2026-02-13,Friday,8,Student Service Center,1,72,7.527338922308266,72,0,0,544.9507992906167
2026-01-27,Tuesday,9,Student Service Center,5,31,1.711774019788146,9,1,0,8.054861672587576
2026-03-16,Monday,14,Library Counter,3,67,7.019662021331023,47,0,0,158.09043947561494
2026-04-16,Thursday,9,Library Counter,4,53,3.045451673666759,46,0,0,42.40518406348092
2026-02-10,Tuesday,16,Fee Counter,1,33,6.893428582402861,23,1,0,230.90103910228282
2026-06-06,Saturday,14,Cafeteria,3,99,4.389066902010168,79,0,0,145.66710489370556
2026-04-18,Saturday,10,Admin Office,5,77,4.519700321377218,68,0,0,68.95104075945353
2026-01-02,Friday,9,Admin Office,4,43,3.512803494940695,24,1,0,41.825111645628034
2026-01-17,Saturday,11,Library Counter,5,14,5.294571229976531,10,0,0,17.16578874215451
2026-02-02,Monday,8,Cafeteria,2,66,3.671962823911135,70,0,1,125.92187975252969
2026-04-26,Sunday,9,Student Service Center,5,66,6.773696055321107,47,1,0,91.06417706868912
2026-06-05,Friday,10,Fee Counter,3,32,6.0680064757236964,24,0,0,66.88449176339317
2026-05-22,Friday,13,Library Counter,3,89,4.957732207204586,48,1,0,144.28883506896693
2026-04-02,Thursday,12,Library Counter,2,59,4.7674984390532185,33,0,0,142.0835788548938
2026-01-15,Thursday,8,Library Counter,5,80,1.8041359132641837,79,0,0,33.170784725698226
2026-03-27,Friday,15,Admin Office,4,14,7.441388922769723,17,0,0,30.21228959025833
2026-03-11,Wednesday,17,Library Counter,2,77,6.31448183379368,68,0,0,247.78541410703158
2026-01-22,Thursday,9,Fee Counter,4,33,4.535187600910584,11,1,0,38.716063970959524
2026-03-09,Monday,16,Student Service Center,2,8,7.772139023404078,11,0,1,32.78587984448297
2026-05-20,Wednesday,12,Admin Office,2,43,7.451248953315468,18,0,0,157.26525390593721
2026-05-10,Sunday,11,Cafeteria,1,84,4.676673641085557,76,0,0,395.6432278462663
2026-03-17,Tuesday,10,Fee Counter,4,59,5.842188307390555,62,0,0,90.43344045134278
2026-03-16,Monday,16,Fee Counter,4,31,1.5757202979203484,31,0,0,10.278585424556491
2026-05-02,Saturday,17,Cafeteria,5,75,1.7209225208483625,69,0,0,26.391477597796552
2026-05-22,Friday,17,Fee Counter,1,26,5.383628717318761,23,0,0,137.7692087244044
2026-06-18,Thursday,12,Library Counter,4,79,4.632043399642571,47,1,0,92.54433157882434
2026-04-10,Friday,11,Admin Office,5,29,6.5982749014940625,23,0,0,40.91965641217161
2026-04-13,Monday,16,Admin Office,5,30,6.125687733612067,11,1,0,38.40681206240716
2026-06-15,Monday,12,Admin Office,2,103,1.4510765333651943,78,0,0,76.11518401877512
2026-03-15,Sunday,10,Admin Office,1,32,6.796105751383071,37,0,0,217.74364590443423
2026-01-29,Thursday,16,Cafeteria,3,74,6.303545891618757,75,0,0,158.77425985938237
2026-06-22,Monday,11,Fee Counter,5,65,5.653530524187883,51,1,0,72.09798522497472
2026-06-19,Friday,11,Student Service Center,3,72,1.2124543532758532,63,0,0,28.967954137123527
2026-06-08,Monday,13,Library Counter,2,85,1.4323853700205804,57,0,0,63.89819798196729
2026-05-22,Friday,17,Admin Office,3,7,4.97274653723087,7,0,0,15.458569150556162
2026-04-13,Monday,9,Cafeteria,5,53,3.2726006405638186,34,1,0,33.984866093029886
2026-05-15,Friday,10,Library Counter,3,61,2.263631243907547,37,1,0,45.20565098179275
2026-05-14,Thursday,17,Student Service Center,5,56,1.7220782373277475,42,1,0,22.818809545870863
2026-06-18,Thursday,12,Library Counter,1,16,1.5937855995692933,9,0,1,22.90997914999294
2026-03-29,Sunday,8,Student Service Center,2,29,3.2615885833406804,39,0,1,50.46699680063807
2026-05-04,Monday,8,Fee Counter,3,98,3.5075416677098348,79,1,0,112.67361215270151
2026-05-07,Thursday,12,Admin Office,2,44,6.527027070736461,27,0,1,145.6918970174675
2026-01-15,Thursday,11,Library Counter,5,39,2.743811163584667,36,0,0,24.531625495115843
2026-02-08,Sunday,15,Cafeteria,3,51,2.8159696925191318,54,0,1,48.93507082738484
2026-04-17,Friday,8,Library Counter,3,22,6.3062191038103075,26,0,0,43.53850756522617
2026-03-21,Saturday,11,Fee Counter,5,57,3.4416762850984717,60,0,0,41.42596194677758
2026-06-07,Sunday,16,Cafeteria,2,29,6.627840664750166,26,0,0,99.75924155561117
2026-02-17,Tuesday,14,Library Counter,5,35,7.43475996338827,9,0,0,50.82621943047989
2026-06-11,Thursday,17,Admin Office,2,79,7.864281473277767,75,0,0,309.05247507440527
2026-06-08,Monday,15,Library Counter,2,69,6.487352462221498,70,0,0,228.7939478112952
2026-05-07,Thursday,15,Cafeteria,3,61,4.868143789895013,56,0,0,97.36423497998159
2026-03-29,Sunday,10,Admin Office,4,88,5.3908167506812275,79,0,0,123.00900895569656
2026-05-17,Sunday,8,Cafeteria,2,58,7.86817437679033,60,0,0,227.12978130392457
2026-05-25,Monday,9,Fee Counter,5,83,5.109955660258924,75,0,0,88.6029976626906
2026-06-04,Thursday,9,Fee Counter,3,82,3.6126797012058574,75,0,0,98.18397738761308
2026-01-18,Sunday,10,Library Counter,4,2,3.2319260204882303,7,0,0,4.191549077159266
2026-01-22,Thursday,8,Library Counter,4,69,3.5717191822149568,47,1,0,62.94921264231914
2026-02-13,Friday,17,Library Counter,5,11,2.8352718327272095,10,0,0,3.9145451138779324
2026-03-22,Sunday,14,Library Counter,2,42,2.9573525870977733,36,0,1,62.16365274965625
2026-05-15,Friday,8,Cafeteria,4,19,5.135044792275786,19,0,0,29.21360024693677
2026-02-18,Wednesday,13,Library Counter,3,63,3.4314286864736427,46,0,1,70.77048324649016
2026-03-14,Saturday,12,Cafeteria,5,46,5.679800825443486,22,0,0,49.45946675765134
2026-05-27,Wednesday,12,Fee Counter,4,91,2.684917427589629,69,0,0,59.752348376426056
2026-04-19,Sunday,13,Cafeteria,1,107,5.202619361439618,73,1,1,558.6526641234648
2026-04-04,Saturday,11,Library Counter,4,18,1.709506833944917,18,0,0,8.866118693244568
2026-06-26,Friday,10,Library Counter,2,26,4.488205104436966,22,1,1,61.68174887132416
2026-01-09,Friday,17,Admin Office,2,73,6.06845185345007,76,0,1,222.59106105300955
2026-01-19,Monday,14,Student Service Center,3,48,2.1559559998373006,29,0,0,34.375360904814634
2026-05-12,Tuesday,11,Fee Counter,2,41,5.14340484518085,23,1,0,105.9321758822464
2026-04-07,Tuesday,13,Admin Office,1,99,1.4762316608380726,74,0,0,146.7033058049735
2026-04-28,Tuesday,12,Admin Office,2,86,2.7174428433011464,54,1,0,117.4464961939187
2026-03-20,Friday,14,Admin Office,5,105,3.2324203145066854,78,0,0,71.5384779230724
2026-01-28,Wednesday,9,Fee Counter,1,30,7.116987512840919,10,1,0,210.77422225613265
2026-02-23,Monday,10,Admin Office,2,14,6.524421148365627,18,0,0,50.28658349957452
2026-01-26,Monday,14,Fee Counter,1,38,7.746626189177441,15,0,0,297.7870719915325
2026-03-04,Wednesday,10,Fee Counter,5,65,5.024768395479823,69,0,0,65.3621774325565
2026-01-16,Friday,17,Admin Office,5,38,5.101010600225056,38,0,0,39.396634604609744
2026-05-13,Wednesday,15,Cafeteria,4,67,2.0358057108253385,51,1,0,33.617386793816536
2026-05-23,Saturday,12,Admin Office,3,36,7.832023146179923,14,0,0,94.89870788676728
2026-04-19,Sunday,15,Admin Office,5,58,1.709340629618045,63,0,0,17.54600871883075
2026-03-17,Tuesday,15,Fee Counter,5,77,1.4265606273909164,76,0,0,25.767738539954138
2026-05-20,Wednesday,8,Library Counter,5,52,3.3261560836230055,48,0,0,37.38771738508841
2026-04-17,Friday,15,Fee Counter,5,70,4.205958922594169,73,0,1,56.379501871250426
2026-06-16,Tuesday,10,Student Service Center,3,50,2.3578201846105467,42,0,0,39.5098165320305
2026-06-03,Wednesday,9,Library Counter,4,28,6.018886534940703,30,0,0,40.70012086273104
2026-04-09,Thursday,12,Library Counter,1,63,3.765471767673933,47,0,0,236.4127699179041
2026-02-01,Sunday,15,Cafeteria,4,36,3.163956489898939,30,0,0,30.279359990405563
2026-06-23,Tuesday,8,Library Counter,2,35,6.673204423560987,31,0,0,121.68093765991297
2026-02-10,Tuesday,16,Fee Counter,2,65,7.446488685726352,58,0,0,243.32963099054183
2026-01-13,Tuesday,13,Student Service Center,2,66,2.092430708450856,51,0,0,69.51304856332058
2026-03-16,Monday,12,Student Service Center,2,88,7.463258204921592,67,0,0,326.873494764854
2026-06-05,Friday,8,Admin Office,4,34,4.527625549990812,38,0,0,40.15538422310357
2026-05-29,Friday,15,Library Counter,5,65,3.901077488302066,66,0,0,54.14238796874233
2026-02-15,Sunday,16,Library Counter,4,68,3.785536182891306,68,0,0,65.17891530309272
2026-05-18,Monday,12,Fee Counter,3,51,5.145501224930113,33,0,0,87.77870807378558
2026-02-13,Friday,9,Student Service Center,5,67,3.693462114178635,58,0,0,53.048284437914134
2026-06-26,Friday,11,Fee Counter,3,18,1.830315142583868,10,0,0,13.120533171575214
2026-04-01,Wednesday,14,Admin Office,4,77,7.0836074496787385,39,1,0,133.81804615550072
2026-03-30,Monday,17,Student Service Center,1,49,3.927642075160708,48,0,0,190.91277337046705
2026-03-10,Tuesday,11,Library Counter,5,51,2.1515615126806957,42,0,0,22.29397675471735
2026-06-07,Sunday,13,Student Service Center,5,48,7.742013912257534,21,0,0,76.94961507581124
2026-06-02,Tuesday,9,Student Service Center,5,52,7.724203092896925,55,0,0,82.9855975470476
2026-02-04,Wednesday,9,Library Counter,3,13,7.979444461217703,16,0,0,34.54413982449812
2026-01-30,Friday,9,Cafeteria,1,32,3.2399606605166644,33,0,0,101.52036192597913
2026-05-16,Saturday,10,Admin Office,4,26,6.2079514635571735,28,0,1,42.916842650059614
2026-06-27,Saturday,11,Admin Office,1,16,1.1548934527188934,15,0,0,17.77315886908235
2026-04-02,Thursday,13,Cafeteria,4,83,2.304753950345131,58,0,0,49.04807696618927
2026-04-08,Wednesday,17,Cafeteria,2,56,1.2526016442241246,57,0,0,33.271866633930415
2026-05-24,Sunday,16,Cafeteria,1,30,4.3239936580662786,35,0,0,128.01225799898475
2026-03-23,Monday,11,Fee Counter,5,98,5.681698515622175,77,1,0,113.88844058475777
2026-02-11,Wednesday,12,Cafeteria,3,40,4.8216090007621535,24,0,0,64.52063284381889
2026-02-26,Thursday,9,Fee Counter,5,37,3.0191270514733937,47,0,1,23.50983503580134
2026-03-05,Thursday,13,Fee Counter,4,38,1.0743662689578137,24,0,1,11.404889759928892
2026-01-04,Sunday,17,Admin Office,4,36,5.113665809137213,29,0,0,47.062622428126694
2026-01-08,Thursday,17,Library Counter,5,9,5.197607866337131,11,0,0,11.861006960335153
2026-06-27,Saturday,9,Library Counter,5,45,5.66970469737292,50,0,0,53.08098858544825
2026-05-31,Sunday,14,Admin Office,4,72,7.127782212064127,33,1,0,130.4994046927409
2026-04-14,Tuesday,17,Admin Office,5,19,4.944357792965501,23,0,0,21.969753251322608
2026-02-07,Saturday,14,Fee Counter,5,62,3.0689413980254048,40,0,0,39.677809443932084
2026-03-26,Thursday,17,Student Service Center,1,59,7.753612901972268,54,0,0,455.53025865609516
2026-05-03,Sunday,14,Admin Office,4,61,3.917580880171724,34,1,1,62.2163150977952
2026-01-17,Saturday,12,Admin Office,5,33,7.111589281015305,11,0,0,50.16897180323341
2026-06-23,Tuesday,10,Student Service Center,4,4,3.1769337116200425,8,0,0,2.61594780462137
2026-03-26,Thursday,16,Admin Office,4,17,3.711417749860155,10,0,0,13.265455221874527
2026-05-17,Sunday,12,Admin Office,2,112,7.295299493950197,68,1,0,411.67312760149935
2026-01-25,Sunday,14,Admin Office,4,48,4.623292008054921,23,0,0,57.86137451426695
2026-04-09,Thursday,9,Cafeteria,3,11,4.458907337047862,7,0,0,19.472368781044942
2026-04-25,Saturday,15,Library Counter,4,75,1.033656435309426,66,0,0,17.977497973817034
2026-01-29,Thursday,15,Cafeteria,3,45,2.79476370080408,38,0,0,46.3035049135321
2026-04-15,Wednesday,13,Library Counter,4,91,7.207710797297044,76,0,0,165.4155727914594
2026-01-17,Saturday,15,Library Counter,5,1,6.6043966106027385,6,0,0,2.544959320848829
2026-04-18,Saturday,16,Library Counter,4,50,4.794680927869279,55,0,1,62.03504526757707
2026-02-18,Wednesday,8,Admin Office,2,70,2.37256968263688,72,0,1,81.51232658843145
2026-02-15,Sunday,14,Admin Office,3,75,2.404214690032445,31,1,0,64.83849836927983
2026-04-18,Saturday,15,Cafeteria,1,65,1.3201842929669407,56,0,0,86.7650968419265
2026-04-29,Wednesday,17,Student Service Center,3,52,5.662639223963369,44,0,0,99.02438939885225
2026-04-11,Saturday,15,Student Service Center,5,98,3.636249164141006,75,1,0,69.35540795531723
2026-06-28,Sunday,13,Library Counter,3,74,1.6995534730083728,49,0,0,43.82812558621562
2026-03-27,Friday,11,Library Counter,4,8,6.165850060000693,22,0,1,13.362182242608899
2026-05-31,Sunday,11,Library Counter,4,62,7.616928407992049,51,1,0,122.11854983985995
2026-04-16,Thursday,13,Student Service Center,5,40,4.423433725676234,5,1,0,33.468169793069634
2026-05-27,Wednesday,9,Student Service Center,2,65,2.4281430539445763,61,0,0,82.87343802208792
2026-01-28,Wednesday,12,Admin Office,5,69,7.859652950650527,42,0,0,106.34234043656284
2026-04-05,Sunday,14,Library Counter,1,74,3.5536787451131002,47,0,0,263.21993352990165
2026-03-31,Tuesday,15,Student Service Center,4,15,2.1046097048583836,19,0,0,9.570403440827404
2026-02-13,Friday,11,Admin Office,1,33,5.719288647361505,28,0,0,187.01044856811288
2026-02-27,Friday,14,Student Service Center,2,71,6.619800798332298,54,0,1,232.14636456537022
2026-05-26,Tuesday,14,Fee Counter,5,84,3.848895574965801,64,0,0,66.60437507326651
2026-05-03,Sunday,16,Library Counter,3,16,6.156593875614549,17,0,0,31.004408255578802
2026-01-31,Saturday,15,Cafeteria,2,26,7.217211912280343,25,0,0,96.16504743038989
2026-03-20,Friday,14,Library Counter,5,32,5.504499393446033,16,0,0,38.7025029946639
2026-06-21,Sunday,9,Admin Office,1,89,2.022309090233381,79,1,0,180.53079347439817
2026-01-16,Friday,8,Student Service Center,5,90,6.9120362665885,71,1,0,125.08515750019885
2026-01-10,Saturday,12,Admin Office,5,36,6.66773019674147,16,0,0,52.41554689244811
2026-04-29,Wednesday,15,Library Counter,5,18,5.709711279063603,11,0,0,24.543689442255616
2026-05-01,Friday,10,Cafeteria,3,57,2.1210845475482896,53,0,0,38.800049945927306
2026-01-18,Sunday,17,Fee Counter,2,8,5.52158753393808,8,0,0,21.93504444408743
2026-05-15,Friday,17,Fee Counter,2,34,2.4471453374100425,25,0,0,39.68602495627692
2026-02-07,Saturday,11,Admin Office,3,14,5.9263111871777046,19,0,0,25.306649331071494
2026-02-02,Monday,15,Library Counter,4,22,1.9301605351516258,15,0,0,11.926951285084558
2026-06-06,Saturday,13,Library Counter,1,92,7.649961805486996,68,0,0,706.4807411681746
2026-04-04,Saturday,17,Student Service Center,4,55,3.423059666765133,42,1,0,44.27293249333785
2026-02-24,Tuesday,9,Student Service Center,4,8,3.130376437950056,13,0,0,6.542000387164398
2026-04-11,Saturday,8,Student Service Center,5,47,7.6903591862027385,53,0,1,69.90719813941332
2026-04-03,Friday,8,Library Counter,4,68,4.273176716367722,64,0,0,70.56477461334016
2026-01-07,Wednesday,13,Admin Office,3,79,6.444939611239514,59,0,0,169.18379526948593
2026-01-19,Monday,17,Student Service Center,5,33,7.871083412174817,19,1,0,50.923104363598505
2026-01-31,Saturday,13,Cafeteria,3,78,6.683449630644172,53,0,0,174.097852909185
2026-01-11,Sunday,11,Admin Office,4,23,3.202697286112203,5,1,0,22.31026249999875
2026-01-17,Saturday,10,Cafeteria,5,46,7.43634163688109,44,0,0,71.9400112136653
2026-02-25,Wednesday,8,Admin Office,2,38,3.0204312132277,19,1,0,54.73715286622728
2026-01-15,Thursday,11,Admin Office,2,29,2.5139031899852924,20,0,0,40.50772633976705
2026-04-15,Wednesday,16,Student Service Center,4,28,2.9424811803303017,20,0,0,19.40459995427813
2026-04-01,Wednesday,11,Cafeteria,2,19,6.277437129793052,19,0,0,63.47622536882528
2026-03-28,Saturday,9,Library Counter,4,51,7.4417254569957585,42,0,0,99.59297790806306
2026-06-04,Thursday,15,Admin Office,5,37,2.800695939644051,44,0,1,17.928261513788712
2026-05-01,Friday,16,Cafeteria,5,46,3.305338340324005,47,0,0,31.97052593913635
2026-01-29,Thursday,11,Library Counter,2,36,5.187675528225272,37,0,0,91.04516219587458
2026-01-01,Thursday,15,Cafeteria,4,77,7.358563160135005,70,0,0,142.65556061171336
2026-01-05,Monday,8,Student Service Center,4,67,1.5474831360808516,68,0,0,24.348371579966752
2026-02-04,Wednesday,10,Cafeteria,5,57,5.851379904227604,55,0,0,66.05095371549221
2026-06-12,Friday,16,Admin Office,5,49,4.953023886762567,33,1,0,52.705656032548895
2026-01-07,Wednesday,13,Student Service Center,1,34,2.481730390020591,12,0,0,88.95259948512366
2026-02-16,Monday,17,Student Service Center,2,63,5.0987450447527625,77,0,1,165.2612031701114
2026-04-04,Saturday,11,Cafeteria,3,66,1.2897681739037608,62,0,0,29.73184905254886
2026-04-25,Saturday,13,Fee Counter,2,95,3.1915187260408238,61,1,0,155.49957083311867
2026-03-24,Tuesday,12,Library Counter,2,84,3.021395718511241,61,0,0,126.75992617441216
2026-04-11,Saturday,15,Fee Counter,3,43,6.823566407209642,40,0,0,100.30963967401871
2026-06-17,Wednesday,14,Student Service Center,5,59,7.331774886991037,43,0,0,90.66721867024376
2026-04-06,Monday,12,Student Service Center,3,33,4.540035785941797,15,0,0,52.584657858783615
2026-05-04,Monday,17,Cafeteria,5,56,2.5391847699386814,52,0,0,32.0731343860848
2026-05-14,Thursday,15,Cafeteria,2,52,1.0458709579549108,46,0,0,29.160632496497605
2026-06-16,Tuesday,17,Cafeteria,4,31,7.8027539932613,30,0,0,61.08075072457012
2026-02-06,Friday,15,Library Counter,4,35,2.3917186744886183,39,0,0,18.965151585701218
2026-04-28,Tuesday,9,Admin Office,2,46,4.281682159451867,61,0,1,96.34879500704709
2026-03-07,Saturday,12,Admin Office,1,96,1.8740197187365741,73,0,0,182.5749014474978
2026-03-03,Tuesday,9,Cafeteria,4,56,4.039714453934611,48,0,0,55.16841828074728
2026-06-11,Thursday,11,Library Counter,4,32,5.465390184788982,36,0,0,42.09360874315809
2026-01-20,Tuesday,11,Admin Office,4,60,4.0637730420010385,51,0,0,58.56584652450545
2026-02-15,Sunday,14,Cafeteria,5,79,6.568308955633239,35,1,0,108.55059078725229
2026-02-07,Saturday,9,Cafeteria,3,58,4.6067409404734825,62,0,0,93.89686116849751
2026-01-27,Tuesday,11,Admin Office,3,80,5.866125598590348,79,0,0,159.6401775729715
2026-05-31,Sunday,8,Cafeteria,5,30,5.571491777726555,28,0,0,32.10576123635849
2026-04-17,Friday,17,Admin Office,3,85,6.1421859832981145,65,1,0,175.15723999456898
2026-05-22,Friday,11,Fee Counter,5,71,4.000403607618293,71,0,0,57.193478265557346
2026-02-12,Thursday,8,Cafeteria,2,61,5.559776122574215,51,1,0,171.85913490360332
2026-05-24,Sunday,13,Admin Office,3,70,6.798590997348125,50,0,0,162.12396543640986
2026-01-18,Sunday,8,Cafeteria,1,42,6.24816031336901,34,0,0,263.91809439425305
2026-01-07,Wednesday,11,Fee Counter,5,30,5.79926380152395,8,1,0,34.81721813130848
2026-04-03,Friday,8,Library Counter,3,22,6.571656084913505,37,0,1,46.18572784720323
2026-01-21,Wednesday,10,Student Service Center,3,55,6.865143692826327,58,0,0,124.52181563629803
2026-04-11,Saturday,12,Cafeteria,4,84,3.0392946233350857,61,0,0,65.38863123746448
2026-02-26,Thursday,10,Student Service Center,1,67,3.272614753048,59,0,0,218.51576340198352
2026-03-12,Thursday,11,Library Counter,4,22,2.417996307140498,23,0,0,10.392699875576435
2026-06-29,Monday,12,Fee Counter,4,80,6.962942924555576,61,0,0,138.54251446416586
2026-02-07,Saturday,17,Admin Office,5,16,1.2877021865859386,8,0,0,6.685570380564027
2026-05-13,Wednesday,16,Cafeteria,4,57,1.5448899095066286,36,1,0,22.17802386212781
2026-02-04,Wednesday,16,Cafeteria,2,53,4.604963613662623,50,0,0,121.98969149726756
2026-06-10,Wednesday,10,Student Service Center,3,49,7.7505709084381085,54,0,0,130.76470694749165
2026-03-13,Friday,15,Library Counter,1,85,3.436095692445563,62,1,0,293.28059645754206
2026-03-19,Thursday,14,Fee Counter,2,82,1.5235982730875623,66,0,0,61.757193664922326
2026-06-27,Saturday,9,Admin Office,5,15,7.409300074301042,15,0,0,20.25060136351486
2026-03-16,Monday,16,Admin Office,2,57,6.874445289677554,34,1,0,194.11154484991602
2026-06-27,Saturday,17,Cafeteria,2,86,6.33780905587862,78,1,1,274.3837639325138
2026-01-11,Sunday,12,Cafeteria,5,31,2.4637525836967638,10,0,0,18.574863021067376
2026-02-15,Sunday,16,Fee Counter,1,70,5.547475842070492,46,1,0,388.2504874087631
2026-03-24,Tuesday,10,Cafeteria,3,52,7.351554872267,43,0,0,125.89071848564653
2026-06-17,Wednesday,15,Admin Office,5,73,2.649765037860914,64,0,0,40.657164748869064
2026-04-23,Thursday,11,Cafeteria,3,34,6.181345726618201,37,0,0,68.35521416056434
2026-04-13,Monday,15,Fee Counter,4,62,5.521857948850799,66,0,0,83.88843744266009
2026-03-07,Saturday,17,Fee Counter,2,37,5.1794070545134865,33,0,0,96.93030451471523
2026-01-04,Sunday,12,Fee Counter,2,98,2.1815140936492616,55,1,0,106.17482572885497
2026-06-02,Tuesday,10,Student Service Center,3,66,1.131119760646682,71,0,0,22.83425678826783
2026-05-17,Sunday,10,Fee Counter,3,49,2.7751432160958784,29,1,0,45.30094171411788
2026-02-20,Friday,11,Fee Counter,3,44,2.1399557270915848,41,0,0,33.57644089152688
2026-05-10,Sunday,10,Student Service Center,4,81,1.4868483385491942,58,1,0,28.283444463309554
2026-04-11,Saturday,15,Fee Counter,5,66,7.870578473809131,60,0,0,102.38595486402409
2026-05-04,Monday,13,Student Service Center,1,50,6.036825305338833,24,0,0,300.09928630543095
2026-05-01,Friday,9,Student Service Center,2,41,6.110550325896439,44,0,0,126.47895667728199
2026-05-19,Tuesday,17,Fee Counter,3,67,3.341563329635279,69,0,0,74.6748203066438
2026-05-11,Monday,11,Fee Counter,3,62,5.711111373631245,65,0,0,115.43306544657177
2026-03-25,Wednesday,10,Student Service Center,2,65,5.428051732324929,49,1,0,173.41206161215587
2026-02-22,Sunday,17,Fee Counter,1,26,7.5167585498647,29,0,0,195.89144409106575
2026-02-23,Monday,11,Student Service Center,2,58,5.604426069863262,51,0,0,159.90911062871183
2026-01-30,Friday,8,Library Counter,2,29,3.327477290056552,8,1,0,50.22900343490526
2026-02-05,Thursday,17,Student Service Center,3,34,3.55219168913636,38,0,0,43.92537949177331
2026-05-01,Friday,16,Library Counter,5,99,6.612730911204638,75,1,0,134.14927954539948
2026-02-27,Friday,9,Cafeteria,1,60,3.1278028914474785,74,0,1,188.02620331519324
2026-01-22,Thursday,14,Student Service Center,1,36,3.4699148027750533,16,0,0,126.59272986782518
2026-06-08,Monday,10,Admin Office,5,8,4.190449101198817,8,0,0,6.657535679717236
2026-04-03,Friday,10,Admin Office,3,22,7.678404972967618,14,0,0,57.84420956247629
2026-06-09,Tuesday,10,Cafeteria,2,32,5.390339740032345,30,0,0,89.85104299203665
2026-03-27,Friday,9,Student Service Center,2,58,2.537018239405653,53,0,0,76.56106089385891
2026-06-16,Tuesday,13,Fee Counter,1,43,2.590859006583184,15,1,1,110.24968603466885
2026-02-19,Thursday,8,Cafeteria,4,58,3.9697995059685245,49,0,0,54.87143632436626
2026-04-03,Friday,11,Fee Counter,1,8,2.3230509241529536,5,1,1,23.36471645984398
2026-06-14,Sunday,17,Fee Counter,2,45,7.6785367492322925,42,0,0,175.74740975165093
2026-06-19,Friday,16,Student Service Center,4,20,5.799376423552843,21,0,0,31.763643775336458
2026-02-23,Monday,16,Fee Counter,4,38,7.46723064958905,41,0,1,73.56056471391726
2026-06-21,Sunday,15,Admin Office,1,68,2.469939273273954,61,0,0,170.94234256692604
2026-03-25,Wednesday,12,Admin Office,5,38,6.352734232586324,17,1,1,50.08476090876697
2026-02-16,Monday,15,Student Service Center,4,21,6.590162434629853,29,0,1,34.34011899404288
2026-04-01,Wednesday,17,Fee Counter,1,90,2.8820281585745886,71,1,0,260.1602596356089
2026-04-11,Saturday,8,Fee Counter,4,5,2.352377945753978,5,0,0,2.26965974405325
2026-03-31,Tuesday,16,Fee Counter,4,43,2.639642203448176,40,0,0,31.53907590701855
2026-02-22,Sunday,8,Cafeteria,5,71,1.621857922035152,63,0,0,21.346793372092865
2026-05-10,Sunday,16,Admin Office,4,10,6.806199275491269,8,0,0,21.426503775258116
2026-05-25,Monday,11,Admin Office,3,54,1.7038057808586333,45,0,0,30.96191249784637
2026-05-09,Saturday,17,Library Counter,2,56,5.55337443082332,51,0,0,157.09827410482325
2026-01-22,Thursday,15,Fee Counter,3,83,5.518095180872456,76,0,0,156.60167868453453
2026-02-11,Wednesday,16,Admin Office,3,52,4.257512836981066,56,0,0,75.47168137055094
2026-01-18,Sunday,13,Admin Office,3,66,6.952216996355684,50,0,0,156.3064159571843
2026-04-03,Friday,13,Fee Counter,1,58,3.078999309252765,15,1,0,179.5070623325044
2026-06-11,Thursday,17,Library Counter,5,13,6.22193335801005,6,0,0,15.237806556437198
2026-02-12,Thursday,8,Library Counter,1,38,2.158095414501202,30,0,0,82.30599182293787
2026-01-29,Thursday,10,Admin Office,2,50,4.427905264977715,43,0,0,109.48804671293618
2026-01-01,Thursday,16,Fee Counter,3,30,5.3404923109598466,24,0,0,57.976582758669686
2026-06-18,Thursday,9,Admin Office,2,77,4.6333420153754385,69,0,0,178.29608645807033
2026-03-27,Friday,8,Cafeteria,1,4,6.3049927644060295,5,0,0,28.669748822191558
2026-01-26,Monday,8,Admin Office,5,31,4.900278550726886,18,1,0,31.79432493919642
2026-01-06,Tuesday,9,Cafeteria,3,19,4.054094690428588,17,0,0,25.214573003089633
2026-06-11,Thursday,15,Cafeteria,2,31,2.0358153135633703,29,0,0,30.276538191036998
2026-02-06,Friday,17,Cafeteria,3,82,1.989046898028668,79,0,0,56.17186957851139
2026-02-26,Thursday,10,Student Service Center,3,41,7.956445245964702,40,0,0,110.17239869122442
2026-03-15,Sunday,9,Cafeteria,4,42,4.092040652980036,26,1,0,47.275393512166104
2026-03-23,Monday,9,Library Counter,2,23,1.5466695496455303,18,0,0,16.24046536844778
2026-06-25,Thursday,17,Admin Office,5,18,1.950833675391891,23,0,1,6.184841632230389
2026-02-28,Saturday,11,Admin Office,3,25,3.1568034642144083,19,0,0,26.329661946199714
2026-04-19,Sunday,12,Admin Office,2,78,3.7154872387580986,47,1,0,148.6849342292377
2026-06-26,Friday,15,Student Service Center,1,66,3.1192364791574967,60,0,0,208.83783447526935
2026-04-10,Friday,17,Fee Counter,5,7,1.196014764238134,10,0,0,1.0
2026-01-16,Friday,12,Cafeteria,5,89,3.689770805766208,67,0,0,70.45504664943998
2026-03-01,Sunday,10,Library Counter,3,97,4.012202555136308,78,1,0,131.05295122395918
2026-05-04,Monday,9,Cafeteria,5,81,6.781242024212965,65,1,0,113.63488931649505
2026-02-22,Sunday,11,Cafeteria,4,36,2.8655990180317437,39,0,0,23.363411088102662
2026-05-19,Tuesday,13,Admin Office,5,36,6.498128836018411,19,0,0,48.876033494892795
2026-03-25,Wednesday,10,Cafeteria,4,0,5.489085745987522,13,0,1,1.0
2026-04-22,Wednesday,11,Fee Counter,3,50,5.283591540158194,51,0,0,90.33211326101659
2026-02-27,Friday,10,Fee Counter,2,56,1.430329987131298,56,0,0,38.49317601512847
2026-06-12,Friday,9,Fee Counter,5,81,7.564685743691541,77,0,0,122.1639651901223
2026-04-22,Wednesday,14,Fee Counter,2,98,5.001334688829062,75,0,0,246.01459763555908
2026-05-17,Sunday,11,Student Service Center,1,82,7.1787408204861975,77,0,0,589.5626202893212
2026-04-06,Monday,16,Library Counter,1,49,2.1698047406539156,53,0,0,105.53552966912227
2026-01-16,Friday,13,Student Service Center,1,80,4.975161938638644,60,0,0,397.36582963543185
2026-03-07,Saturday,11,Library Counter,1,64,5.075042536820256,56,0,0,323.4636435995896
2026-05-02,Saturday,9,Library Counter,4,55,3.946911319280506,31,1,0,52.71994215229681
2026-03-10,Tuesday,16,Student Service Center,4,20,5.784261791615091,16,0,0,26.735856900553067
2026-02-04,Wednesday,13,Fee Counter,4,81,1.9971009621389255,39,1,0,40.067871557288086
2026-01-17,Saturday,11,Library Counter,2,28,6.076804934839146,17,1,0,83.88765065908622
2026-04-21,Tuesday,15,Admin Office,1,25,4.543581376120441,24,0,0,112.91643863529306
2026-04-19,Sunday,11,Cafeteria,5,18,5.688831128240671,13,0,0,21.702208471316716
2026-03-07,Saturday,9,Cafeteria,3,53,3.209575423607597,56,0,0,59.5172637461939
2026-04-07,Tuesday,14,Library Counter,5,39,2.6968273708909765,15,0,0,20.019854790254666
2026-04-22,Wednesday,11,Cafeteria,4,26,4.748435601645293,19,0,0,32.74920032435454
2026-01-25,Sunday,12,Cafeteria,4,45,1.7512238441535302,16,0,0,21.132465074035878
2026-06-03,Wednesday,12,Student Service Center,3,46,5.866758630704528,29,0,0,94.06882248985241
2026-06-17,Wednesday,14,Library Counter,3,52,7.762892570868085,32,0,0,132.90260101210765
2026-03-30,Monday,11,Admin Office,4,46,3.2549739520610728,39,0,0,39.502621102636375
2026-06-29,Monday,9,Library Counter,3,31,4.584222020872227,34,0,0,47.06589702625516
2026-01-28,Wednesday,16,Student Service Center,5,50,5.947850519251823,44,0,0,63.7342404728529
2026-05-07,Thursday,13,Library Counter,2,70,3.253229203508806,41,0,0,112.39300011562122
2026-01-10,Saturday,11,Library Counter,4,81,5.549641365461703,73,0,0,117.07096199979048
2026-02-16,Monday,10,Admin Office,3,63,2.6348016113827804,58,0,0,56.130775199525516
2026-03-23,Monday,12,Library Counter,1,99,1.6008765402272012,69,1,0,157.60387203612615
2026-02-14,Saturday,16,Library Counter,3,14,5.0052368650908505,7,0,0,21.938174394411632
2026-05-15,Friday,17,Admin Office,5,58,1.6133342003110687,54,0,0,17.475731475231708
2026-06-05,Friday,12,Admin Office,1,84,4.778572112708231,55,0,0,400.31737769151204
2026-02-12,Thursday,14,Cafeteria,3,61,5.6564362774338734,34,0,0,117.4532796696379
2026-01-11,Sunday,15,Library Counter,3,32,6.545541544920166,29,0,0,68.95801178076137
2026-06-07,Sunday,16,Student Service Center,2,26,5.6847255776167325,8,1,0,78.66323986126814
2026-01-30,Friday,14,Library Counter,1,70,6.254277788181663,55,0,0,439.1734040962767
2026-06-14,Sunday,14,Fee Counter,3,84,2.013749524876936,40,1,0,60.132319825732935
2026-01-26,Monday,17,Library Counter,5,25,4.01744796784107,22,0,0,17.106211014840476
2026-04-04,Saturday,11,Fee Counter,1,35,5.414580741526199,12,1,0,188.62898868209032
2026-02-18,Wednesday,13,Admin Office,2,108,7.699103467653472,69,1,0,417.29223603095215
2026-01-16,Friday,16,Student Service Center,4,15,6.748536109863611,9,0,0,26.047446037114412
2026-02-20,Friday,12,Student Service Center,3,30,2.4545033625184414,14,0,0,28.52293086627436
2026-05-25,Monday,15,Cafeteria,3,37,4.2445723256340875,38,0,0,56.07359400096794
2026-02-11,Wednesday,10,Student Service Center,4,73,7.78807493395091,73,0,0,139.2328709636023
2026-02-26,Thursday,14,Admin Office,5,107,4.316921898516258,76,1,0,93.19413770602807
2026-04-10,Friday,14,Admin Office,4,75,2.268194828147422,55,0,0,46.68490144430911
2026-01-20,Tuesday,16,Admin Office,2,21,3.5332446273844758,10,1,0,41.01165979519005
2026-04-12,Sunday,13,Admin Office,1,60,3.6421960804718196,16,1,0,220.6505077363209
2026-02-28,Saturday,9,Admin Office,1,24,7.476609083352308,13,1,0,179.29424050691367
2026-05-31,Sunday,12,Student Service Center,4,46,4.482644875798244,12,1,0,50.829555995809166
2026-05-06,Wednesday,16,Library Counter,3,40,1.3027152924001388,32,0,0,21.607557310812112
2026-02-04,Wednesday,11,Student Service Center,5,94,4.572868116383706,77,1,0,87.43144727809528
2026-05-26,Tuesday,8,Admin Office,5,83,2.334009221772005,77,0,0,35.92929955861144
2026-05-17,Sunday,8,Fee Counter,1,40,5.762004945925275,51,0,1,234.88446155905123
2026-01-07,Wednesday,13,Student Service Center,3,64,4.866446320969628,47,0,0,104.79892248883155
2026-02-20,Friday,15,Library Counter,5,37,6.247448846346637,14,1,0,45.42389193231223
2026-04-05,Sunday,17,Fee Counter,2,28,6.880441678583028,23,0,0,96.10100202755189
2026-03-09,Monday,8,Cafeteria,1,63,5.52867253605476,59,0,0,350.10653906201367
2026-06-08,Monday,10,Admin Office,3,33,7.167001166095048,9,1,0,82.32286658826239
2026-03-23,Monday,15,Admin Office,1,38,2.2999420472406853,18,1,0,86.1081781497384
2026-04-17,Friday,16,Cafeteria,2,26,6.641019783582623,17,0,0,85.33757004344865
2026-04-19,Sunday,17,Admin Office,2,46,6.640622777973878,26,1,0,155.59933129187
2026-03-20,Friday,9,Student Service Center,5,16,1.134133836879482,21,0,0,5.81646804194774
2026-01-17,Saturday,16,Library Counter,4,15,2.115825861192118,19,0,0,7.1475421255952085
2026-03-19,Thursday,11,Cafeteria,2,28,6.071112627252947,26,0,0,88.93638614204438
2026-03-27,Friday,9,Library Counter,4,78,3.130288535011794,75,0,0,65.67450327439462
2026-04-19,Sunday,16,Cafeteria,5,29,5.88563508851218,35,0,1,38.75078889361753
2026-06-26,Friday,8,Library Counter,4,81,5.5629998203163895,68,1,1,110.92796588732955
2026-04-01,Wednesday,17,Student Service Center,3,81,6.40593430329325,65,1,0,173.11013745182402
2026-06-18,Thursday,14,Fee Counter,2,37,1.5112648671254072,20,0,0,28.90748985871503
2026-06-10,Wednesday,15,Library Counter,3,61,7.257330730372222,66,0,0,146.01843538229636
2026-04-03,Friday,13,Admin Office,5,89,5.6801554581770315,65,0,0,104.18900046916677
2026-04-25,Saturday,10,Cafeteria,4,52,4.106140262031028,30,1,0,52.01727314522535
2026-05-05,Tuesday,14,Admin Office,1,117,2.4717162412433926,77,1,0,287.63343205914373
2026-03-21,Saturday,8,Fee Counter,2,25,6.6390486828375535,13,1,0,80.53393572149022
2026-06-23,Tuesday,17,Admin Office,2,34,1.4202825989257395,31,0,0,27.04895477841303
2026-02-10,Tuesday,15,Admin Office,5,64,2.818687786971486,57,0,0,33.50622390875302
2026-02-25,Wednesday,12,Student Service Center,4,105,7.320694389885953,74,1,0,196.11764973644162
2026-01-22,Thursday,16,Student Service Center,3,64,5.5644894250989845,61,0,0,119.58434071419077
2026-04-28,Tuesday,8,Library Counter,5,31,4.486806927401956,31,0,0,31.527736088402342
2026-06-29,Monday,11,Cafeteria,5,58,2.0230210017587047,34,1,0,23.61687218136287
2026-06-25,Thursday,9,Fee Counter,5,59,5.789261316180526,37,1,0,72.93794241334241
2026-02-25,Wednesday,12,Admin Office,1,89,6.518975157730136,67,0,0,579.6268594307793
2026-01-08,Thursday,17,Library Counter,2,78,3.5684642381888763,76,0,0,140.67795722385574
2026-02-20,Friday,9,Cafeteria,3,26,6.835709246350024,6,1,0,63.76494864952136
2026-06-17,Wednesday,14,Fee Counter,3,70,1.3251899730097596,40,1,0,28.194332268802185
2026-05-30,Saturday,16,Student Service Center,5,85,2.6565195734408364,77,0,0,46.760868708229246
2026-04-19,Sunday,11,Student Service Center,1,36,3.3392950083479223,14,1,0,122.32456119077072
2026-01-11,Sunday,17,Fee Counter,2,33,3.7347230342991256,14,1,0,64.8724054390455
2026-03-12,Thursday,16,Library Counter,5,71,3.139133084953961,75,0,0,43.68386327436836
2026-03-08,Sunday,13,Student Service Center,1,87,6.265173621442554,67,0,0,546.7402374118725
2026-02-05,Thursday,15,Cafeteria,2,50,2.7729151574734368,39,1,0,70.251414133309
2026-05-16,Saturday,10,Fee Counter,4,16,4.865606423417472,8,0,0,17.646251992227086
2026-04-06,Monday,9,Student Service Center,1,6,1.6007856088905013,9,0,0,7.723799958177854
2026-01-19,Monday,14,Student Service Center,1,87,4.346886719298496,63,0,0,381.96948949193916
2026-02-18,Wednesday,17,Cafeteria,5,46,7.439504438898567,50,0,0,67.61746285654979
2026-04-12,Sunday,12,Library Counter,3,43,4.124609408963575,27,0,0,59.4300978966293
2026-06-13,Saturday,17,Cafeteria,3,43,4.440873682532121,35,0,0,65.1425401736873
2026-02-22,Sunday,11,Student Service Center,4,37,6.812285900966684,16,1,0,67.8043205952307
2026-04-05,Sunday,14,Cafeteria,3,58,4.23785263784921,29,0,0,81.07711718107677
2026-05-11,Monday,17,Admin Office,2,58,5.524240561187205,61,0,0,164.4639138229119
2026-01-20,Tuesday,17,Admin Office,5,11,2.8501781759299742,5,0,0,9.26057242219392
2026-04-25,Saturday,12,Fee Counter,3,34,7.109112657668457,17,0,0,77.6036165103016
2026-02-18,Wednesday,14,Fee Counter,1,66,5.251249017971252,34,1,0,351.1921409688062
2026-06-15,Monday,10,Fee Counter,1,19,2.398231851512527,16,0,0,44.98184145654065
2026-06-12,Friday,10,Cafeteria,1,58,7.798343083257455,45,1,0,452.7279198791542
2026-03-02,Monday,15,Student Service Center,2,28,7.537755664797521,29,0,0,108.7432313764162
2026-06-18,Thursday,16,Admin Office,2,63,1.2282037402707535,62,0,0,43.19800318383498
2026-03-20,Friday,14,Fee Counter,4,44,5.779343521237401,28,0,0,61.34651479304601
2026-03-30,Monday,14,Fee Counter,3,74,1.266504950595778,31,1,0,28.822162187002682
2026-03-03,Tuesday,8,Library Counter,1,13,1.9782381366401671,14,0,0,23.132491478257727
2026-05-23,Saturday,8,Library Counter,4,68,3.602238223999939,64,0,0,63.66230595743096
2026-03-31,Tuesday,15,Library Counter,1,22,6.225724845977922,16,0,0,141.39794514261843
2026-02-19,Thursday,10,Fee Counter,2,57,6.044102527612455,48,1,1,172.70179888383197
2026-04-13,Monday,9,Admin Office,3,84,7.1917844842342555,75,0,0,200.57438428176428
2026-05-26,Tuesday,11,Fee Counter,5,67,2.3851899043575426,72,0,0,32.976561643665995
2026-04-27,Monday,8,Cafeteria,4,60,5.627027057222858,53,0,0,85.1547384864695
2026-06-06,Saturday,8,Student Service Center,3,76,6.382106909757551,76,0,0,166.1709148758637
2026-02-23,Monday,17,Cafeteria,3,42,2.8718397364345862,38,0,0,40.470134666999044
2026-05-19,Tuesday,9,Student Service Center,4,39,1.8737669613055883,30,0,0,19.332186972298945
2026-02-08,Sunday,12,Admin Office,1,99,4.668993533333311,59,1,0,460.0922996214842
2026-06-15,Monday,11,Admin Office,3,41,7.440762269298439,41,0,0,104.65977459824046
2026-04-24,Friday,14,Admin Office,1,87,3.9289710135992406,62,0,0,339.28626404145245
2026-03-15,Sunday,16,Cafeteria,1,37,6.860827794861759,16,1,0,254.8965814933056
2026-05-16,Saturday,12,Cafeteria,4,88,4.840590345450365,72,0,0,105.72629829672555
2026-06-13,Saturday,12,Admin Office,4,38,5.0621527337754,15,0,0,50.785491036595374
2026-03-13,Friday,12,Admin Office,2,73,2.9575263153283253,52,0,0,105.20833337883174
2026-06-22,Monday,10,Library Counter,2,6,2.38946754400387,9,0,0,6.920217438316706
2026-04-02,Thursday,16,Student Service Center,2,23,4.452829138889443,8,1,0,53.4439705855126
2026-05-15,Friday,9,Fee Counter,5,31,1.724868661253442,35,0,0,15.38122929505225
2026-01-13,Tuesday,12,Fee Counter,4,39,3.9720722308700758,12,0,0,41.3589819408606
2026-03-08,Sunday,9,Library Counter,5,62,6.674368079304375,50,1,0,86.97111285637855
2026-02-25,Wednesday,11,Cafeteria,4,49,7.780304637094536,48,0,0,93.79066551463322
2026-03-29,Sunday,10,Library Counter,1,48,1.1386545090061004,52,0,0,59.541489919692225
2026-03-17,Tuesday,17,Admin Office,5,63,3.4763439051024028,68,0,0,42.791448177364146
2026-01-21,Wednesday,11,Cafeteria,4,58,6.837718867344263,59,0,0,98.31998084631526
2026-05-04,Monday,17,Cafeteria,3,13,4.411086292310184,14,0,0,22.636736911949974
2026-01-10,Saturday,12,Admin Office,5,60,3.9802641238156515,31,0,0,47.390724206831635
2026-06-15,Monday,12,Cafeteria,5,73,6.084648665619748,45,0,0,86.72494457433338
2026-01-03,Saturday,16,Student Service Center,5,29,4.581684449632993,44,0,1,23.60211873048557
2026-06-18,Thursday,15,Admin Office,5,34,7.447690464584095,33,0,0,51.89326236395331
2026-02-16,Monday,9,Admin Office,5,72,1.5777776857791739,55,1,0,24.239941706857607
2026-03-05,Thursday,12,Student Service Center,2,74,3.147824982942111,46,0,0,121.42142987856363
2026-04-08,Wednesday,17,Cafeteria,5,87,6.224458016004999,78,0,0,110.07228998461795
2026-02-26,Thursday,14,Library Counter,1,85,7.433230700567835,61,0,0,636.0159142505534
2026-01-16,Friday,9,Library Counter,4,24,3.2498220777749465,28,0,0,21.135377404462712
2026-03-31,Tuesday,15,Student Service Center,1,86,4.210111185425563,73,1,0,364.29911163864807
2026-03-26,Thursday,8,Library Counter,1,43,1.0373710682212773,43,0,0,49.296769630034646
2026-01-15,Thursday,17,Fee Counter,2,67,4.302599984911441,68,0,0,143.71787117415136
2026-02-17,Tuesday,9,Library Counter,5,17,3.0837284242210994,17,0,0,10.515656766321367
2026-02-16,Monday,10,Student Service Center,4,82,7.2162994021851565,78,0,0,146.61391324733071
2026-01-09,Friday,9,Cafeteria,1,35,5.23194916740853,40,0,0,180.7874857955614
2026-05-03,Sunday,13,Library Counter,3,46,7.196461977503849,30,0,0,111.07119167247049
2026-02-04,Wednesday,12,Admin Office,5,57,1.8600955345352936,33,0,0,23.690163364775444
2026-03-24,Tuesday,8,Cafeteria,2,43,7.795425681333792,20,1,0,166.39613584102204
2026-04-29,Wednesday,9,Fee Counter,4,65,5.283574531391606,42,1,0,89.11029212434275
2026-04-26,Sunday,9,Cafeteria,1,31,6.9601783080035595,26,0,0,220.5151877929508
2026-04-01,Wednesday,8,Fee Counter,1,33,6.676545648087488,28,0,0,221.67511405584776
2026-01-11,Sunday,14,Cafeteria,2,99,4.963961446663536,70,0,0,248.41179282953308
2026-04-08,Wednesday,11,Student Service Center,3,48,1.283144299411388,44,0,0,18.801204268753054
2026-05-31,Sunday,8,Fee Counter,2,29,3.4211564936589642,26,0,0,51.89500688033968
2026-05-08,Friday,16,Cafeteria,5,71,4.279422372167985,63,0,0,61.24195476117205
2026-03-26,Thursday,9,Student Service Center,2,69,6.899742717244355,67,0,0,240.7635984502075
2026-04-15,Wednesday,9,Library Counter,3,68,4.643894697834052,67,0,0,108.74181223241432
2026-06-21,Sunday,8,Admin Office,1,7,1.210011677133442,6,0,0,10.796103426055812
2026-04-19,Sunday,10,Cafeteria,2,28,5.36456844292366,5,1,0,76.13172740741051
2026-01-16,Friday,14,Student Service Center,2,33,5.964131225820001,24,0,1,100.80067577565266
2026-06-18,Thursday,14,Library Counter,2,86,7.408506598387979,65,0,0,322.9906886007521
2026-06-14,Sunday,14,Library Counter,4,37,4.157373832584623,8,0,0,38.76234054399174
2026-06-14,Sunday,9,Fee Counter,4,69,3.650096141750011,72,0,0,61.13068477524623
2026-05-17,Sunday,12,Admin Office,4,81,6.168452847761742,49,1,0,127.38943717538272
2026-05-14,Thursday,12,Cafeteria,1,52,3.24878791202904,14,1,0,171.91535928323512
2026-02-18,Wednesday,10,Admin Office,2,24,4.5088599412966754,13,1,0,54.4067165755783
2026-06-28,Sunday,11,Library Counter,3,18,7.220707450081722,21,0,0,43.09213102314096
2026-06-18,Thursday,17,Student Service Center,5,86,6.776812698690236,73,1,0,116.98480006566425
2026-03-12,Thursday,13,Fee Counter,2,91,7.9954331410172195,65,0,0,368.5904065070246
2026-03-16,Monday,14,Cafeteria,5,84,2.615306703979559,55,0,0,48.89738336713852
2026-06-26,Friday,15,Fee Counter,3,23,4.336369654244363,20,0,0,31.255191436161496
2026-05-31,Sunday,15,Library Counter,4,44,5.38439717787472,48,0,0,63.835572440493756
2026-03-31,Tuesday,17,Student Service Center,2,30,6.532289432869624,26,0,0,99.41264245696216
2026-01-16,Friday,14,Cafeteria,3,54,6.9132469377112695,24,1,0,122.27871803324754
2026-02-24,Tuesday,13,Student Service Center,3,29,6.682638158176362,5,0,0,63.051375659897204
2026-04-15,Wednesday,12,Admin Office,2,54,4.756831153473285,38,0,0,128.93612336093932
2026-03-30,Monday,9,Student Service Center,1,45,3.160132595354912,33,1,0,139.32225182618308
2026-05-18,Monday,16,Admin Office,1,82,4.2801752164074305,73,0,0,352.45918063213975
2026-01-20,Tuesday,14,Library Counter,3,47,3.20404362783772,31,0,0,51.61750078901267
2026-04-18,Saturday,10,Library Counter,2,22,3.803282225850994,24,0,0,41.954105973740894
2026-03-04,Wednesday,12,Library Counter,4,93,6.162997116623888,65,0,0,145.37934681519923
2026-02-07,Saturday,14,Admin Office,5,39,6.463153568801676,21,0,0,49.204100901558384
2026-01-29,Thursday,17,Cafeteria,3,86,3.9690332913511437,79,0,0,113.65277517372134
2026-05-29,Friday,11,Fee Counter,3,27,3.5686710378184925,27,0,0,32.84551798522048
2026-06-21,Sunday,9,Fee Counter,1,21,6.168088834095718,17,0,0,134.2392651931565
2026-04-12,Sunday,9,Cafeteria,5,36,1.7554923815502699,31,0,0,9.698535359268345
2026-03-13,Friday,12,Admin Office,1,99,5.760797303043644,74,1,1,570.4481723842244
2026-01-25,Sunday,11,Cafeteria,2,33,3.409279530287918,29,0,0,58.580912810245366
2026-02-25,Wednesday,8,Admin Office,1,52,3.8983612126113094,64,0,1,202.72012924567468
2026-05-03,Sunday,8,Fee Counter,5,51,4.837750059426109,36,1,0,52.98487145118753
2026-01-03,Saturday,14,Cafeteria,1,49,4.7409523984879876,30,0,0,234.631167745332
2026-05-19,Tuesday,10,Student Service Center,3,55,2.2035315880257835,60,0,0,40.3342821006936
2026-02-26,Thursday,17,Fee Counter,3,19,4.522943482931903,19,0,0,26.647868704371113
2026-05-02,Saturday,8,Fee Counter,1,18,1.6633058062765966,20,0,0,27.604983990651675
2026-04-01,Wednesday,15,Cafeteria,2,73,1.9666452183378964,73,0,0,75.37337874863036
2026-06-01,Monday,8,Cafeteria,5,92,6.336132878430789,77,1,0,115.96260652017702
2026-06-10,Wednesday,12,Student Service Center,5,33,7.053791573267819,17,0,0,46.11377242761448
2026-03-18,Wednesday,11,Fee Counter,5,82,7.951926494204548,72,1,0,134.06368989711035
2026-04-06,Monday,15,Library Counter,2,40,3.6946051404596774,45,0,0,75.25774006505719
2026-01-02,Friday,8,Student Service Center,5,56,2.2790237745582713,50,0,0,30.09316376885719
2026-05-02,Saturday,10,Student Service Center,1,49,4.228109269726382,43,0,0,208.1910794347999
2026-03-01,Sunday,15,Admin Office,4,73,5.58315378195246,72,0,0,99.93802221519488
2026-01-21,Wednesday,12,Student Service Center,1,72,1.337770635460486,49,0,0,94.03680618140362
2026-04-18,Saturday,15,Cafeteria,5,45,5.730707576303195,39,0,0,51.95025095386576
2026-02-22,Sunday,8,Student Service Center,5,83,4.343580178883864,64,1,0,71.47270138635602
2026-05-26,Tuesday,16,Library Counter,5,35,7.088075173866248,40,0,0,52.00739703498185
2026-04-28,Tuesday,9,Fee Counter,3,48,6.834692441609514,41,0,0,111.06518950735578
2026-02-16,Monday,10,Admin Office,3,59,5.345223239332626,60,0,0,103.13935426021236
2026-03-24,Tuesday,11,Library Counter,3,65,2.3506943729313203,53,1,0,50.92302368532875
2026-04-09,Thursday,9,Cafeteria,2,51,6.2221944438777115,46,0,0,159.93535323498975
2026-03-14,Saturday,10,Cafeteria,3,44,5.3252647750566515,43,0,0,81.33514187157593
2026-05-17,Sunday,8,Fee Counter,3,55,5.209167507681937,41,1,0,94.8188313982758
2026-01-05,Monday,14,Cafeteria,1,84,3.196476091205226,46,1,0,271.982385185633
2026-03-23,Monday,17,Student Service Center,4,82,6.879743573195378,75,0,0,138.54244184934203
2026-04-11,Saturday,16,Student Service Center,2,63,2.2035828391949686,58,0,0,72.88249172382434
2026-02-28,Saturday,15,Admin Office,5,57,2.9650415744912295,48,0,0,34.407497446099335
2026-02-06,Friday,16,Student Service Center,4,60,4.366126774996724,51,0,0,63.228516234679915
2026-02-11,Wednesday,14,Cafeteria,4,64,1.374554996858797,41,0,0,21.525026013986906
2026-06-18,Thursday,12,Student Service Center,4,82,4.526611010805062,64,0,0,96.88074887957922
2026-02-10,Tuesday,8,Student Service Center,1,47,2.7043966487041264,40,0,0,124.70436977091259
2026-06-19,Friday,9,Admin Office,4,9,2.090121456463087,5,0,0,3.9530383633351125
2026-05-30,Saturday,8,Student Service Center,4,50,7.777425577700061,45,0,0,99.47135601723045
2026-01-12,Monday,9,Admin Office,4,28,5.971328204648273,23,0,0,44.25229470070087
2026-06-08,Monday,8,Admin Office,4,25,2.7527154148483937,20,0,0,18.393967744459996
2026-01-20,Tuesday,8,Admin Office,3,21,2.5261914444680005,28,0,1,15.310642551685062
2026-02-27,Friday,9,Fee Counter,5,83,4.866942575019071,59,1,0,85.57951901823796
2026-02-03,Tuesday,9,Student Service Center,5,8,1.001464117663995,7,0,0,1.0
2026-02-17,Tuesday,11,Fee Counter,3,54,7.534743109341521,64,0,1,140.45087970761833
2026-01-30,Friday,14,Student Service Center,5,34,5.39415783265639,18,0,0,40.60967991720598
2026-05-10,Sunday,14,Library Counter,4,81,5.0685415211570355,61,0,0,100.00925186240961
2026-02-17,Tuesday,15,Fee Counter,4,86,4.953190291580644,67,1,0,107.7675814392068
2026-05-08,Friday,16,Student Service Center,2,38,2.2159796131522835,36,0,0,40.858281767906355
2026-04-02,Thursday,15,Cafeteria,2,59,1.0609918559608378,46,1,1,30.767185527619766
2026-02-22,Sunday,16,Admin Office,4,39,2.093726780216887,36,0,0,23.214495991059298
2026-05-06,Wednesday,15,Cafeteria,4,49,4.3987939863787515,54,0,0,57.71057423067613
2026-04-09,Thursday,17,Student Service Center,4,70,3.2658074693752024,63,0,0,54.531524224482474
2026-04-23,Thursday,11,Admin Office,2,30,2.9512425740931265,27,0,0,44.684878292391105
2026-01-24,Saturday,9,Student Service Center,5,14,1.4811335368742864,8,0,0,5.54327524556173
2026-06-03,Wednesday,9,Cafeteria,4,61,1.3154674724159967,38,1,0,24.324375940317896
2026-06-26,Friday,12,Fee Counter,4,35,2.2497741328694305,20,0,0,22.857415351694122
2026-01-13,Tuesday,16,Library Counter,4,85,7.464874378106544,69,1,0,157.59997665080064
2026-05-12,Tuesday,16,Fee Counter,5,77,2.9053804876126352,69,0,0,44.43902406732521
2026-02-10,Tuesday,12,Fee Counter,4,26,3.2662778878840832,9,0,1,25.148160845091255
2026-03-31,Tuesday,9,Fee Counter,5,57,3.9415342603608305,58,0,0,46.430381671153846
2026-05-09,Saturday,16,Fee Counter,4,94,7.07097356218704,73,1,0,166.06037267365784
2026-03-20,Friday,16,Admin Office,2,62,4.863236312416717,60,0,0,150.60003337429356
2026-02-28,Saturday,11,Fee Counter,3,21,6.470088801018116,11,1,1,45.40266738830689
2026-06-10,Wednesday,10,Cafeteria,3,28,1.3495531187671375,24,0,0,14.010089495447765
2026-04-02,Thursday,9,Student Service Center,3,29,1.861968697889798,20,0,0,22.61179476356496
2026-01-31,Saturday,10,Library Counter,2,78,2.772339054315487,79,0,0,111.8255764755137
2026-01-08,Thursday,11,Admin Office,5,59,5.341714685074389,55,0,0,65.84609770436957
2026-01-30,Friday,12,Library Counter,1,71,6.883171947038575,53,0,0,488.89918694605063
2026-05-17,Sunday,17,Cafeteria,2,68,6.440331398162436,65,0,0,217.72882952488177
2026-01-17,Saturday,14,Student Service Center,2,104,4.188066645504488,74,1,0,220.0390824845616
2026-05-18,Monday,11,Student Service Center,4,52,5.293394556172973,50,0,0,66.40924883074025
2026-01-05,Monday,8,Fee Counter,2,34,1.3968201813227181,26,0,0,27.777170177261162
2026-06-14,Sunday,14,Fee Counter,5,53,4.355172749705317,29,0,0,44.645196968491426
2026-04-11,Saturday,11,Cafeteria,4,55,2.5710883644080824,49,0,0,33.20238864921112
2026-03-08,Sunday,12,Cafeteria,1,59,1.7779565037894072,30,0,0,109.46121587567205
2026-03-01,Sunday,8,Admin Office,2,54,5.022582584581514,55,0,0,133.07127126165994
2026-05-27,Wednesday,13,Student Service Center,2,50,6.667469263831841,8,1,0,170.81215021807225
2026-04-12,Sunday,16,Fee Counter,2,35,4.211363512858865,37,0,0,74.24671576581096
2026-03-20,Friday,8,Fee Counter,2,48,3.677422153725383,53,0,0,86.92457433864334
2026-02-17,Tuesday,16,Admin Office,1,23,4.04348782337364,5,1,0,90.42336955775028
2026-05-25,Monday,12,Student Service Center,4,52,6.937673548307533,12,1,0,88.0602054343802
2026-03-31,Tuesday,10,Student Service Center,1,19,5.107652460027934,23,0,0,97.62795094122171
2026-06-19,Friday,13,Student Service Center,3,54,6.66989199331266,35,0,0,124.78414575536003
2026-05-02,Saturday,17,Fee Counter,5,87,5.791727921520836,69,1,0,101.42422734903082
2026-05-03,Sunday,14,Cafeteria,1,97,7.057344958598297,77,0,0,681.9364767691334
2026-05-23,Saturday,8,Admin Office,3,49,4.462465019793468,52,0,0,70.56170147143654
2026-06-25,Thursday,16,Fee Counter,1,10,4.36683350461969,8,0,0,42.91474886476832
2026-03-31,Tuesday,10,Fee Counter,1,30,5.075724796135107,30,0,0,156.91646117184098
2026-03-01,Sunday,14,Library Counter,4,93,4.226694966598837,72,0,0,101.98352293668287
2026-06-19,Friday,16,Library Counter,5,70,4.806542226800544,47,1,0,65.3998720873332
2026-01-06,Tuesday,11,Admin Office,4,38,1.3314290191324143,32,0,0,16.368554351951527
2026-04-28,Tuesday,14,Student Service Center,5,60,5.639241724226979,39,1,1,68.476033149094
2026-03-11,Wednesday,15,Admin Office,5,57,2.2010152878842533,46,1,1,29.698427015159186
2026-01-18,Sunday,8,Cafeteria,2,53,7.668247013135344,52,0,0,205.37129980396332
2026-02-10,Tuesday,12,Library Counter,5,74,1.74978245459896,52,0,0,26.667166822329307
2026-05-12,Tuesday,8,Admin Office,2,67,5.39258154261349,65,0,0,185.49468750705253
2026-02-04,Wednesday,9,Fee Counter,3,8,1.8877629948302181,7,0,0,7.344174600976349
2026-04-02,Thursday,9,Cafeteria,2,71,7.5174174507588205,72,0,0,268.1327364749643
2026-02-15,Sunday,9,Admin Office,1,48,6.872767562798082,43,0,0,334.37525144768284
2026-05-20,Wednesday,15,Student Service Center,4,48,3.313289893433991,50,0,0,42.171786186113714
2026-01-07,Wednesday,11,Student Service Center,5,4,3.5064277461864317,8,0,0,4.25303430353852
2026-06-01,Monday,10,Student Service Center,3,38,2.6002887958584355,24,1,0,34.993701282019096
2026-04-27,Monday,13,Admin Office,2,54,5.521044687468371,27,0,0,146.75293455355143
2026-03-02,Monday,10,Fee Counter,3,69,5.45195383039328,69,0,0,128.10401179784841
2026-03-02,Monday,14,Student Service Center,5,85,7.958911413566572,54,1,0,132.6143901411805
2026-03-07,Saturday,17,Student Service Center,5,33,3.557699401368494,10,1,0,24.102154211256266
2026-04-19,Sunday,15,Fee Counter,1,75,6.352578094243488,71,0,0,477.33539125119154
2026-06-27,Saturday,8,Library Counter,1,77,2.5295171993601793,69,0,0,198.44187551334124
2026-06-01,Monday,17,Cafeteria,4,88,2.873591626395352,67,1,0,63.39925911104966
2026-06-07,Sunday,12,Student Service Center,5,57,3.0137936217562022,34,0,0,32.93873721524446
2026-03-15,Sunday,9,Cafeteria,4,15,6.89819571140235,17,0,1,25.54053347494026
2026-01-03,Saturday,12,Admin Office,3,45,6.905525878068419,17,0,0,107.0552911887657
2026-06-13,Saturday,16,Admin Office,2,18,4.8134341547791895,22,0,0,43.202959209357026
2026-02-12,Thursday,17,Student Service Center,3,74,7.5246293889688936,65,0,0,185.94785439854275
2026-03-31,Tuesday,14,Cafeteria,3,84,5.357651070025308,64,0,0,153.7426928526326
2026-06-16,Tuesday,11,Cafeteria,2,37,2.6981575837333187,33,0,0,49.84010299037968
2026-01-10,Saturday,17,Fee Counter,1,29,2.39934091740525,24,0,0,70.98419930372243
2026-05-18,Monday,14,Library Counter,4,92,2.096703135107003,73,0,0,49.321300728607675
2026-04-24,Friday,15,Student Service Center,1,35,6.566949732695153,33,0,0,233.8325959317763
2026-05-02,Saturday,11,Library Counter,1,78,1.3771057445475998,75,0,0,108.99136927025344
2026-05-15,Friday,10,Library Counter,5,49,3.1042315922670505,48,0,0,34.497727176312544
2026-05-28,Thursday,8,Cafeteria,5,27,1.6612744534882826,32,0,0,12.570790461311258
2026-02-01,Sunday,10,Library Counter,2,38,4.673572242556451,23,1,0,86.96272163905871
2026-01-16,Friday,13,Student Service Center,2,100,5.000633663001764,73,0,0,250.43070886154882
2026-03-09,Monday,16,Library Counter,2,64,1.5759188732471614,57,0,0,48.26406495525662
2026-06-04,Thursday,14,Fee Counter,3,75,2.444569011472843,43,1,0,64.44287495917891
2026-06-28,Sunday,12,Cafeteria,2,42,2.0426606907913993,32,0,1,41.47736720029481
2026-01-21,Wednesday,17,Fee Counter,3,38,6.720596231722312,35,0,0,86.37376989314461
2026-06-17,Wednesday,11,Student Service Center,5,31,5.139185094546113,12,1,0,34.58933627681529
2026-06-18,Thursday,11,Student Service Center,1,79,3.5008194955590737,73,0,0,279.49586517888247
2026-05-02,Saturday,14,Fee Counter,3,117,5.825539930741342,78,1,0,230.21792571012278
2026-05-09,Saturday,10,Fee Counter,5,35,4.622989059455238,11,1,0,37.29819176768393
2026-03-23,Monday,13,Library Counter,4,35,4.831068605215005,8,0,0,45.76847284095796
2026-02-22,Sunday,12,Cafeteria,1,40,2.7230998393021566,13,0,0,107.13405931365867
2026-03-26,Thursday,16,Cafeteria,1,59,3.4729433809557384,38,1,0,209.8363250192831
2026-01-30,Friday,9,Cafeteria,3,33,3.0269420070736777,32,0,0,31.64125501161818
2026-05-26,Tuesday,11,Fee Counter,2,17,4.577534792943905,22,0,0,37.420896292646006
2026-02-11,Wednesday,12,Cafeteria,5,33,7.735326276625894,8,0,0,55.03147935895116
2026-03-04,Wednesday,8,Admin Office,2,26,5.790833224943311,27,0,0,77.99524727800915
2026-01-17,Saturday,10,Cafeteria,2,54,4.6718291687891496,32,1,0,127.6161181635277
2026-03-25,Wednesday,14,Fee Counter,5,52,5.286475853236743,42,0,1,58.00687643221683
2026-06-18,Thursday,9,Fee Counter,4,25,3.783163313746652,21,0,0,25.96875681227592
2026-01-15,Thursday,11,Cafeteria,4,42,2.5832043417974075,33,0,0,27.02354633062396
2026-05-11,Monday,11,Library Counter,1,15,3.582396069662833,8,0,0,57.38746503338679
2026-02-19,Thursday,9,Library Counter,5,17,4.587672232926224,7,1,0,14.329211047272342
2026-05-24,Sunday,13,Cafeteria,2,78,2.468620715777876,50,0,0,100.57065320688933
2026-02-18,Wednesday,15,Cafeteria,3,24,7.9311872931070955,17,0,0,64.97966954970755
2026-04-17,Friday,15,Fee Counter,3,6,6.7023165277732515,7,0,0,17.5271194184514
2026-02-14,Saturday,8,Fee Counter,1,48,5.132446112019151,38,1,0,244.35049155229316
2026-01-12,Monday,9,Student Service Center,2,0,2.582754016406919,15,0,1,1.6889199918958848
2026-02-24,Tuesday,8,Fee Counter,4,41,2.1440976073156985,42,0,0,21.599660942056403
2026-04-06,Monday,12,Cafeteria,5,90,1.1806203167748048,55,1,0,25.089929460437514
2026-05-18,Monday,9,Cafeteria,2,51,5.201316691011051,44,0,0,134.90975923146866
2026-01-22,Thursday,10,Library Counter,2,79,6.13556720743226,78,0,0,246.65564096227067
2026-04-21,Tuesday,16,Student Service Center,5,11,1.9469169888676425,25,0,1,4.262682259361861
2026-05-17,Sunday,10,Student Service Center,2,32,4.163021533970834,24,0,0,66.26497390071073
2026-02-20,Friday,16,Student Service Center,4,75,5.48300052427234,69,0,0,102.07371790134941
2026-03-05,Thursday,16,Student Service Center,3,32,6.254988508444742,28,0,0,71.47692086449837
2026-02-27,Friday,11,Admin Office,1,59,7.8168253610190295,59,0,0,463.91898496312587
2026-04-27,Monday,17,Admin Office,2,85,7.278553291019002,65,1,0,311.1441787194052
2026-01-03,Saturday,10,Cafeteria,3,81,3.9859157444804856,79,0,0,109.63939660284655
2026-06-21,Sunday,17,Library Counter,1,76,5.935896396254461,67,0,0,448.3559389795354
2026-01-07,Wednesday,16,Fee Counter,3,82,2.1015812350926444,77,0,0,60.94442829632028
2026-04-14,Tuesday,17,Fee Counter,5,80,5.666791719526167,71,0,0,90.89171634618435
2026-06-15,Monday,15,Student Service Center,3,66,3.7924426196217764,67,0,0,84.98319910677112
2026-03-24,Tuesday,11,Student Service Center,3,54,7.593063909389235,45,0,0,141.6553381886625
2026-06-01,Monday,12,Library Counter,4,34,7.650087352110902,11,0,0,68.10324853402359
2026-01-22,Thursday,11,Admin Office,1,48,2.5479756151666937,43,0,0,126.25077901102712
2026-03-29,Sunday,8,Admin Office,1,62,1.9435493978484017,75,0,1,121.90722095823551
2026-04-16,Thursday,13,Fee Counter,4,89,7.996305690355465,62,0,0,182.28457762850445
2026-03-22,Sunday,11,Library Counter,3,74,1.9711497263733884,52,1,0,50.83036676983474
2026-04-23,Thursday,13,Cafeteria,3,60,7.484551595267216,16,1,0,151.70439338397787
2026-03-23,Monday,8,Library Counter,1,14,7.108375085224512,10,0,0,102.37594829977664
2026-02-28,Saturday,10,Library Counter,3,48,7.71811026541148,27,1,0,125.42011309406907
2026-05-16,Saturday,15,Library Counter,5,38,1.5747996401765527,35,0,0,16.424955556333448
2026-03-29,Sunday,10,Cafeteria,5,90,5.042918149097435,69,1,0,95.58951107417745
2026-04-18,Saturday,16,Fee Counter,3,45,2.541384159978413,46,0,0,35.890889443874734
2026-04-29,Wednesday,16,Fee Counter,5,40,1.6954251599425179,33,0,0,13.043557684786155
2026-02-01,Sunday,12,Library Counter,2,40,1.0637238435199163,33,0,1,24.835345780892318
2026-01-12,Monday,10,Cafeteria,4,30,5.906716281900533,22,0,0,48.83891853324988
2026-02-27,Friday,14,Student Service Center,2,84,3.481536994715568,61,0,0,146.15599602167046
2026-05-21,Thursday,13,Library Counter,4,78,2.4735092807469603,59,0,0,52.89914455614835
2026-01-19,Monday,8,Fee Counter,2,58,1.6717822273393366,42,1,0,49.514828592571156
2026-05-21,Thursday,15,Student Service Center,2,2,4.392673658434218,13,0,1,7.749471320212494
2026-02-08,Sunday,14,Library Counter,4,86,4.4280242120792135,70,0,0,98.89551379562035
2026-05-24,Sunday,15,Admin Office,2,12,3.784828798151049,8,0,0,26.183698514737692
2026-02-18,Wednesday,17,Fee Counter,1,66,4.875954191598629,61,0,0,324.6847698776927
2026-04-28,Tuesday,9,Student Service Center,4,70,7.769610562282088,74,0,0,139.5299967081885
2026-06-12,Friday,10,Fee Counter,1,52,1.0575121330316584,50,0,0,55.248815767312955
2026-06-17,Wednesday,17,Student Service Center,2,29,6.908052611822442,24,0,0,101.74757569749255
2026-02-13,Friday,8,Fee Counter,3,66,3.065533941424098,60,0,0,70.9801415194851
2026-05-22,Friday,15,Library Counter,2,68,5.171042502355327,71,0,0,178.42516187122828
2026-02-04,Wednesday,10,Student Service Center,5,65,3.6497077084555074,66,0,0,47.154548356431064
2026-01-28,Wednesday,9,Student Service Center,5,20,6.929680869194396,23,0,0,30.97902750001731
2026-04-15,Wednesday,12,Library Counter,3,88,2.9592295912905433,72,0,0,84.29776746610308
2026-04-07,Tuesday,17,Library Counter,4,14,6.431239256555564,7,0,0,23.733268494738347
2026-03-27,Friday,10,Library Counter,4,81,2.2762046569326926,63,1,0,45.3540734517884
2026-02-21,Saturday,16,Library Counter,2,27,6.9001863771484695,29,0,0,91.02008349866328
2026-04-28,Tuesday,8,Student Service Center,5,41,3.567558127445654,39,0,0,29.597958428675458
2026-01-04,Sunday,10,Fee Counter,1,57,4.070900779296081,46,1,0,230.93744861937748
2026-04-30,Thursday,17,Student Service Center,2,67,2.4186114530536633,60,0,0,85.49948190938986
2026-03-15,Sunday,16,Student Service Center,2,81,1.790186904074068,77,0,0,70.36667676030538
2026-01-09,Friday,14,Cafeteria,4,67,1.3570794621508453,24,1,0,20.216614144730105
2026-02-06,Friday,10,Cafeteria,1,66,5.491600304610631,47,1,0,366.6122348919936
2026-05-25,Monday,10,Fee Counter,3,32,6.519817372688853,36,0,0,69.7470324593558
2026-06-07,Sunday,10,Fee Counter,5,19,4.591762853335705,11,0,0,17.692135295391864
2026-02-19,Thursday,9,Admin Office,5,18,3.5537287921962157,21,0,0,13.26522133255557
2026-02-07,Saturday,8,Cafeteria,5,14,5.953903060927841,19,0,0,21.34885431867091
2026-04-02,Thursday,11,Cafeteria,5,48,6.133098172461854,41,0,0,57.38455144080094
2026-05-19,Tuesday,16,Cafeteria,3,0,1.6377269847864069,14,0,1,1.0166892414488755
2026-06-04,Thursday,16,Admin Office,2,73,3.5586033855845267,66,0,0,134.08779875467363
2026-04-16,Thursday,11,Cafeteria,5,48,4.613090889756016,38,1,0,43.85554509698975
2026-01-01,Thursday,15,Admin Office,5,26,6.318220575411028,26,0,0,32.947538001494856
2026-05-01,Friday,9,Library Counter,4,2,4.893049201560569,5,0,0,3.0890464530176347
2026-04-01,Wednesday,10,Student Service Center,3,66,4.974220199572656,60,0,0,111.14573962790516
2026-03-28,Saturday,9,Student Service Center,5,21,6.736798101375832,18,0,0,30.190092150011253
2026-06-08,Monday,17,Library Counter,2,78,7.366833607459572,70,0,0,287.4328943729944
2026-01-08,Thursday,17,Admin Office,5,19,1.9390810082471481,23,0,0,9.110163517895657
2026-04-27,Monday,14,Student Service Center,2,32,5.782440996036194,9,0,0,95.57010618169272
2026-06-23,Tuesday,8,Student Service Center,2,58,6.456750323697518,47,1,0,184.42740992232297
2026-04-28,Tuesday,12,Fee Counter,4,89,4.1806454777742825,78,0,1,95.00470066174871
2026-06-22,Monday,16,Fee Counter,5,39,4.028951636896304,32,0,0,35.45519856176684
2026-02-13,Friday,14,Library Counter,1,63,3.001191930768626,37,0,0,191.89529675742017
2026-05-17,Sunday,17,Student Service Center,5,52,1.107830193936242,55,0,0,13.172739985822178
2026-01-22,Thursday,17,Cafeteria,2,29,6.838961593344459,31,0,1,100.69293809926432
2026-04-29,Wednesday,15,Library Counter,3,68,6.931940358875004,68,0,0,160.24028915243395
2026-01-27,Tuesday,17,Library Counter,4,87,4.519891931017933,65,1,0,96.13088099620656
2026-03-04,Wednesday,17,Cafeteria,3,67,7.699037982774168,43,1,0,172.92176079019828
2026-04-08,Wednesday,11,Student Service Center,4,52,5.217530820542469,54,0,0,69.19830292915081
2026-01-06,Tuesday,17,Student Service Center,1,58,2.1574520895030305,38,1,0,122.58240145350439
2026-04-26,Sunday,10,Fee Counter,1,27,6.909808229473583,21,0,0,187.62858636513334
2026-04-23,Thursday,12,Student Service Center,5,30,1.9739477369673575,18,0,1,10.816744629991149
2026-06-27,Saturday,12,Student Service Center,5,72,4.519136150374587,42,1,0,67.75841443335834
2026-05-23,Saturday,8,Admin Office,5,46,6.186247179884196,27,1,0,58.020913128385516
2026-03-29,Sunday,10,Admin Office,2,2,3.9838218413589774,15,0,1,5.912375469589978
2026-03-23,Monday,17,Cafeteria,2,61,1.3456083181662013,52,0,0,43.549685665295
2026-05-27,Wednesday,8,Admin Office,1,76,7.436247736294835,78,0,0,565.2237004514154
2026-06-03,Wednesday,13,Fee Counter,5,74,5.80831163612705,36,1,0,84.3369829940502
2026-01-03,Saturday,15,Library Counter,3,79,4.2391642886973555,75,0,0,109.96975357454063
2026-04-08,Wednesday,10,Fee Counter,3,17,4.523569380726647,20,0,0,30.030737184385398
2026-05-30,Saturday,17,Fee Counter,5,25,1.1466152508357688,14,1,0,9.070919454953305
2026-01-28,Wednesday,9,Cafeteria,3,48,1.1609258462431107,40,0,0,19.049775695575
2026-03-05,Thursday,17,Admin Office,2,12,6.083095862290319,13,0,0,36.17822952332182
2026-03-06,Friday,13,Cafeteria,4,34,7.933955020242439,7,0,0,65.23075224890742
2026-06-27,Saturday,17,Library Counter,1,22,3.6432501452517068,17,0,0,84.01903246673494
2026-05-22,Friday,10,Student Service Center,5,72,5.613729539370478,64,0,0,84.55366341761328
2026-02-15,Sunday,8,Student Service Center,3,78,3.289739389175545,65,1,0,85.17183179063068
2026-03-14,Saturday,8,Fee Counter,3,64,7.9169954463061245,55,0,0,173.88703856011745
2026-06-14,Sunday,15,Library Counter,1,27,1.8957140729097457,19,0,0,55.586694502842235
2026-06-27,Saturday,8,Student Service Center,3,84,3.7089341018367064,63,1,0,101.3742784159862
2026-04-27,Monday,16,Library Counter,1,72,1.6851487472744777,64,0,0,120.2045993968183
2026-05-24,Sunday,13,Cafeteria,5,73,2.081638701609058,44,0,0,35.18565475207028
2026-04-30,Thursday,10,Library Counter,1,47,2.5638831222043192,39,1,1,120.73645596719652
2026-04-13,Monday,10,Library Counter,5,4,7.5235257260957935,8,0,0,8.714586996536667
2026-03-18,Wednesday,17,Cafeteria,5,24,6.699970325544319,14,1,0,35.224937015259485
2026-01-02,Friday,17,Library Counter,2,58,1.9351785672110693,63,0,0,59.232475581540754
2026-06-20,Saturday,13,Cafeteria,4,86,4.9814594137996275,70,0,0,106.75743369035172
2026-05-07,Thursday,9,Library Counter,1,33,7.975180188598251,30,0,0,263.744214688737
2026-05-18,Monday,13,Student Service Center,4,65,6.856954805979456,32,1,0,116.03248715807987
2026-04-13,Monday,15,Cafeteria,5,53,2.5600680421019133,35,1,0,30.394677080005593
2026-03-23,Monday,9,Fee Counter,1,69,6.516601887142517,74,0,0,447.8933445237633
2026-06-19,Friday,13,Fee Counter,5,97,7.455979089708406,57,1,0,148.5427217879948
2026-02-17,Tuesday,14,Admin Office,3,69,2.4006335741778373,46,0,0,54.372138017619555
2026-05-19,Tuesday,16,Student Service Center,5,38,1.8339179417404794,29,0,0,13.106088959714093
2026-05-31,Sunday,15,Library Counter,1,87,3.5019904425626693,78,0,0,303.03211470060376
2026-06-25,Thursday,15,Student Service Center,5,42,5.707603537501236,38,0,0,51.065635966424225
2026-03-23,Monday,14,Admin Office,2,30,7.665423218079787,6,0,0,119.4085514665561
2026-04-13,Monday,11,Student Service Center,3,51,4.201135520573245,42,0,0,74.75728169442895
2026-06-06,Saturday,14,Admin Office,1,47,7.192264184529958,11,1,0,342.40747784156235
2026-02-18,Wednesday,15,Admin Office,4,53,2.472748694357662,30,1,0,34.25242664067963
2026-06-20,Saturday,13,Library Counter,1,84,4.038221342280808,74,0,1,340.6077929222018
2026-04-09,Thursday,13,Cafeteria,3,41,4.217780823362243,21,0,0,57.00240109305956
2026-03-02,Monday,16,Fee Counter,3,68,4.441494036627544,62,0,0,104.15968634192357
2026-06-19,Friday,16,Library Counter,1,74,1.9614947019557456,65,0,0,144.03624063792063
2026-02-09,Monday,13,Admin Office,5,25,6.463175844559229,16,0,1,35.41352933390273
2026-03-20,Friday,10,Fee Counter,4,41,1.6932276143624665,20,1,0,14.556218837946064
2026-05-27,Wednesday,9,Admin Office,3,20,5.050037310530597,15,0,0,33.62875753841787
2026-03-20,Friday,8,Cafeteria,3,3,6.04233270543362,8,0,0,9.602309071097059
2026-06-02,Tuesday,17,Admin Office,4,89,3.0682478631149674,74,1,0,69.67043416777976
2026-03-22,Sunday,10,Admin Office,5,17,3.5093748506904734,16,0,0,14.514351862276678
2026-03-16,Monday,10,Cafeteria,2,30,6.897296344897864,31,0,0,101.05125869802492
2026-05-24,Sunday,11,Admin Office,4,51,1.6149715433557255,48,0,0,17.988861756997892
2026-04-26,Sunday,16,Cafeteria,4,78,2.0160022886895654,70,0,0,38.01814516367989
2026-01-14,Wednesday,12,Fee Counter,3,48,2.468192372297099,15,1,0,40.6320104372269
2026-03-28,Saturday,16,Fee Counter,5,17,3.070766852623589,9,0,0,12.64631314411994
2026-03-21,Saturday,11,Student Service Center,1,30,7.686688283171608,31,0,0,228.92931033006502
2026-04-09,Thursday,13,Cafeteria,5,54,7.815212529492683,36,0,0,87.22145101752494
2026-04-30,Thursday,13,Fee Counter,3,31,1.9340413720994598,15,0,0,24.729402192739272
2026-05-30,Saturday,15,Cafeteria,1,36,5.776924830708192,38,0,0,207.02827565266674
2026-04-15,Wednesday,10,Library Counter,1,15,5.7638958206403785,11,0,0,86.7008944345638
2026-01-31,Saturday,17,Fee Counter,3,45,2.3557513522312052,35,1,0,37.64504280540368
2026-01-17,Saturday,9,Cafeteria,5,30,6.33251471630901,32,0,1,35.80929364917528
2026-03-13,Friday,11,Library Counter,4,9,6.040665269702556,11,0,0,15.241429219158402
2026-03-23,Monday,9,Admin Office,5,18,7.630627011399991,13,0,0,26.49108898811951
2026-05-13,Wednesday,8,Admin Office,2,60,7.338990245408425,63,0,0,223.14158380843682
2026-03-20,Friday,13,Cafeteria,4,87,7.540366215839812,65,0,0,163.05687758859435
2026-04-25,Saturday,17,Admin Office,4,21,4.18653084685683,24,0,0,26.356886883414415
2026-03-24,Tuesday,16,Fee Counter,5,44,6.899320573493576,35,0,0,62.503818103402565
2026-04-28,Tuesday,8,Library Counter,5,71,6.084885492723624,67,0,0,87.27963591374791
2026-01-13,Tuesday,8,Cafeteria,4,67,3.955794629322158,46,1,0,70.1599421945724
2026-03-14,Saturday,13,Cafeteria,1,52,5.843783146307198,29,0,0,308.1370438407527
2026-01-27,Tuesday,14,Student Service Center,3,74,2.4693622174557746,47,0,0,64.58257336477804
2026-01-19,Monday,17,Fee Counter,2,42,7.162392995999927,55,0,1,153.220484340595
2026-02-05,Thursday,12,Admin Office,2,61,2.376503799971478,46,0,0,77.29639750671186
2026-02-26,Thursday,13,Fee Counter,1,86,4.856430539368382,65,0,0,415.49644001405795
2026-01-11,Sunday,8,Cafeteria,4,66,2.389562412648157,64,0,0,41.37862596222189
2026-01-07,Wednesday,13,Cafeteria,1,92,4.789640541137231,71,0,0,444.3881496098406
2026-06-11,Thursday,8,Student Service Center,2,43,4.810290103318385,36,0,0,102.82667443742338
2026-01-26,Monday,14,Cafeteria,5,81,1.1859367479892238,60,0,0,20.950320729579037
2026-02-25,Wednesday,11,Admin Office,1,22,5.749124266299357,26,0,0,128.50377901158302
2026-02-22,Sunday,10,Library Counter,1,16,2.5506602498631548,18,0,0,45.124955182573984
2026-05-01,Friday,9,Student Service Center,5,68,6.664358718938682,67,0,0,89.33073249243029
2026-04-22,Wednesday,8,Cafeteria,3,31,7.440640615623082,32,0,0,77.8408990655455
2026-06-19,Friday,17,Cafeteria,3,21,6.163179322914262,22,0,0,47.325518885865336
2026-01-02,Friday,13,Fee Counter,2,96,4.812821787091357,73,0,0,230.73689552252796
2026-01-12,Monday,10,Admin Office,4,46,3.489171621844815,51,0,0,43.814398496204134
2026-01-18,Sunday,16,Student Service Center,3,75,2.1841158015564623,74,0,0,54.004853665595775
2026-05-27,Wednesday,8,Library Counter,4,36,7.202333949284554,41,0,1,64.36481899908902
2026-02-16,Monday,10,Cafeteria,3,62,1.8334265127654135,65,0,0,40.66488920274446
2026-04-17,Friday,16,Student Service Center,1,79,6.218233969606491,73,0,0,491.5960244621582
2026-02-08,Sunday,14,Admin Office,3,34,6.3925233904905445,11,0,0,72.64857925961755
2026-06-13,Saturday,12,Fee Counter,2,21,1.5570167344729824,10,0,1,14.934831797443614
2026-01-26,Monday,16,Library Counter,5,53,7.069069189945541,57,0,0,72.19415428817597
2026-04-05,Sunday,17,Library Counter,5,73,2.90323645360078,68,0,0,45.03312905167497
2026-04-28,Tuesday,9,Cafeteria,1,14,1.8474143566968833,9,0,0,24.961333688286842
2026-06-29,Monday,14,Cafeteria,2,117,7.137304932235712,79,1,0,420.8959663731238
2026-01-28,Wednesday,9,Admin Office,3,29,2.578899165051569,21,0,0,29.154195006125736
2026-02-28,Saturday,12,Library Counter,3,64,3.077148071508529,47,0,0,67.7968504959618
2026-06-11,Thursday,9,Student Service Center,5,60,7.946689977705728,49,1,0,99.85966712458699
2026-04-21,Tuesday,12,Admin Office,2,47,1.2383232838926927,24,0,0,27.023916245544353
2026-06-29,Monday,10,Cafeteria,2,42,5.662470432117048,37,0,0,118.72997555218952
2026-02-23,Monday,16,Admin Office,4,20,6.893029663928323,16,0,0,36.6776526564593
2026-05-29,Friday,14,Fee Counter,4,86,4.276820986793649,65,0,0,92.40989028264272
2026-06-08,Monday,12,Cafeteria,1,101,4.900419284491283,70,1,0,497.04467910281363
2026-06-07,Sunday,9,Student Service Center,3,6,1.0199331138383338,7,0,0,6.393778830823409
2026-05-14,Thursday,12,Cafeteria,2,72,7.9973322656079056,43,0,0,286.0815426415069
2026-03-18,Wednesday,15,Student Service Center,5,64,5.921407518787081,72,0,1,73.43433342748088
2026-03-15,Sunday,12,Admin Office,4,74,1.9778083904450392,47,0,0,40.10491098842133
2026-05-25,Monday,12,Student Service Center,4,42,2.9936009268806174,34,0,1,34.886478601760395
2026-06-27,Saturday,9,Fee Counter,4,61,1.3392070625352637,65,0,0,22.74569359117247
2026-01-05,Monday,10,Admin Office,3,12,7.5686792805371015,5,0,0,32.15394627202412
2026-06-16,Tuesday,13,Library Counter,4,46,3.9901427258179742,26,0,0,46.347706254875945
2026-06-09,Tuesday,12,Library Counter,1,78,5.409145035257559,53,0,0,420.5020251163737
2026-04-07,Tuesday,12,Student Service Center,4,63,7.964059417657268,28,1,0,130.4246694848715
2026-06-20,Saturday,11,Student Service Center,5,24,1.9000411613896055,27,0,0,8.865498521325677
2026-01-10,Saturday,14,Admin Office,5,96,1.4081769796692136,59,1,0,27.035695506614893
2026-06-09,Tuesday,10,Admin Office,1,11,3.848750860491712,15,0,1,39.8863860045155
2026-02-21,Saturday,16,Library Counter,1,81,6.726691396093032,61,1,0,548.0356328600955
2026-03-08,Sunday,16,Cafeteria,3,50,5.909071850472069,48,0,0,96.81257862583935
2026-01-10,Saturday,11,Library Counter,1,41,4.917677212302275,34,0,0,204.01399998147082
2026-06-15,Monday,17,Fee Counter,4,33,5.57654012289857,26,0,0,43.40835430836246
2026-03-10,Tuesday,14,Cafeteria,4,65,5.890331090656537,56,0,1,100.12273322017262
2026-06-28,Sunday,9,Fee Counter,3,15,2.710833658942337,5,1,0,17.096201401503603
2026-06-22,Monday,15,Fee Counter,4,66,7.107843375334195,56,1,0,117.99739223528614
2026-06-18,Thursday,12,Fee Counter,2,71,4.770854040697392,48,0,0,169.52266548814504
2026-04-12,Sunday,11,Cafeteria,4,62,6.377895459076242,59,0,0,98.16539875616772
2026-06-23,Tuesday,13,Fee Counter,4,85,1.5077270422026139,59,0,0,36.03520103889126
2026-06-15,Monday,14,Admin Office,4,46,2.002050662355735,24,0,0,26.28855012229177
2026-06-01,Monday,8,Student Service Center,5,67,7.552869039362438,57,1,0,100.24961915375928
2026-04-19,Sunday,8,Library Counter,1,10,6.580307104007418,9,0,0,70.0043429332843
2026-02-12,Thursday,14,Library Counter,1,43,4.7797716264992935,19,0,0,209.28777892267556
2026-04-29,Wednesday,11,Student Service Center,5,51,5.301803498412046,28,1,0,55.496232878574816
2026-02-19,Thursday,12,Cafeteria,5,43,1.0308535476774034,19,0,0,6.66176819899521
2026-04-11,Saturday,16,Student Service Center,1,36,2.13383848197684,35,0,0,77.52839000422317
2026-06-15,Monday,10,Fee Counter,1,60,5.192762210835357,61,0,1,310.2147208459728
2026-04-05,Sunday,15,Cafeteria,2,22,1.8357392995117694,12,1,0,25.027243758754988
2026-03-09,Monday,17,Admin Office,3,25,1.1227060867800367,10,1,0,9.33400440050277
2026-03-15,Sunday,13,Admin Office,5,39,1.1346614385097045,10,0,0,9.101402077211809
2026-04-30,Thursday,9,Library Counter,1,35,4.257346902625202,40,0,0,150.91938162710508
2026-04-17,Friday,9,Library Counter,1,45,1.8145521603716155,40,0,0,84.29804322358888
2026-03-26,Thursday,17,Admin Office,3,51,6.324533623903603,55,0,0,105.63665163848572
2026-05-27,Wednesday,10,Student Service Center,2,41,7.467380127282605,37,0,0,156.8909610075402
2026-04-16,Thursday,10,Cafeteria,5,8,7.546433998041499,12,0,0,15.120778371778899
2026-06-09,Tuesday,11,Student Service Center,1,3,4.125048094483191,6,0,0,12.181253653211225
2026-01-08,Thursday,12,Student Service Center,5,41,4.761810116197023,24,0,1,37.20583164559543
2026-03-24,Tuesday,10,Library Counter,4,68,5.827290150572287,60,0,0,99.10472317324236
2026-04-17,Friday,12,Admin Office,3,48,3.890304264806464,31,0,0,63.247455545450045
2026-06-05,Friday,13,Cafeteria,2,93,1.7588525619719784,65,0,0,85.54458862260022
2026-01-19,Monday,15,Fee Counter,4,42,3.6521482343857947,19,1,0,39.09572648707062
2026-02-04,Wednesday,9,Library Counter,2,8,5.540373282458232,10,0,0,22.822868798234083
2026-02-06,Friday,9,Cafeteria,1,76,3.89981518215348,68,0,0,295.7807398214689
2026-06-17,Wednesday,10,Fee Counter,2,73,6.7847852846481045,64,0,0,247.06291488737816
2026-04-09,Thursday,11,Library Counter,2,69,7.839467286360268,70,0,0,269.7530952429898
2026-01-25,Sunday,17,Cafeteria,3,54,1.0114910483054156,51,0,0,18.73765094812592
2026-05-20,Wednesday,9,Cafeteria,4,46,2.6576301623871172,38,0,0,29.958493495001143
2026-06-13,Saturday,14,Student Service Center,1,23,7.959167533344265,5,0,0,185.4859618691151
2026-02-06,Friday,11,Admin Office,1,14,4.944601072087912,19,0,0,67.17873222771763
2026-01-21,Wednesday,15,Fee Counter,5,52,4.102201657699876,53,0,0,43.768454697126096
2026-04-29,Wednesday,12,Admin Office,5,69,5.614434117841813,50,0,0,76.71211907314414
2026-01-18,Sunday,12,Admin Office,2,56,1.205117871247411,33,0,0,35.7637091764839
2026-06-07,Sunday,8,Admin Office,2,59,6.147885258400683,53,0,0,180.03677028130184
2026-02-25,Wednesday,16,Admin Office,3,4,5.231092544451945,9,0,0,8.191316844912102
2026-03-16,Monday,14,Library Counter,4,51,2.7561602205219256,28,0,0,35.357008730576695
2026-02-07,Saturday,17,Fee Counter,2,41,3.7863519618943924,42,0,0,74.93995617250845
2026-06-26,Friday,8,Fee Counter,5,20,5.969226989228027,9,1,0,22.09170765212719
2026-03-22,Sunday,10,Admin Office,4,63,3.961946744392677,61,0,0,59.489257514176174
2026-05-12,Tuesday,14,Student Service Center,4,56,1.7208447139673289,26,1,0,27.951884926647615
2026-06-04,Thursday,17,Admin Office,1,38,3.81583133750951,43,0,0,146.31750734235828
2026-05-31,Sunday,17,Cafeteria,5,54,4.349201857086388,58,0,0,46.39807000456364
2026-02-19,Thursday,10,Library Counter,1,61,1.0134723262581968,64,0,0,62.9746309841721
2026-02-12,Thursday,17,Admin Office,3,43,3.4942436287327245,45,0,0,51.06150228017991
2026-04-23,Thursday,13,Student Service Center,2,87,7.028416332735944,63,0,0,310.6951117795913
2026-05-26,Tuesday,11,Admin Office,1,0,2.3977607511678176,5,0,0,2.992009412736542
2026-01-04,Sunday,12,Library Counter,1,94,3.4194308456245155,69,0,0,324.86589734914827
2026-06-03,Wednesday,12,Cafeteria,1,32,3.9250812606215115,16,0,0,125.021510764967
2026-04-20,Monday,14,Admin Office,2,28,4.745696698876413,13,0,0,68.05434513171467
2026-05-08,Friday,8,Fee Counter,2,21,4.132979818287902,10,1,0,44.1080359680354
2026-01-31,Saturday,12,Student Service Center,4,62,4.817011047450173,49,0,1,75.10025693393729
2026-05-15,Friday,12,Student Service Center,1,34,5.226901845829852,17,0,0,181.9944172349215
2026-06-09,Tuesday,9,Student Service Center,4,52,2.7048782247083074,57,0,0,32.431379171166796
2026-01-25,Sunday,11,Student Service Center,3,34,4.071361162828314,27,0,0,48.022595980512705
2026-03-24,Tuesday,12,Fee Counter,2,81,5.455469611276533,65,0,1,222.61448693200114
2026-05-19,Tuesday,15,Cafeteria,5,72,6.865897188561471,70,0,0,101.1712005666283
2026-01-24,Saturday,13,Library Counter,2,67,3.991724296026502,39,0,0,133.20649472002793
2026-02-20,Friday,12,Student Service Center,1,69,6.327146199890432,43,0,0,436.64986829061496
2026-01-18,Sunday,14,Library Counter,3,55,6.858149777788331,31,0,0,125.15004565663206
2026-05-21,Thursday,17,Library Counter,1,66,4.976421852282051,57,0,0,327.7814734389491
2026-03-21,Saturday,9,Student Service Center,3,70,2.6335943751708557,73,0,0,59.78459035431161
2026-06-23,Tuesday,8,Admin Office,3,47,4.256981634735636,49,0,0,67.79545619117323
2026-05-11,Monday,10,Admin Office,1,14,3.3764926747604838,23,0,1,48.096956311745025
2026-06-03,Wednesday,8,Library Counter,1,2,3.6385346657784363,13,0,1,12.114887849470811
2026-02-28,Saturday,8,Student Service Center,4,62,6.712034500022563,62,0,0,102.57313145537944
2026-05-07,Thursday,16,Library Counter,5,44,1.6328198630551163,45,0,0,12.886220723140125
2026-03-22,Sunday,16,Student Service Center,1,70,7.145001912037461,68,0,0,501.17287029747234
2026-04-09,Thursday,14,Student Service Center,3,80,5.667511545749838,65,0,0,150.05066816795568
2026-01-07,Wednesday,10,Cafeteria,5,12,7.289710260123235,10,0,0,17.311675297513585
2026-01-20,Tuesday,16,Student Service Center,2,57,6.708776779916914,49,0,0,190.65030705243356
2026-03-23,Monday,9,Cafeteria,2,10,5.4631926763226835,11,0,0,31.611502376762743
2026-01-12,Monday,13,Admin Office,2,42,2.0918883397965375,27,0,0,43.74936112119376
2026-01-07,Wednesday,9,Student Service Center,3,87,5.597172106165495,74,1,0,165.80777819233742
2026-03-20,Friday,14,Library Counter,3,95,5.644003890426648,74,0,0,177.87466664323426
2026-04-08,Wednesday,9,Admin Office,2,42,7.449580064615949,40,0,0,155.05387360694652
2026-02-05,Thursday,8,Library Counter,1,68,7.43979443949471,71,0,0,510.2997222269846
2026-03-11,Wednesday,17,Fee Counter,1,26,3.462871696249228,24,0,0,87.30957338519605
2026-02-06,Friday,10,Fee Counter,3,53,1.9953571444592402,56,0,0,39.42434116628653
2026-01-29,Thursday,13,Cafeteria,5,89,1.8620525267949581,53,1,0,32.39209743317883
2026-02-05,Thursday,10,Student Service Center,3,62,2.879412679653814,59,0,0,61.41975178181847
2026-01-11,Sunday,8,Student Service Center,4,60,3.363670734829523,64,0,0,53.712270737578734
2026-04-15,Wednesday,15,Admin Office,3,62,3.8874061868430827,67,0,0,85.22545324656953
2026-02-01,Sunday,17,Admin Office,4,14,2.722271745263973,15,0,0,11.690378397365865
2026-05-17,Sunday,14,Cafeteria,3,92,6.677945476985059,77,0,0,208.23166121446238
2026-04-20,Monday,8,Admin Office,3,41,1.7121401158965244,38,0,0,27.357060298210172
2026-05-20,Wednesday,17,Admin Office,4,67,3.327970178248969,60,0,0,53.69431575920414
2026-03-06,Friday,15,Student Service Center,5,52,3.202221794018448,53,0,1,37.12284531191981
2026-01-27,Tuesday,12,Library Counter,4,41,4.321590605176382,14,0,0,48.76243372715538
2026-04-01,Wednesday,11,Admin Office,4,20,7.2779895575959745,11,0,0,36.19182994464793
2026-04-21,Tuesday,12,Cafeteria,4,38,3.4725756845127713,21,0,0,33.6128524356979
2026-06-17,Wednesday,9,Fee Counter,3,79,2.3775653272995214,72,0,0,60.05501814354776
2026-05-14,Thursday,10,Cafeteria,4,59,2.7711783528776257,53,0,0,40.38157048092128
2026-02-14,Saturday,12,Cafeteria,3,62,2.8273092058288336,40,0,0,55.71316653150994
2026-01-13,Tuesday,15,Cafeteria,1,70,5.649481143049629,61,0,0,398.39938242680137
2026-06-01,Monday,10,Admin Office,1,1,4.6055783908797245,5,0,0,5.473360807597095
2026-04-26,Sunday,14,Student Service Center,4,38,5.908904215167231,12,0,0,53.43718157447425
2026-05-15,Friday,13,Student Service Center,5,75,6.163208697341545,50,0,0,96.93889334742234
2026-03-06,Friday,8,Fee Counter,1,51,2.0149146654267676,43,0,0,102.88751395967056
2026-01-28,Wednesday,10,Student Service Center,3,68,7.771399437397698,70,0,0,174.6937610869484
2026-05-25,Monday,16,Admin Office,3,44,2.467254648840495,46,0,0,37.903053190974326
2026-03-15,Sunday,13,Cafeteria,1,58,2.3992839610619305,24,1,0,140.80005590524758
2026-05-30,Saturday,17,Student Service Center,5,4,4.656022062738756,7,0,0,8.298420194150589
2026-02-19,Thursday,11,Student Service Center,3,40,4.814970703028395,40,0,0,64.13807901293917
2026-06-23,Tuesday,15,Admin Office,1,60,5.290914052755946,58,0,0,316.9056652587252
2026-01-01,Thursday,14,Fee Counter,4,93,3.4099761608611243,73,0,0,80.75623972471455
2026-04-24,Friday,14,Cafeteria,5,34,7.2148604822045295,14,0,0,46.106020232321356
2026-01-23,Friday,12,Admin Office,3,32,1.3302173354803188,15,0,0,12.112483734708249
2026-03-21,Saturday,16,Admin Office,3,69,5.657863262683387,47,1,0,135.02963924540668
2026-05-14,Thursday,13,Fee Counter,1,46,2.9155793341219693,31,0,0,134.09885723637117
2026-02-15,Sunday,9,Fee Counter,5,82,5.415376585074244,64,1,0,91.1243975784164
2026-04-02,Thursday,12,Fee Counter,5,46,3.214419009098923,25,0,0,30.140862847499296
2026-06-06,Saturday,15,Library Counter,1,10,2.42521225360358,6,0,0,25.652612596841887
2026-06-06,Saturday,11,Library Counter,5,12,6.287553595275263,8,0,0,15.156396174919607
2026-01-19,Monday,14,Fee Counter,3,76,5.472045973222679,38,1,0,136.26025465892792
2026-05-27,Wednesday,10,Student Service Center,4,28,6.802894050242305,6,1,0,45.77109194159895
2026-01-06,Tuesday,12,Cafeteria,1,72,5.051508554019135,57,0,1,363.33976016811795
2026-01-16,Friday,13,Student Service Center,2,113,7.413790185930434,73,1,0,418.28466316227247
2026-04-30,Thursday,8,Library Counter,3,53,3.8701522087863927,58,0,0,66.68141117139933
2026-05-11,Monday,16,Fee Counter,1,14,6.782997840901225,7,0,0,94.61785521514476
2026-01-09,Friday,15,Student Service Center,5,9,2.67861797426028,9,0,0,8.017976382150039
2026-06-12,Friday,12,Admin Office,1,46,3.552058908062875,28,0,0,161.6953995650469
2026-03-26,Thursday,9,Student Service Center,4,74,7.931228845510062,66,0,0,149.0202512406738
2026-04-22,Wednesday,13,Student Service Center,2,44,6.7443157083279,13,1,0,148.38990149037636
2026-01-16,Friday,12,Admin Office,5,49,2.9444101054502143,21,0,0,27.231215503870317
2026-06-19,Friday,8,Fee Counter,1,94,3.476834724559254,70,1,0,323.8631574628897
2026-02-10,Tuesday,17,Student Service Center,5,69,4.7678806106502805,71,0,0,68.7952631328277
2026-01-23,Friday,14,Library Counter,4,67,3.031820485773675,37,1,0,51.93600598281564
2026-02-07,Saturday,15,Cafeteria,1,81,3.940305687636791,62,1,0,321.22734636072175
2026-05-24,Sunday,8,Admin Office,1,54,4.807307633821958,46,0,0,260.39749461084324
2026-03-20,Friday,16,Student Service Center,3,68,4.845122025867678,69,0,0,111.48306974765316
2026-02-15,Sunday,13,Fee Counter,5,86,5.462160783900417,43,1,0,92.76584579043272
2026-05-31,Sunday,15,Fee Counter,2,78,3.7537726450778863,78,0,0,151.12880251842435
2026-06-29,Monday,16,Admin Office,4,38,1.5161993398006557,39,0,0,15.72135295408129
2026-02-10,Tuesday,16,Fee Counter,5,39,6.583929509292103,39,0,0,48.61627524833534
2026-03-15,Sunday,13,Fee Counter,4,95,4.791362433757042,69,0,0,118.41386151498622
2026-01-29,Thursday,13,Student Service Center,4,90,2.2778268657754888,62,0,0,53.67892193204766
2026-03-29,Sunday,10,Library Counter,1,14,2.8563030230329174,7,0,0,38.73230500238
2026-03-01,Sunday,9,Student Service Center,3,67,5.256787178520573,60,1,1,119.3105019096634
2026-01-16,Friday,12,Library Counter,4,107,3.6971704748180225,65,1,0,101.40537781127117
2026-01-29,Thursday,10,Library Counter,3,7,3.102500931910643,12,0,1,6.401447785102482
2026-02-18,Wednesday,12,Fee Counter,1,68,4.591427456165414,38,1,0,312.0468842493327
2026-05-14,Thursday,15,Library Counter,4,39,3.159158964576667,30,0,0,35.231709738704275
2026-05-07,Thursday,13,Cafeteria,3,87,1.7348843803161682,62,0,0,50.90235303829216
2026-05-18,Monday,16,Cafeteria,5,38,7.586009784478472,17,1,0,54.66326575766174
2026-02-23,Monday,17,Library Counter,2,43,3.3274409688617745,40,0,0,70.47081220890784
2026-06-01,Monday,14,Cafeteria,2,35,7.564885516210861,9,0,0,130.1925608327676
2026-01-06,Tuesday,8,Fee Counter,4,58,7.653688565174314,62,0,0,108.53911344520526
2026-01-03,Saturday,16,Student Service Center,5,65,5.181391929638074,66,0,0,69.38838965778426
2026-04-01,Wednesday,16,Admin Office,3,41,1.3014822961366672,50,0,1,21.68115633336116
2026-03-23,Monday,10,Student Service Center,4,35,1.3243075837449672,22,1,0,9.967033130998349
2026-04-12,Sunday,8,Student Service Center,5,67,6.888615877476765,58,0,0,93.24482823398527
2026-01-13,Tuesday,13,Cafeteria,2,76,1.9127885117034857,45,1,0,76.64646278749596
2026-05-28,Thursday,8,Fee Counter,2,81,7.654520223378727,78,0,0,311.2116631757459
2026-06-14,Sunday,10,Admin Office,2,8,1.6820305190199247,8,0,0,4.0185034305529514
2026-02-14,Saturday,8,Fee Counter,3,47,1.2895384699674337,41,0,0,17.448732953974773
2026-03-12,Thursday,17,Cafeteria,2,44,3.64545914584856,37,0,0,78.08406416520577
2026-03-01,Sunday,10,Fee Counter,2,56,6.890744350636434,47,0,0,197.8905892147932
2026-06-14,Sunday,13,Fee Counter,5,33,4.754235248856991,10,0,0,36.019174772603186
2026-06-22,Monday,13,Admin Office,3,38,6.176167694011797,23,0,0,79.47464681676972
2026-06-09,Tuesday,15,Student Service Center,2,67,6.759548939314897,67,0,0,225.0563317923786
2026-02-23,Monday,14,Admin Office,1,92,1.8029546481701375,65,0,0,164.6564138335678
2026-03-09,Monday,10,Fee Counter,5,66,7.880207606558624,56,1,0,101.68133827967736
2026-05-03,Sunday,8,Fee Counter,4,29,4.0750859088823415,25,0,0,29.142072261494583
2026-02-18,Wednesday,13,Student Service Center,4,60,7.8087076202195504,31,0,0,115.38966472005892
2026-02-22,Sunday,15,Cafeteria,3,33,6.912286961667267,27,0,0,80.30924484651797
2026-01-07,Wednesday,14,Admin Office,3,36,4.2422719054445075,10,0,0,47.967487960591086
2026-04-03,Friday,13,Fee Counter,5,55,5.398902666985799,50,0,1,63.42259107961837
2026-03-13,Friday,17,Cafeteria,4,20,1.7797236505482663,29,0,1,12.54341383158387
2026-03-18,Wednesday,15,Library Counter,5,31,5.4532651846448426,34,0,0,36.939893325493344
2026-03-08,Sunday,16,Cafeteria,4,79,4.0780140253780335,77,0,0,85.23197808143259
2026-02-14,Saturday,14,Library Counter,3,32,1.7630586233972543,14,0,0,17.77041777629239
2026-02-26,Thursday,15,Cafeteria,1,62,3.0652321231549555,65,0,0,194.92243792091813
2026-03-23,Monday,8,Cafeteria,1,7,6.410997068781963,6,0,0,47.82209537321713
2026-02-11,Wednesday,12,Admin Office,3,58,7.256047442719056,26,1,0,143.19648734943257
2026-03-26,Thursday,12,Admin Office,5,37,5.540517209681221,22,0,0,45.07079371947651
2026-02-28,Saturday,14,Admin Office,3,34,7.895553584147017,8,0,0,89.53137043189209
2026-06-12,Friday,9,Cafeteria,2,64,5.449652261885746,60,0,0,177.6039820248685
2026-01-31,Saturday,15,Admin Office,5,58,7.923664612020949,61,0,0,96.49044382399197
2026-03-28,Saturday,16,Student Service Center,2,35,7.135891448733624,33,0,0,129.53826672866433
2026-04-04,Saturday,13,Student Service Center,1,90,4.171807667974888,73,0,0,376.6210245642734
2026-05-21,Thursday,8,Fee Counter,4,49,7.663329438373754,51,0,0,96.18359835125203
2026-03-19,Thursday,14,Library Counter,3,55,5.275434869077262,28,0,0,96.08688802476703
2026-05-08,Friday,16,Fee Counter,5,42,3.792436022271113,36,0,0,32.180282280548234
2026-06-27,Saturday,15,Cafeteria,1,45,2.726158363456955,50,0,0,122.76642438133071
2026-06-19,Friday,9,Library Counter,2,7,2.825200204732175,7,0,0,12.705153835101118
2026-03-13,Friday,16,Cafeteria,3,14,6.391022895040121,10,0,0,29.482499400965946
2026-03-23,Monday,8,Student Service Center,2,92,6.198109618885657,73,1,0,286.521597289976
2026-01-04,Sunday,8,Fee Counter,1,73,4.363426092325982,70,0,0,319.57894325399434
2026-01-18,Sunday,17,Fee Counter,1,19,2.8906270336576045,21,0,0,55.11141389476527
2026-02-04,Wednesday,8,Fee Counter,3,7,7.732636539096408,8,0,0,22.196665526050886
2026-03-03,Tuesday,8,Library Counter,3,20,2.1678470943873087,21,0,0,19.156926469691665
2026-04-12,Sunday,10,Library Counter,5,66,5.354705048888192,51,1,0,70.62811859011778
2026-06-08,Monday,10,Student Service Center,1,73,3.1469003119422205,74,0,0,231.86500682990197
2026-04-11,Saturday,17,Fee Counter,3,55,2.865108294504251,42,1,0,57.43825596970062
2026-04-06,Monday,17,Library Counter,5,20,2.311018296731665,13,0,0,13.082887120626914
2026-02-26,Thursday,12,Library Counter,4,54,7.074554321355883,33,0,0,92.69140017887786
2026-03-27,Friday,11,Library Counter,3,43,1.485450305460808,34,0,0,19.623063609431426
2026-03-09,Monday,8,Admin Office,2,32,4.75859943875504,8,1,0,79.31995744597621
2026-03-26,Thursday,11,Admin Office,2,46,7.155685073577162,41,0,0,165.16540674496665
2026-02-13,Friday,17,Admin Office,3,52,4.206649964527637,52,0,0,74.87464530773752
2026-01-25,Sunday,15,Student Service Center,4,51,3.2514152702626458,47,0,0,40.054845865261015
2026-04-19,Sunday,13,Cafeteria,1,64,3.6419904251716497,28,1,0,237.32464799793348
2026-05-30,Saturday,17,Student Service Center,2,27,7.306815219958,26,0,0,96.28931747589414
2026-01-16,Friday,9,Student Service Center,2,73,5.273179660187923,77,0,0,190.87876682382355
2026-01-19,Monday,15,Library Counter,5,19,4.329197931776504,10,0,0,15.826448627199266
2026-01-29,Thursday,12,Cafeteria,5,63,3.525682032728212,32,1,0,44.22841877870765
2026-06-09,Tuesday,13,Student Service Center,3,75,7.971707956691295,52,0,0,198.65564625684925
2026-05-17,Sunday,8,Student Service Center,4,25,6.699557574122784,20,0,0,43.64596832682405
2026-02-04,Wednesday,10,Library Counter,1,18,6.852877365563353,20,0,0,120.97200466194334
2026-02-10,Tuesday,8,Cafeteria,5,64,2.633474072799433,62,0,0,37.065293329221376
2026-01-23,Friday,8,Cafeteria,1,35,7.623903688378466,35,0,0,266.15060760197406
2026-05-15,Friday,12,Fee Counter,1,55,1.7133894891101065,30,0,0,97.99414308290389
2026-01-17,Saturday,9,Fee Counter,1,36,6.961110625939008,12,1,0,252.06007875137573
2026-01-26,Monday,11,Library Counter,2,49,1.006327066303189,45,0,0,25.30926264915615
2026-05-04,Monday,8,Cafeteria,4,43,2.246460029659015,23,1,0,25.542146726556
2026-03-29,Sunday,14,Library Counter,5,71,6.015806293081089,42,0,0,88.52450230024051
2026-02-20,Friday,12,Fee Counter,3,96,5.28885939695975,71,0,0,166.88936184603446
2026-03-21,Saturday,12,Admin Office,4,84,3.1935346714291715,43,1,0,70.88609805865316
2026-03-11,Wednesday,14,Fee Counter,2,37,7.437274134922017,14,0,0,136.05886940502296
2026-03-14,Saturday,17,Admin Office,1,4,6.502617170226113,6,0,0,23.34099984224175
2026-02-14,Saturday,17,Fee Counter,5,44,3.3314180329245984,35,0,0,32.84238617767235
2026-01-04,Sunday,16,Student Service Center,2,38,5.187149078258212,21,1,0,100.61568021575854
2026-01-28,Wednesday,17,Admin Office,5,78,3.5736295781820493,78,0,0,57.417808031982425
2026-01-11,Sunday,10,Fee Counter,5,43,1.2095352577813219,40,0,0,8.909442721066036
2026-06-29,Monday,13,Student Service Center,1,56,7.79088937449384,27,0,0,436.88050767585906
2026-06-05,Friday,10,Admin Office,1,56,6.597333369916689,57,0,0,370.81059423274206
2026-01-21,Wednesday,9,Cafeteria,5,48,6.286084123597334,39,0,0,57.65208855514846
2026-05-28,Thursday,9,Cafeteria,3,61,7.307904702550421,52,0,0,146.56432167431404
2026-01-20,Tuesday,16,Student Service Center,5,16,6.7165530563646225,18,0,0,21.357345960429036
2026-02-15,Sunday,14,Library Counter,3,88,7.582035809776944,48,1,0,226.21833935020692
2026-06-28,Sunday,14,Admin Office,3,29,1.1402671103460713,8,0,0,10.612342313301223
2026-03-08,Sunday,9,Cafeteria,2,49,6.003602994138373,48,0,0,148.7599264805527
2026-03-17,Tuesday,17,Fee Counter,5,33,4.971652983955098,24,0,0,33.14715766950543
2026-03-04,Wednesday,13,Admin Office,1,53,5.7849262942531325,27,0,0,304.29566133198006
2026-03-06,Friday,11,Cafeteria,2,40,5.219369621620784,44,0,0,102.50214254676742
2026-06-23,Tuesday,14,Library Counter,5,72,7.566095019155805,30,1,0,110.15768404835983
2026-01-08,Thursday,16,Admin Office,2,74,1.4218513567791367,71,0,0,49.70309144935923
2026-04-12,Sunday,8,Cafeteria,3,40,6.373908772630976,20,1,0,85.56031226409367
2026-06-06,Saturday,8,Student Service Center,2,35,2.3138050307181874,11,1,0,38.465290587778
2026-03-20,Friday,10,Cafeteria,2,58,3.691927953696821,51,0,0,110.9654380826826
2026-03-03,Tuesday,13,Student Service Center,3,66,3.4815304773659137,46,0,0,81.252446496531
2026-05-30,Saturday,12,Student Service Center,1,92,7.242398004363392,53,1,0,663.9843035429652
2026-05-26,Tuesday,14,Student Service Center,2,79,7.597116614879086,44,1,0,302.9635166516885
2026-02-22,Sunday,13,Cafeteria,1,105,5.6569770761761315,79,0,0,597.1143908133356
2026-01-23,Friday,14,Fee Counter,3,75,1.4744315073143857,37,1,0,36.70767649276446
2026-01-26,Monday,16,Admin Office,5,0,3.8044084131067155,6,0,1,1.5596777390836998
2026-01-26,Monday,8,Admin Office,4,33,6.293680623461474,31,0,0,49.25432107168419
2026-04-04,Saturday,13,Cafeteria,5,36,2.971035601520464,18,0,0,20.24558165417978
2026-02-25,Wednesday,15,Fee Counter,2,35,5.679508993822902,24,1,0,98.78992755595847
2026-01-14,Wednesday,14,Fee Counter,1,87,6.433009067082944,62,0,0,556.9635633143421
2026-04-01,Wednesday,12,Library Counter,3,52,4.685183892009089,37,0,0,78.42860854399494
2026-02-18,Wednesday,9,Library Counter,2,53,2.405518497397792,58,0,1,66.5940426279422
2026-04-04,Saturday,12,Fee Counter,2,73,6.826138891307958,53,0,0,251.28878153998488
2026-04-28,Tuesday,10,Student Service Center,3,47,3.325628191870017,43,0,0,56.147906851654
2026-03-05,Thursday,17,Student Service Center,2,42,5.107397018517763,46,0,0,109.73067987762587
2026-05-11,Monday,9,Student Service Center,5,49,5.689165901448745,40,0,0,54.62986003169916
2026-05-07,Thursday,9,Library Counter,1,33,2.0393664350987564,29,0,0,66.86692135292088
2026-04-08,Wednesday,13,Fee Counter,4,33,7.07107838209717,6,0,0,57.23365539566365
2026-03-01,Sunday,16,Student Service Center,2,44,7.210134169969629,46,0,0,156.8269651289932
2026-05-22,Friday,10,Cafeteria,5,98,7.079555412140696,75,1,0,138.0177091739454
2026-05-07,Thursday,13,Student Service Center,3,98,2.004710831321933,55,1,0,69.89511465398694
2026-01-23,Friday,15,Library Counter,5,67,1.5629286327938177,44,1,0,20.702956623001576
2026-04-16,Thursday,14,Library Counter,2,46,1.4423432729262013,20,0,0,30.469078286704683
2026-05-03,Sunday,17,Fee Counter,1,0,3.7573309596392157,14,0,1,2.1264095699508827
2026-05-03,Sunday,11,Student Service Center,2,22,1.4978086203462548,29,0,1,15.264064137486349
2026-03-30,Monday,15,Admin Office,5,24,4.3829731922143065,28,0,0,24.906113122452922
2026-05-31,Sunday,12,Student Service Center,4,61,5.373381607032675,40,0,0,80.11428296038375
2026-02-09,Monday,14,Library Counter,1,71,1.6001372792578854,46,0,0,112.43470191322204
2026-06-12,Friday,12,Fee Counter,2,66,3.0889056097476466,47,0,0,100.7220310483942
2026-06-11,Thursday,10,Admin Office,3,69,4.054184019246373,68,0,0,90.7514377482831
2026-05-31,Sunday,11,Library Counter,3,13,3.076668984008309,9,0,0,12.493718550167962
2026-01-23,Friday,13,Fee Counter,5,57,2.7475241840133213,42,0,0,35.04657390114482
2026-05-14,Thursday,15,Cafeteria,3,67,6.935435474038501,52,1,0,155.1644774072966
2026-02-02,Monday,9,Fee Counter,3,49,7.245138921155785,35,1,0,119.07089501810572
2026-06-14,Sunday,8,Cafeteria,3,40,7.820710768400366,52,0,1,102.50280929724019
2026-02-09,Monday,15,Admin Office,1,55,3.058977727586914,54,0,0,168.08988741068129
2026-01-10,Saturday,9,Library Counter,4,98,1.7610726622304078,77,1,0,43.91012688113559
2026-03-10,Tuesday,11,Library Counter,4,69,1.6939896202363078,77,0,1,29.014776078032053
2026-01-12,Monday,9,Fee Counter,3,52,3.659412507646602,55,0,0,65.21693834248826
2026-04-02,Thursday,14,Cafeteria,4,77,5.919531757804161,58,0,0,116.9984934103524
2026-06-23,Tuesday,10,Library Counter,3,18,3.783901964912167,17,0,0,23.804186176106363
2026-06-15,Monday,15,Cafeteria,2,41,6.611079772546384,43,0,0,138.5818395628779
2026-02-21,Saturday,13,Cafeteria,1,81,2.4319763667978758,57,0,0,198.16064641078933
2026-01-14,Wednesday,9,Fee Counter,1,49,4.61914103431762,52,0,0,226.9089966002032
2026-05-23,Saturday,12,Admin Office,1,66,2.5529006083775303,48,0,0,165.7655973764718
2026-01-08,Thursday,10,Student Service Center,2,15,2.797232954558028,19,0,0,25.71855468313872
2026-02-16,Monday,10,Fee Counter,4,78,2.545115707818531,72,0,0,48.505992992243954
2026-06-29,Monday,8,Student Service Center,2,67,6.98660544664232,66,0,0,237.0617158652198
2026-01-10,Saturday,16,Library Counter,4,25,1.3328413951555342,23,0,0,11.388623184836515
2026-01-03,Saturday,15,Student Service Center,4,73,2.3692392292818027,68,0,0,43.21275933403843
2026-02-21,Saturday,17,Admin Office,4,57,6.769944475685059,52,0,0,97.22882298758992
2026-03-26,Thursday,12,Library Counter,4,86,5.856024170312455,70,0,0,130.25142602125828
2026-04-14,Tuesday,9,Cafeteria,2,37,5.853745043882316,43,0,1,105.47913116949779
2026-01-28,Wednesday,11,Library Counter,3,60,1.3085622689700753,53,0,0,27.326590152133686
2026-01-26,Monday,17,Fee Counter,3,88,2.0634422547416986,74,1,0,60.08199236499324
2026-03-21,Saturday,15,Student Service Center,1,80,5.163586701317762,76,0,0,412.70696658195214
2026-02-20,Friday,9,Admin Office,2,51,1.8201471340783213,49,0,0,47.37371047875551
2026-01-14,Wednesday,14,Fee Counter,1,74,2.627957689619847,59,0,0,195.62022814266712
2026-04-03,Friday,9,Admin Office,2,63,5.364551453935923,67,0,0,169.6750567367291
2026-01-12,Monday,10,Fee Counter,1,46,1.5431427365456147,41,0,0,73.86877633059267
2026-04-04,Saturday,10,Student Service Center,2,17,6.306207284200376,16,0,0,55.251865316448246
2026-01-07,Wednesday,14,Student Service Center,3,82,3.006118041778496,56,0,0,85.93576661831285
2026-04-18,Saturday,10,Student Service Center,2,68,5.830754534847475,59,0,0,195.63885703013807
2026-04-14,Tuesday,10,Library Counter,2,56,2.7123829855532904,44,1,0,77.33541771163918
2026-05-25,Monday,14,Cafeteria,5,56,4.589380482156791,31,0,0,48.42957944040928
2026-03-25,Wednesday,13,Fee Counter,5,65,4.780377314942643,40,0,0,66.05250176818151
2026-04-26,Sunday,13,Fee Counter,4,71,4.9241239012277465,44,0,0,90.69424554626174
2026-05-16,Saturday,14,Fee Counter,4,48,5.103505386085706,31,0,0,65.81144912127334
2026-06-04,Thursday,8,Admin Office,5,60,3.932592151226112,63,0,0,49.672468094908716
2026-01-27,Tuesday,12,Admin Office,4,70,4.86586180448328,44,0,0,89.26299411596743
2026-01-10,Saturday,12,Library Counter,1,87,1.6190862349402906,71,0,0,143.03014164225706
2026-03-01,Sunday,10,Library Counter,3,27,7.218832524010476,24,0,0,62.758754689576755
2026-05-13,Wednesday,13,Student Service Center,2,48,6.864736160383076,28,0,0,165.49693973176434
2026-06-21,Sunday,10,Admin Office,3,17,5.614425750537813,8,0,0,33.07398179416755
2026-05-31,Sunday,10,Library Counter,5,29,7.426150583027444,23,0,0,41.931241958057754
2026-04-20,Monday,8,Student Service Center,4,76,7.845623993787377,70,0,0,146.19191275407132
2026-06-26,Friday,10,Cafeteria,4,20,7.858388567638009,12,0,0,37.28882788178924
2026-02-23,Monday,12,Student Service Center,2,39,4.087395641726598,12,0,0,83.86958744578627
2026-02-16,Monday,9,Fee Counter,4,63,2.0576686356547635,65,0,0,35.18590617718614
2026-05-09,Saturday,12,Cafeteria,4,79,5.3425009794253535,63,0,0,105.54741859296882
2026-03-14,Saturday,17,Fee Counter,4,6,3.906008032313797,8,0,0,6.581943900015409
2026-03-29,Sunday,16,Fee Counter,5,30,4.197176119755094,16,1,0,26.383951385487528
2026-03-23,Monday,17,Admin Office,4,20,3.024218237897278,24,0,0,18.095055862299674
2026-06-01,Monday,16,Student Service Center,4,58,4.585647965858639,54,0,0,65.12335763555829
2026-02-26,Thursday,13,Fee Counter,5,45,7.603528109509119,9,1,0,71.97808321261472
2026-02-07,Saturday,8,Student Service Center,2,28,1.0766186642643314,21,0,0,16.05600113802836
2026-04-13,Monday,16,Library Counter,5,28,3.390176524204554,21,0,0,17.00407458990322
2026-04-29,Wednesday,17,Cafeteria,1,42,4.478155228187522,40,0,0,189.83855613573576
2026-05-06,Wednesday,11,Fee Counter,5,62,5.592742968514209,39,1,0,71.96699799268931
2026-02-25,Wednesday,8,Cafeteria,4,58,1.6267800917438016,44,1,0,24.815273386036484
2026-05-18,Monday,10,Library Counter,2,28,2.453175503996594,21,0,0,36.52207752205145
2026-04-28,Tuesday,16,Fee Counter,3,69,5.680415234561712,45,1,0,128.78270528330086
2026-03-05,Thursday,16,Cafeteria,2,57,2.649540226691468,58,0,0,76.75632822574988
2026-06-08,Monday,14,Fee Counter,5,90,7.398716940659127,64,0,0,137.66167790409474
2026-02-25,Wednesday,13,Student Service Center,1,62,6.785158560001005,36,0,0,421.0219086644807
2026-05-23,Saturday,10,Admin Office,1,32,1.875257470807494,12,1,0,64.43391123776455
2026-05-30,Saturday,15,Admin Office,3,33,6.52931275204309,23,1,0,76.21029922105133
2026-05-10,Sunday,14,Admin Office,1,63,6.652106294950563,22,1,0,422.7858046671044
2026-04-13,Monday,16,Fee Counter,3,46,1.887572587184463,47,0,0,31.923604025008316
2026-01-19,Monday,17,Student Service Center,4,39,2.192419083792054,34,1,1,21.603292168150475
2026-02-17,Tuesday,13,Fee Counter,3,25,2.3290168431125555,16,0,1,23.64147582511908
2026-02-17,Tuesday,12,Admin Office,3,86,2.344742221920489,65,0,0,70.0879309628406
2026-04-30,Thursday,8,Admin Office,2,39,7.966872581638784,39,0,0,154.61556443014112
2026-03-18,Wednesday,13,Admin Office,2,59,1.4049455817782812,38,0,0,45.85007671578964
2026-02-05,Thursday,13,Student Service Center,3,29,3.897646537728168,13,0,0,38.78360962972297
2026-05-20,Wednesday,14,Library Counter,4,82,5.345660976250955,53,0,0,113.21484855843084
2026-04-19,Sunday,12,Fee Counter,4,84,4.503178046953057,61,0,0,93.14447185769991
2026-02-22,Sunday,15,Student Service Center,2,0,6.390727423972212,13,0,1,3.332108310511237
2026-03-14,Saturday,8,Library Counter,3,72,1.4364102343361913,76,0,0,35.236990880989936
2026-01-10,Saturday,9,Admin Office,4,59,6.532297460807962,63,0,0,93.41286453071085
2026-06-10,Wednesday,12,Fee Counter,2,101,5.402596817407436,78,0,0,277.59669432714986
2026-02-18,Wednesday,9,Cafeteria,1,72,5.709848966167489,71,0,0,410.8775617000857
2026-06-20,Saturday,12,Library Counter,5,82,3.3877288572386974,60,0,0,57.6868048478313
2026-04-01,Wednesday,11,Admin Office,4,18,1.9742341477644092,22,0,1,13.131316819931573
2026-02-11,Wednesday,16,Cafeteria,2,42,2.0651013644906833,41,0,0,42.10625559647783
2026-04-05,Sunday,17,Fee Counter,1,32,7.234522355209206,27,0,0,232.73961430131038
2026-01-03,Saturday,12,Fee Counter,3,100,4.1349678636969065,71,0,0,140.4469924233429
2026-05-23,Saturday,14,Library Counter,3,27,1.9736721876913221,8,0,0,15.029277568679191
2026-02-22,Sunday,10,Cafeteria,3,70,3.7040320570192176,59,1,0,89.78128516905525
2026-01-30,Friday,17,Admin Office,1,102,5.0759565281557615,79,1,0,517.3298433689909
2026-05-18,Monday,12,Student Service Center,2,56,6.635368042373393,36,0,0,183.0428715315942
2026-03-14,Saturday,16,Admin Office,3,21,7.445445644169284,22,0,0,52.19233196051618
2026-04-07,Tuesday,16,Student Service Center,4,67,2.4995463527031916,61,0,0,43.333289424016144
2026-05-30,Saturday,15,Fee Counter,2,82,6.703645210129775,77,0,0,276.58579146760974
2026-04-05,Sunday,12,Cafeteria,3,46,6.245982107030208,26,1,1,98.32692785768936
2026-05-20,Wednesday,12,Student Service Center,5,57,4.6420535880682365,30,0,0,57.46911674194734
2026-05-15,Friday,16,Cafeteria,5,64,3.6151883146806982,51,1,0,43.515775181865
2026-02-25,Wednesday,11,Cafeteria,3,8,3.098048198065891,5,0,0,8.750554519108425
2026-06-04,Thursday,12,Admin Office,1,92,6.468640168164464,54,1,0,598.4176308549809
2026-05-10,Sunday,17,Fee Counter,5,28,5.055146838478096,28,0,0,26.669522175254905
2026-05-24,Sunday,13,Cafeteria,5,73,5.253473888066642,62,0,1,80.27441820549683
2026-01-04,Sunday,14,Student Service Center,1,44,4.613732357543203,33,0,1,205.05986340663168
2026-01-30,Friday,11,Library Counter,5,53,7.101791503508755,45,0,0,75.53346677616541
2026-01-15,Thursday,12,Admin Office,3,109,3.537579419115194,70,1,0,126.02503863311107
2026-01-30,Friday,14,Cafeteria,4,52,7.615468575478042,24,0,0,96.62715831402176
2026-02-12,Thursday,17,Admin Office,1,47,1.4406576954357173,54,0,1,66.42380003293485
2026-05-02,Saturday,17,Fee Counter,2,8,1.2364563951400642,13,0,0,4.543950482900153
2026-04-15,Wednesday,10,Student Service Center,3,61,7.658157441109069,65,0,0,157.89624202384658
2026-01-03,Saturday,8,Admin Office,4,20,3.2394212261017428,17,0,0,20.48539690111839
2026-05-26,Tuesday,17,Student Service Center,3,29,5.570955758385249,34,0,0,53.25203915582819
2026-02-27,Friday,14,Fee Counter,3,64,5.6262432753406335,39,0,0,117.50977489767423
2026-04-10,Friday,12,Fee Counter,4,67,3.5205934484546595,39,0,0,60.53243901295762
2026-02-17,Tuesday,15,Fee Counter,3,7,2.6442502951774034,11,0,1,9.711791243685784
2026-06-10,Wednesday,15,Student Service Center,4,42,3.311174355641681,39,0,0,33.98066085571489
2026-05-19,Tuesday,12,Cafeteria,4,54,3.0847863376619244,36,0,0,46.164616927351474
2026-05-30,Saturday,8,Library Counter,5,44,5.398555317084269,51,0,1,52.19166539630358
2026-05-14,Thursday,15,Cafeteria,3,78,6.65731239859623,57,1,0,172.51788035224533
2026-04-16,Thursday,11,Fee Counter,5,21,4.985151244841428,19,0,0,23.715189691845893
2026-06-13,Saturday,11,Library Counter,3,59,1.7132355563625943,44,1,0,38.29691207483987
2026-04-15,Wednesday,15,Admin Office,1,25,3.9781974322191376,6,1,0,99.5066545256842
2026-01-11,Sunday,9,Student Service Center,3,14,5.160775715818883,6,0,0,28.656546250216042
2026-06-07,Sunday,12,Student Service Center,3,88,2.9875615504910824,66,0,0,86.44510104119601
2026-04-23,Thursday,13,Admin Office,4,54,1.2503401516435422,13,1,0,14.370796252014994
2026-02-26,Thursday,13,Cafeteria,5,32,2.984034910887207,8,0,0,19.377685728335834
2026-04-28,Tuesday,11,Admin Office,4,48,3.672491703232475,53,0,0,45.80283940870574
2026-04-06,Monday,10,Library Counter,2,11,6.380152492682226,5,0,0,34.07833885223511
2026-01-01,Thursday,11,Student Service Center,3,9,3.0250751916636607,8,0,0,9.69713516667041
2026-05-01,Friday,12,Student Service Center,2,58,6.026572371653464,46,0,1,177.8128970558907
2026-05-19,Tuesday,10,Student Service Center,5,50,5.979060566841653,29,1,0,64.5857480284378
2026-01-10,Saturday,17,Library Counter,5,64,3.3523595013065512,45,1,0,47.81902359612568
2026-05-10,Sunday,17,Cafeteria,5,18,3.990807359711439,20,0,0,16.82785961498267
2026-01-21,Wednesday,16,Cafeteria,1,55,7.876594370494785,45,1,0,431.48679055679975
2026-02-08,Sunday,11,Student Service Center,4,8,2.7079200329617517,11,0,0,7.822311333373785
2026-05-31,Sunday,9,Student Service Center,4,23,1.4011901608879933,27,0,0,8.982991942439604
2026-05-02,Saturday,8,Student Service Center,2,20,2.2377139708814875,11,0,0,22.160066397522833
2026-06-24,Wednesday,16,Library Counter,4,58,6.15386687337017,60,0,0,90.69776130375875
2026-02-03,Tuesday,16,Cafeteria,2,47,2.8086330102036463,44,0,0,67.4300393267491
2026-01-15,Thursday,15,Fee Counter,3,52,4.175430246901783,43,0,0,70.53046584056192
2026-05-14,Thursday,9,Student Service Center,1,58,3.396798639016531,46,1,0,200.9477612947301
2026-04-06,Monday,14,Cafeteria,1,108,5.097274084777327,79,0,0,548.9679441500756
2026-03-15,Sunday,16,Cafeteria,4,36,2.400943289332809,31,0,0,25.34667948172806
2026-06-06,Saturday,14,Cafeteria,4,103,6.320265405530349,78,0,0,161.22440629064863
2026-05-29,Friday,15,Student Service Center,4,77,2.1734823132843006,63,1,0,41.858090813731906
2026-01-08,Thursday,17,Library Counter,2,33,4.082729920655556,28,0,0,67.82114483713491
2026-02-17,Tuesday,13,Cafeteria,5,64,5.553304586326117,47,0,0,75.94759641111531
2026-01-02,Friday,14,Fee Counter,1,57,7.184206667925987,34,0,0,410.07002595398774
2026-03-12,Thursday,17,Library Counter,1,85,4.881365430346858,78,0,0,412.97413593103266
2026-03-08,Sunday,8,Admin Office,1,13,1.016430468956456,18,0,0,13.524948050187284
2026-05-25,Monday,14,Fee Counter,4,77,6.955247176722117,52,1,1,134.76718925685202
2026-03-13,Friday,12,Admin Office,3,45,7.587664614540922,18,0,0,114.89284018542597
2026-06-21,Sunday,17,Admin Office,1,80,1.782371412375765,72,0,0,143.4036429581528
2026-06-29,Monday,16,Cafeteria,2,51,4.136129074799242,56,0,1,106.32652878646121
2026-03-10,Tuesday,12,Admin Office,1,79,5.1962654234677235,52,0,0,415.3103388761568
2026-04-25,Saturday,12,Cafeteria,1,82,5.244462577506249,64,0,0,427.9661018279335
2026-04-09,Thursday,9,Fee Counter,5,22,1.5433806783400765,17,0,0,10.333253014797549
2026-04-24,Friday,12,Admin Office,4,59,1.0373376773306675,32,0,0,14.552875752105724
2026-02-25,Wednesday,9,Admin Office,1,24,6.777351946079327,18,0,0,166.79773435846224
2026-02-03,Tuesday,9,Fee Counter,3,83,7.413011096518191,76,0,0,207.86372237356656
2026-02-14,Saturday,14,Library Counter,5,86,6.425420578065789,72,0,1,108.78270823232471
2026-06-20,Saturday,17,Cafeteria,2,31,4.626083216100893,28,0,0,72.71562601807187
2026-02-06,Friday,10,Student Service Center,4,47,6.506870240983784,38,0,0,79.74046387499173
2026-04-12,Sunday,15,Cafeteria,1,76,7.0359255111967265,64,1,0,533.5349958623567
2026-03-02,Monday,11,Admin Office,2,61,3.65394765016749,66,0,0,113.48831137612818
2026-03-14,Saturday,10,Fee Counter,4,69,4.211724044605198,54,1,0,76.37597090342074
2026-04-08,Wednesday,10,Cafeteria,3,43,6.201680313395844,36,0,0,87.8577829504988
2026-05-24,Sunday,10,Admin Office,2,31,6.253679914695951,20,1,0,100.4958248784478
2026-04-25,Saturday,8,Library Counter,1,59,1.6146082592947544,37,1,0,94.87727620046529
2026-03-12,Thursday,8,Fee Counter,4,19,2.756477314907434,11,0,0,13.92634461362773
2026-01-24,Saturday,14,Library Counter,2,93,1.4568343937247739,78,0,0,64.99588247944617
2026-01-15,Thursday,11,Student Service Center,4,50,5.155078500469595,52,0,0,68.88852592151102
2026-06-08,Monday,15,Fee Counter,3,34,6.28704981224904,25,0,0,74.0543274115198
2026-01-10,Saturday,9,Student Service Center,5,54,4.294282580129355,59,0,0,48.30288593477532
2026-02-20,Friday,16,Library Counter,4,38,6.323005518607488,39,0,1,57.98801945541077
2026-02-04,Wednesday,9,Fee Counter,5,21,6.91344641927868,15,0,0,28.48404577498315
2026-04-26,Sunday,17,Student Service Center,1,44,2.238402246201486,39,0,0,101.31173066004786
2026-03-24,Tuesday,9,Cafeteria,2,40,1.5077682395818397,32,0,0,33.710161835841554
2026-01-26,Monday,10,Library Counter,4,70,7.112961351739886,71,0,0,123.74852094919606
2026-05-15,Friday,13,Student Service Center,5,87,1.4912514274251554,65,0,0,27.218707617098325
2026-02-06,Friday,8,Library Counter,3,54,4.713173395097682,52,0,0,82.83256607503523
2026-04-28,Tuesday,16,Admin Office,3,80,2.7291912865028163,77,0,0,72.60260621693762
2026-04-05,Sunday,12,Student Service Center,3,71,1.892908047712143,45,0,0,44.84754549008428
2026-05-08,Friday,14,Cafeteria,1,91,6.7220260532645115,76,0,0,610.0471126538729
2026-04-23,Thursday,9,Student Service Center,4,29,4.436896943626889,28,0,0,32.784587498335966
2026-01-06,Tuesday,17,Library Counter,2,33,4.182508812281956,36,0,0,67.79310446055153
2026-06-25,Thursday,16,Cafeteria,1,68,5.374739302157979,71,0,0,367.0879774788189
2026-03-19,Thursday,10,Cafeteria,4,58,6.268054479610115,53,0,0,94.23297950999286
2026-04-20,Monday,14,Library Counter,2,68,5.860496164224235,42,0,0,202.69702733824064
2026-02-10,Tuesday,17,Admin Office,1,41,5.78584362859178,34,0,0,241.15601657470046
2026-01-04,Sunday,15,Fee Counter,4,49,6.56577701673497,50,0,0,83.7028547941432
2026-02-11,Wednesday,17,Admin Office,4,66,7.016320464959315,65,0,0,119.39610099271019
2026-03-13,Friday,17,Cafeteria,4,65,3.5147722626475746,48,1,0,56.448146585816026
2026-03-27,Friday,11,Fee Counter,3,94,5.910641950840102,79,1,0,189.16267614480483
2026-03-16,Monday,15,Cafeteria,1,27,7.0759115771146615,31,0,0,193.91639371973636
2026-05-28,Thursday,16,Admin Office,4,51,6.708331517777511,37,1,0,85.86217664863184
2026-03-03,Tuesday,16,Student Service Center,2,55,6.725117339034487,52,0,0,187.09789211055053
2026-04-27,Monday,17,Fee Counter,4,60,7.729722434003202,47,1,0,115.6669109790953
2026-03-17,Tuesday,8,Admin Office,3,37,6.976251034460371,38,0,0,89.59380005647053
2026-04-10,Friday,10,Student Service Center,4,68,1.735416543785169,67,0,0,27.98360081754756
2026-01-12,Monday,14,Admin Office,2,47,2.410119140968154,10,1,0,59.170322289960836
2026-01-07,Wednesday,17,Student Service Center,1,26,7.459388129791363,29,0,0,197.52390453641144
2026-02-05,Thursday,15,Cafeteria,4,34,2.2501563202460497,12,1,0,23.26928041933462
2026-06-25,Thursday,10,Admin Office,3,20,3.8215936539169544,20,0,0,27.507919856776173
2026-03-07,Saturday,8,Student Service Center,4,54,3.503524437862159,55,0,0,51.37199633017946
2026-03-26,Thursday,8,Cafeteria,1,48,7.735121035038942,40,0,0,372.22917072695253
2026-03-28,Saturday,13,Cafeteria,5,107,4.535198858535189,79,0,0,101.6839099637789
2026-04-21,Tuesday,16,Student Service Center,1,44,6.595705894573362,30,1,0,292.344731912391
2026-03-10,Tuesday,13,Library Counter,3,84,2.4972835206702584,54,1,0,73.253190992582
2026-02-08,Sunday,12,Admin Office,1,54,5.53908279067342,26,0,0,303.7379020966602
2026-03-28,Saturday,9,Fee Counter,1,65,4.1370085331929705,63,0,0,273.0644828298884
2026-05-09,Saturday,16,Student Service Center,1,78,2.2511680157605833,68,1,0,177.80571426686035
2026-06-12,Friday,16,Cafeteria,3,23,4.033647284049765,10,1,0,33.789999187994056
2026-02-04,Wednesday,8,Fee Counter,1,45,2.417228066935587,50,0,0,111.4983408281691
2026-05-22,Friday,16,Library Counter,3,15,2.23845149794304,15,0,0,9.360637762120266
2026-06-16,Tuesday,14,Cafeteria,1,93,6.383558061775548,66,0,0,595.3776112151444
2026-01-22,Thursday,12,Student Service Center,3,90,3.132550546831241,66,0,0,94.81986360823049
2026-03-23,Monday,14,Cafeteria,3,51,7.583563454372812,13,1,0,127.99932259978382
2026-06-23,Tuesday,13,Library Counter,3,102,5.437471325308849,62,1,0,186.08439297912867
2026-05-13,Wednesday,15,Library Counter,5,36,4.429930548023852,28,0,0,31.163388647405938
2026-06-21,Sunday,17,Fee Counter,2,71,4.878794868110962,49,1,0,172.96663038466477
2026-02-25,Wednesday,10,Student Service Center,3,15,7.319347318518626,15,1,1,40.52817430775924
2026-06-25,Thursday,13,Fee Counter,1,81,3.157470639555063,54,0,0,255.53308390632588
2026-03-11,Wednesday,16,Student Service Center,1,92,1.589470186639341,69,1,0,144.22587965200708
2026-06-26,Friday,10,Cafeteria,4,24,7.089364560169773,24,0,0,44.66630021615269
2026-04-18,Saturday,15,Library Counter,1,27,3.021821558014334,32,0,1,86.45095472455759
2026-06-06,Saturday,15,Admin Office,4,34,7.588373273859839,37,0,1,64.51573824292718
2026-01-16,Friday,15,Student Service Center,4,11,6.126859836457793,9,0,0,17.033622788230865
2026-01-23,Friday,13,Student Service Center,3,94,6.679055848670788,77,0,0,206.41250783020547
2026-03-10,Tuesday,15,Fee Counter,1,55,2.6630448994752864,52,0,0,145.5864832341735
2026-03-14,Saturday,9,Admin Office,4,54,1.95076617864152,51,0,0,29.827789500982757
2026-01-05,Monday,14,Fee Counter,5,36,6.504391437977498,19,0,0,47.52676361774657
2026-04-12,Sunday,11,Library Counter,5,45,2.583009352847901,48,0,0,23.463918848567825
2026-02-24,Tuesday,10,Cafeteria,1,65,4.072104875343337,62,0,0,261.8673050559713
2026-02-17,Tuesday,15,Fee Counter,2,73,4.733614839843257,78,0,0,170.6204379943761
2026-03-08,Sunday,8,Fee Counter,5,14,7.607813868573712,6,0,0,23.367601180099484
2026-01-18,Sunday,12,Admin Office,5,32,2.013406980364389,12,0,0,11.982949389115907
2026-06-07,Sunday,10,Cafeteria,3,13,3.4343481730966134,15,0,1,15.077206778779388
2026-05-19,Tuesday,13,Admin Office,5,45,7.915045887147706,30,0,0,69.68520185953597
2026-05-17,Sunday,16,Fee Counter,3,17,7.287649513827901,13,0,0,38.581438569194326
2026-06-13,Saturday,8,Student Service Center,2,36,3.451439905266206,29,0,0,66.14639840494524
2026-06-17,Wednesday,12,Library Counter,4,46,4.329223209987347,32,0,1,52.80728081244664
2026-06-08,Monday,10,Fee Counter,3,8,4.942434292885189,13,0,0,12.745442767604297
2026-04-23,Thursday,16,Student Service Center,2,69,7.509518673960102,63,0,0,258.78904454898316
2026-04-21,Tuesday,16,Fee Counter,2,43,1.8193519159251657,39,0,0,36.311013719464846
2026-02-28,Saturday,17,Fee Counter,5,46,2.975941791345048,51,0,0,31.748635569262852
2026-04-26,Sunday,13,Admin Office,2,39,4.778385992930425,21,0,0,93.17573146448375
2026-02-20,Friday,10,Student Service Center,2,41,2.5158163270489218,40,0,0,51.412791438111235
2026-01-04,Sunday,14,Cafeteria,1,76,6.977892806474482,71,0,1,527.7304894173806
2026-05-07,Thursday,14,Library Counter,5,66,7.5959621950923415,47,0,0,99.72662531912715
2026-02-04,Wednesday,8,Student Service Center,3,32,6.929551976657841,36,0,0,73.4618906317299
2026-01-12,Monday,16,Cafeteria,1,58,7.300071763542535,61,0,1,427.19276615649386
2026-04-07,Tuesday,13,Fee Counter,2,98,7.197849823183537,78,0,0,357.51735933098246
2026-03-20,Friday,15,Student Service Center,1,89,4.624009566517706,77,1,0,415.24522483884306
2026-06-19,Friday,8,Fee Counter,3,63,6.323108990560042,65,0,0,131.99222058547196
2026-06-28,Sunday,8,Library Counter,4,49,2.947114835186251,44,0,0,40.9893184934047
2026-01-05,Monday,9,Cafeteria,1,49,7.148591576410967,48,0,0,354.7479196377024
2026-01-06,Tuesday,9,Admin Office,4,38,2.0437703916639465,30,0,0,21.908658342214494
2026-04-20,Monday,14,Cafeteria,4,85,4.953523609958076,68,0,0,105.99437906315855
2026-02-26,Thursday,9,Fee Counter,1,44,1.5051656748109699,39,0,0,65.28290108705224
2026-01-09,Friday,15,Fee Counter,5,32,7.999125693989054,10,1,0,52.05658646753249
2026-04-30,Thursday,15,Fee Counter,5,74,7.455665173968642,69,0,0,109.29822918194913
2026-06-01,Monday,16,Library Counter,3,61,4.223119702141522,42,1,0,85.56680734784102
2026-03-23,Monday,16,Student Service Center,4,21,6.641027724110771,18,0,0,36.04465159632905
2026-04-28,Tuesday,16,Student Service Center,4,30,2.1834082127697645,17,1,0,15.28843319072944
2026-06-16,Tuesday,12,Cafeteria,1,29,5.7747625402201415,15,0,1,172.2430973030842
2026-04-03,Friday,13,Admin Office,3,87,7.763861697128568,72,0,0,225.3946772101896
2026-05-09,Saturday,11,Cafeteria,2,37,6.823189535289648,37,0,0,127.49692131200008
2026-04-11,Saturday,13,Student Service Center,5,84,5.6317594403664195,66,0,0,94.14198127140322
2026-04-09,Thursday,12,Fee Counter,3,73,3.8731348244044796,50,0,0,95.94267083887848
2026-05-01,Friday,17,Student Service Center,4,19,5.940803417874852,24,0,0,28.92401080571607
2026-01-24,Saturday,16,Cafeteria,2,13,3.808393650205498,14,0,0,23.21596421414419
2026-05-31,Sunday,17,Library Counter,1,26,7.304163699366234,31,0,0,192.5625015779095
2026-03-21,Saturday,15,Fee Counter,5,5,5.69937840885464,8,0,0,3.4400832988544883
2026-04-10,Friday,16,Admin Office,2,11,1.2657248597257018,24,0,1,10.799743147401205
2026-05-03,Sunday,16,Admin Office,1,58,6.510015647910915,61,0,0,376.4522479757624
2026-06-05,Friday,8,Admin Office,2,74,4.058852687055068,69,0,0,152.66818990670964
2026-03-22,Sunday,13,Library Counter,1,117,1.8223353244671687,75,1,0,211.04345793367034
2026-01-07,Wednesday,11,Cafeteria,1,23,4.135734488420258,17,0,0,95.79110693704307
2026-02-09,Monday,16,Library Counter,5,42,1.7243607074972669,46,0,0,15.991591635514059
2026-05-29,Friday,16,Fee Counter,4,91,3.8447466779920143,71,1,0,90.8341038324691
2026-05-02,Saturday,15,Cafeteria,2,33,4.195123269941178,16,1,0,68.17035867057086
2026-03-09,Monday,8,Cafeteria,5,11,2.4502655071552413,22,0,1,9.114559100333334
2026-03-30,Monday,13,Student Service Center,5,43,1.275186460123157,35,0,1,15.400910012540589
2026-04-03,Friday,17,Library Counter,5,76,5.233139497295395,73,0,0,83.26034617897872
2026-05-19,Tuesday,16,Cafeteria,5,73,1.5031715745843282,64,0,0,21.832024481570738
2026-04-17,Friday,13,Admin Office,2,21,2.279689255647477,6,0,0,22.217233789057786
2026-05-30,Saturday,17,Cafeteria,2,42,6.597657489041913,45,0,0,142.82428692069075
2026-02-28,Saturday,10,Admin Office,4,71,6.224513427471709,70,0,0,114.43537899201932
2026-01-29,Thursday,14,Library Counter,1,97,3.838629463352299,57,1,0,374.7359958696315
2026-04-24,Friday,16,Library Counter,5,39,4.165954599254777,43,0,0,33.25137037304812
2026-06-19,Friday,16,Library Counter,1,19,5.952194248086154,10,0,0,115.0575279136802
2026-05-20,Wednesday,9,Admin Office,4,14,3.947514903088692,16,0,0,16.06369424800624
2026-01-07,Wednesday,13,Library Counter,4,62,6.238907811805859,44,0,0,99.64944620520956
2026-02-01,Sunday,12,Cafeteria,2,64,2.0095340616412916,44,0,0,63.31375838194994
2026-01-02,Friday,15,Cafeteria,2,85,6.100476751380786,77,0,0,263.4088030306425
2026-01-24,Saturday,11,Student Service Center,2,75,4.940134552520997,60,1,0,184.00113180533918
2026-02-10,Tuesday,16,Cafeteria,4,25,2.7621355920462904,27,0,0,15.882131394314436
2026-06-11,Thursday,15,Library Counter,3,34,6.9394066087987145,30,0,0,80.33440097925538
2026-03-05,Thursday,11,Library Counter,5,39,7.840620720736669,38,0,0,65.86747396254876
2026-04-04,Saturday,12,Admin Office,4,93,2.9327414121984545,52,1,0,71.36026168685324
2026-02-19,Thursday,14,Fee Counter,3,91,6.7932608869534015,66,0,0,205.92924930077848
2026-06-22,Monday,9,Student Service Center,4,45,3.0112799813880966,32,1,0,36.0097841867455
2026-02-27,Friday,17,Fee Counter,1,7,2.32829590358523,11,0,0,18.558469926404587
2026-02-20,Friday,10,Fee Counter,5,58,3.5159169315343126,53,0,0,42.1248256619306
2026-03-28,Saturday,9,Cafeteria,1,16,6.234144964947113,6,1,0,99.31897945816299
2026-04-04,Saturday,8,Library Counter,3,44,2.767492455697332,42,0,0,40.58175988507954
2026-04-11,Saturday,12,Cafeteria,4,55,2.305063230123611,34,0,0,35.482717878364994
2026-06-01,Monday,11,Student Service Center,4,32,4.627643516760905,23,0,0,38.00827509226387
2026-04-04,Saturday,17,Student Service Center,1,64,6.623351098879287,59,0,0,427.1483105132658
2026-06-20,Saturday,17,Fee Counter,2,64,7.228793378870693,57,0,0,233.77893000806404
2026-04-04,Saturday,10,Student Service Center,1,54,4.332305479097359,52,0,0,231.31776050297222
2026-03-14,Saturday,14,Student Service Center,4,105,1.065990037705152,77,0,0,25.07689994109247
2026-04-12,Sunday,8,Student Service Center,5,69,4.224018585269276,61,0,0,56.37796927198011
2026-04-21,Tuesday,13,Student Service Center,1,95,6.38770938342433,67,0,0,609.569866172816
2026-03-09,Monday,14,Cafeteria,1,90,3.1365432824497166,69,0,0,280.163254747651
2026-03-27,Friday,8,Library Counter,4,22,3.0983071487345164,13,0,0,15.541843581783729
2026-04-29,Wednesday,8,Student Service Center,4,64,4.399906078251876,53,1,0,73.35793003721173
2026-02-19,Thursday,17,Library Counter,3,41,2.4282801286496007,36,0,0,35.8676760291232
2026-06-24,Wednesday,8,Cafeteria,5,72,2.0366214332698025,64,0,0,33.00484022865016
2026-02-10,Tuesday,11,Student Service Center,4,21,3.388812806265595,23,0,0,18.000979950125817
2026-05-19,Tuesday,11,Library Counter,4,45,6.8311576315838405,39,0,0,77.2987934490849
2026-05-12,Tuesday,14,Admin Office,5,105,6.678940256352799,64,1,0,142.83672057418434
2026-03-24,Tuesday,9,Admin Office,4,22,1.4696395072176147,25,0,0,9.273852732995142
2026-03-16,Monday,15,Cafeteria,4,49,7.978616168495285,41,0,0,100.62658816189803
2026-06-21,Sunday,13,Fee Counter,4,66,7.577978964641207,41,0,0,124.18263863596563
2026-04-17,Friday,9,Cafeteria,5,29,1.7357793466923983,33,0,0,14.961318992881676
2026-04-25,Saturday,15,Library Counter,3,61,5.0715306688464254,76,0,1,108.00393754715171
2026-04-07,Tuesday,14,Admin Office,2,50,3.5804001954679494,29,0,0,91.1233967492598
2026-05-04,Monday,10,Student Service Center,2,59,4.830401817530323,56,0,0,145.17721637911418
2026-04-17,Friday,8,Cafeteria,3,82,7.899748830214317,59,1,0,215.61501841771687
2026-02-10,Tuesday,9,Cafeteria,1,24,2.8527459281796324,29,0,1,67.46615075518709
2026-03-13,Friday,16,Student Service Center,4,25,4.705622118018871,38,0,1,34.18878402710081
2026-01-29,Thursday,10,Fee Counter,1,29,2.930278861060148,33,0,0,85.58209333958807
2026-01-06,Tuesday,11,Library Counter,1,61,5.5098521512590075,50,1,1,334.750191736296
2026-01-18,Sunday,14,Cafeteria,3,43,2.41807925068498,16,0,0,36.27140203876822
2026-01-24,Saturday,14,Cafeteria,1,98,7.4011916748057995,79,0,0,728.0467861299361
2026-03-17,Tuesday,17,Student Service Center,2,78,7.5582563003837535,76,0,0,296.0890933943158
2026-06-26,Friday,11,Fee Counter,3,54,5.478629280236794,59,0,0,97.50945222274461
2026-01-29,Thursday,13,Cafeteria,4,65,4.461285686769026,47,0,0,76.73946391030887
2026-03-19,Thursday,8,Admin Office,5,76,2.5482629674125734,78,0,0,39.70163198334353
2026-01-29,Thursday,14,Library Counter,4,78,7.768479202663037,53,0,0,150.62153433171105
2026-01-15,Thursday,14,Student Service Center,1,67,6.388375945568563,51,0,0,425.4343737518043
2026-02-23,Monday,14,Fee Counter,4,39,1.5653827397105426,14,0,0,14.405512831997992
2026-04-17,Friday,15,Student Service Center,4,34,2.4365961896424966,22,1,0,20.200895181361368
2026-06-16,Tuesday,13,Student Service Center,5,78,1.0327555314801837,46,1,0,20.446580369353143
2026-02-14,Saturday,12,Library Counter,3,31,7.900060634300516,16,0,0,80.07805742105741
2026-04-14,Tuesday,9,Student Service Center,5,40,3.353381862342189,31,0,0,30.286456367073036
2026-03-19,Thursday,15,Student Service Center,3,76,4.786193820699671,78,0,0,124.90605026026722
2026-05-30,Saturday,11,Library Counter,3,39,5.023547374793101,53,0,1,63.230219953391824
2026-06-28,Sunday,12,Fee Counter,4,71,6.283097463432863,42,0,0,113.90460800759242
2026-02-11,Wednesday,11,Fee Counter,1,27,4.27920209877165,11,1,0,112.91282903508517
2026-05-31,Sunday,13,Admin Office,4,29,5.685104419228644,7,0,0,41.45929446421305
2026-06-25,Thursday,9,Library Counter,1,14,3.566678959509239,15,0,0,54.36873903031976
2026-03-04,Wednesday,11,Student Service Center,1,61,4.3935773251653,52,0,0,267.7982958787324
2026-01-01,Thursday,14,Cafeteria,5,90,6.939816543114408,74,0,0,128.26552162354506
2026-04-07,Tuesday,13,Library Counter,4,52,7.157516755221457,32,1,1,96.1534573182999
2026-03-11,Wednesday,11,Admin Office,4,61,6.523369588025427,61,0,0,98.77696288772701
2026-04-01,Wednesday,12,Cafeteria,5,44,6.585260245782765,38,0,1,59.61999582106947
2026-06-04,Thursday,14,Admin Office,5,52,2.0309558276952666,21,1,0,22.543586276467767
2026-05-30,Saturday,17,Fee Counter,5,76,3.1918318586071295,72,0,0,51.074681677358654
2026-06-27,Saturday,10,Admin Office,2,55,5.097403682032371,56,0,0,139.96269143387892
2026-01-23,Friday,14,Fee Counter,4,31,6.376575157814143,8,0,0,49.96910927079719
2026-05-13,Wednesday,8,Library Counter,4,38,7.0316618966907445,31,0,0,69.18141912502276
2026-01-25,Sunday,11,Student Service Center,4,37,5.832248716259761,30,0,0,56.267905386543035
2026-03-16,Monday,8,Student Service Center,1,89,3.808422919947258,78,1,1,337.58097859108557
2026-03-21,Saturday,12,Library Counter,5,103,4.366274651681189,61,1,0,91.35041585237468
2026-04-28,Tuesday,17,Fee Counter,5,80,3.716648193630413,73,0,0,58.980306634016785
2026-04-30,Thursday,13,Student Service Center,3,72,1.414837406894734,49,0,0,34.38946991272919
2026-04-18,Saturday,11,Cafeteria,4,46,4.8237654789264015,51,0,0,53.737979125603644
2026-01-07,Wednesday,8,Cafeteria,3,78,2.276315329322438,69,0,0,62.68554588215511
2026-02-26,Thursday,10,Student Service Center,2,72,4.241815835895855,65,0,0,151.91256235624465
2026-06-03,Wednesday,12,Cafeteria,1,30,6.950687282108523,6,0,0,209.43822446696907
2026-05-18,Monday,12,Cafeteria,1,102,2.4499456359828407,70,1,0,252.87712983437547
2026-05-21,Thursday,13,Cafeteria,3,35,7.827615100442902,19,0,0,88.82316792475332
2026-05-07,Thursday,14,Admin Office,1,51,7.313376969843363,38,0,1,372.20796002436526
2026-06-19,Friday,12,Library Counter,3,59,2.212824458576798,34,0,0,42.97603173619585
2026-04-05,Sunday,15,Student Service Center,5,2,5.666645971676471,7,0,0,4.316625947045015
2026-06-01,Monday,17,Admin Office,5,76,7.567554840555913,69,0,0,112.13549723946603
2026-01-30,Friday,11,Library Counter,4,23,2.262809683723189,16,0,0,17.6520929088436
2026-02-20,Friday,8,Student Service Center,3,38,5.752587254505733,35,0,0,70.96830945967442
2026-03-31,Tuesday,15,Library Counter,3,23,1.277250433180426,24,0,0,11.410244557195423
2026-06-26,Friday,12,Library Counter,1,115,3.1740826235033603,75,1,0,364.8873894122034
2026-01-01,Thursday,15,Student Service Center,4,52,4.014908094448194,44,0,0,57.0444785503581
2026-06-29,Monday,14,Student Service Center,2,96,4.320075726010544,74,0,0,212.35261201464203
2026-05-17,Sunday,9,Library Counter,1,54,3.640779090144646,47,0,0,193.79432678413477
2026-01-07,Wednesday,12,Admin Office,1,41,5.538789339829017,21,0,0,231.72735763077003
2026-04-09,Thursday,15,Fee Counter,4,52,6.639643766164768,38,1,0,88.37220500584102
2026-02-02,Monday,8,Library Counter,1,39,4.5652103266792645,43,0,0,181.26314509142603
2026-03-12,Thursday,8,Fee Counter,1,26,4.671187081701685,17,0,0,118.87591593581628
2026-05-22,Friday,12,Library Counter,1,85,3.598582323658726,70,0,0,309.49147267841624
2026-03-30,Monday,14,Library Counter,5,75,4.032306800074451,51,0,0,60.499658696570656
2026-06-05,Friday,15,Fee Counter,3,59,1.9910321109517837,41,1,0,40.850734505228566
2026-01-22,Thursday,12,Student Service Center,1,96,2.6013072695565733,67,0,0,247.69566272714047
2026-03-16,Monday,9,Student Service Center,4,30,3.328165274086296,28,0,0,29.299875922292458
2026-04-09,Thursday,15,Student Service Center,4,30,4.981213041307448,35,0,0,35.882904490639945
2026-04-27,Monday,9,Fee Counter,3,41,5.050218342416463,36,0,0,70.43321276811994
2026-03-12,Thursday,8,Student Service Center,5,36,7.283897147141209,13,1,0,53.301950524053815
2026-02-17,Tuesday,16,Admin Office,4,65,1.567092941699648,59,0,0,23.401008019515245
2026-04-08,Wednesday,14,Admin Office,1,71,1.0374303128014213,43,0,0,77.77648700427947
2026-05-08,Friday,10,Library Counter,4,36,5.922433621786384,39,0,0,57.70208744456603
2026-04-11,Saturday,17,Library Counter,3,25,2.502350858338218,29,0,0,20.91571527236202
2026-05-12,Tuesday,17,Cafeteria,2,40,3.0019033589040154,42,0,0,59.91939711443287
2026-01-08,Thursday,13,Admin Office,4,53,1.742029979185251,24,0,0,25.652571399571716
2026-04-02,Thursday,16,Library Counter,5,70,1.6162525656820828,46,1,0,25.021915902693905
2026-04-27,Monday,12,Admin Office,1,94,6.055974755690752,66,1,1,568.1606789805984
2026-04-14,Tuesday,9,Library Counter,2,76,6.432338202046345,74,0,0,244.50095479904604
2026-02-06,Friday,10,Student Service Center,2,35,2.933929251092883,46,0,1,50.61245248674393
2026-06-21,Sunday,13,Admin Office,2,56,1.9630185755051732,32,0,0,58.340640188031415
2026-01-07,Wednesday,8,Library Counter,3,24,3.321028016972271,28,0,0,26.853312632233138
2026-02-15,Sunday,10,Fee Counter,2,83,2.184597411865637,70,1,0,92.39034574543706
2026-04-06,Monday,14,Cafeteria,2,55,1.7419025281688136,28,0,0,47.62846584796043
2026-04-03,Friday,12,Admin Office,3,101,7.0652068942337305,59,1,0,241.60119293983175
2026-01-04,Sunday,15,Cafeteria,3,26,3.694739971512581,15,1,0,34.849212747783795
2026-05-30,Saturday,17,Cafeteria,4,22,1.4083618650780032,13,0,0,12.486653717167385
2026-03-01,Sunday,14,Library Counter,5,36,4.613483229453786,12,0,0,32.815221259156786
2026-02-16,Monday,16,Cafeteria,3,60,1.0608441013956917,54,0,0,24.06372513634748
2026-04-22,Wednesday,17,Fee Counter,3,12,6.836330926314456,18,0,1,28.08223124309216
2026-03-02,Monday,12,Student Service Center,1,51,6.840182619949049,28,0,0,349.35350852696223
2026-06-17,Wednesday,14,Admin Office,3,99,4.07079709940175,78,0,0,131.73458094298638
2026-01-22,Thursday,13,Library Counter,1,56,3.26949834753006,36,0,0,186.15166601881594
2026-05-21,Thursday,13,Admin Office,1,98,4.090461418607734,76,0,0,402.83725808478675
2026-02-19,Thursday,10,Admin Office,2,82,7.930821290745355,76,0,0,323.8487871277589
2026-03-22,Sunday,17,Admin Office,2,28,3.6241112652529037,25,0,0,52.618603171409504
2026-01-30,Friday,11,Fee Counter,1,20,2.7003050912600735,21,0,0,54.290073095549744
2026-05-07,Thursday,9,Fee Counter,2,79,4.74651949242947,77,0,0,189.34678130817375
2026-01-25,Sunday,9,Cafeteria,2,21,2.4603104528695914,10,1,0,23.29931313379634
2026-02-05,Thursday,16,Admin Office,1,51,2.057701189103154,51,0,0,108.92498602694761
2026-06-07,Sunday,11,Cafeteria,1,61,1.0258865986076497,66,0,0,59.774166244958835
2026-04-27,Monday,12,Cafeteria,1,69,7.104078257471587,42,0,0,492.4283656833939
2026-05-13,Wednesday,16,Student Service Center,2,26,2.023858169239369,19,0,0,28.23131002356301
2026-02-12,Thursday,17,Library Counter,3,29,6.017413761683553,39,0,1,56.45404857897549
2026-06-15,Monday,17,Fee Counter,1,51,2.2996321572252683,30,1,0,117.94645923136393
2026-03-18,Wednesday,16,Cafeteria,5,48,6.223009595553002,24,1,0,64.6489334605281
2026-01-06,Tuesday,10,Fee Counter,3,64,5.4658166924436316,69,0,0,116.74566459597025
2026-03-13,Friday,11,Cafeteria,3,69,3.3700420757749816,67,0,0,79.73530299722457
2026-03-17,Tuesday,17,Fee Counter,3,28,6.182295315556991,29,0,0,62.59595492219166
2026-06-26,Friday,13,Cafeteria,4,85,4.665832039463954,60,1,1,99.77464507016288
2026-04-17,Friday,8,Cafeteria,2,63,6.74735990669112,62,0,0,210.3796957127269
2026-01-04,Sunday,15,Library Counter,2,30,6.096402453010802,44,0,1,95.01515185706285
2026-03-26,Thursday,14,Student Service Center,2,57,4.210683977215271,25,1,0,121.37128426529634
2026-06-24,Wednesday,17,Cafeteria,3,56,4.051729644172097,60,0,0,79.55839462835654
2026-04-20,Monday,9,Admin Office,3,40,7.469353599100806,32,0,0,97.22715052161726
2026-06-27,Saturday,13,Admin Office,2,63,5.753491542416663,47,0,0,185.14183280146335
2026-02-15,Sunday,12,Student Service Center,1,102,7.41192912116456,77,0,0,757.7156760617515
2026-04-30,Thursday,13,Admin Office,3,51,6.22997297562867,29,0,0,103.43735399503262
2026-04-05,Sunday,8,Admin Office,1,61,5.378927524799591,61,0,0,332.33673888706915
2026-01-03,Saturday,17,Library Counter,5,86,2.0511286177834154,79,0,0,34.40195948387601
2026-01-07,Wednesday,10,Student Service Center,5,64,2.8155278045767944,65,0,0,36.26525598613926
2026-02-28,Saturday,15,Admin Office,3,79,4.8159633463070355,75,0,0,127.44637576865918
2026-06-10,Wednesday,12,Fee Counter,1,93,7.617116103791361,51,1,0,711.1717207949199
2026-03-25,Wednesday,16,Fee Counter,1,64,7.862447937442987,69,0,0,501.9101247999039
2026-01-04,Sunday,9,Student Service Center,5,4,4.829104939411405,8,0,0,8.317437407606242
2026-05-14,Thursday,12,Library Counter,2,85,5.468250886684751,70,0,0,237.39000549836118
2026-02-01,Sunday,10,Library Counter,2,64,7.806781668007886,63,0,0,250.8270448021598
2026-03-11,Wednesday,10,Admin Office,4,48,4.587896329965097,48,0,0,59.004542113312546
2026-06-10,Wednesday,9,Library Counter,3,42,3.6145835134303574,47,0,0,52.43075822004185
2026-03-30,Monday,14,Library Counter,3,50,6.059253607586707,26,0,0,98.04296296417196
2026-01-22,Thursday,14,Library Counter,2,45,7.985600685277682,31,0,1,179.2163173467338
2026-03-22,Sunday,9,Fee Counter,2,61,3.283378844522269,51,1,0,103.71553067837002
2026-05-02,Saturday,9,Library Counter,3,46,6.953228236732364,47,0,0,108.58207061401379
2026-06-26,Friday,8,Fee Counter,2,41,4.437995640351958,24,1,0,93.75022637168037
2026-03-17,Tuesday,8,Cafeteria,3,57,7.59740108233583,55,0,0,144.22999365153797
2026-06-21,Sunday,13,Cafeteria,1,73,5.770847696159966,68,0,1,421.7268683698776
2026-01-01,Thursday,10,Admin Office,2,67,5.287439196406734,70,0,0,175.06522167532756
2026-01-06,Tuesday,14,Admin Office,1,30,1.217527888713681,9,0,0,39.039524420764145
2026-05-05,Tuesday,12,Cafeteria,2,84,1.125767207322375,45,1,0,48.43333541980742
2026-04-22,Wednesday,15,Admin Office,4,45,4.596652356760573,60,0,1,56.32438304753437
2026-05-30,Saturday,17,Fee Counter,1,30,5.407040845408747,32,0,0,160.4985605404971
2026-04-08,Wednesday,11,Student Service Center,4,10,5.497163731509085,10,0,0,15.366899249990666
2026-03-22,Sunday,10,Cafeteria,5,46,5.927080578877474,37,0,0,53.33879524543864
2026-03-22,Sunday,8,Fee Counter,5,69,2.086623904006438,49,1,0,32.342285886107355
2026-04-24,Friday,9,Admin Office,1,47,3.247307188936294,50,0,0,152.34113050904017
2026-04-22,Wednesday,16,Fee Counter,4,29,6.404540047266954,20,0,0,46.31114652274364
2026-02-02,Monday,12,Student Service Center,5,112,5.643972991665162,69,1,0,124.44636972971914
2026-01-10,Saturday,13,Library Counter,5,91,1.9224972336883046,62,0,0,39.49945225458916
2026-04-23,Thursday,10,Cafeteria,5,2,5.470818735771186,7,0,0,6.139633070488063
2026-04-04,Saturday,16,Library Counter,2,52,2.753164455259597,49,0,0,71.58470057380454
2026-05-28,Thursday,10,Cafeteria,4,53,4.832881761063263,36,1,0,62.31315669049212
2026-06-15,Monday,11,Library Counter,4,0,5.65774268270078,9,0,1,4.9609014117482975
2026-01-23,Friday,13,Library Counter,1,66,3.786735214888196,39,0,0,247.88572026472855
2026-03-08,Sunday,11,Library Counter,4,66,4.787502475490849,66,0,0,79.30681471443948
2026-02-18,Wednesday,9,Student Service Center,4,57,5.460913520287166,46,1,0,82.2074395999425
2026-04-01,Wednesday,10,Fee Counter,2,59,7.12553309118131,61,0,0,210.44703430611574
2026-01-03,Saturday,9,Cafeteria,3,73,5.505743187110243,69,0,0,131.47962022274336
2026-02-06,Friday,11,Admin Office,4,28,1.4121590908308006,28,0,0,11.731412463265478
2026-05-02,Saturday,17,Fee Counter,5,57,3.2532882356324158,50,0,0,40.88817901049844
2026-05-25,Monday,13,Student Service Center,5,51,7.648901430725565,27,0,0,77.7775767793929
2026-03-15,Sunday,14,Cafeteria,3,40,7.546183258994024,13,0,0,99.91817883009985
2026-03-04,Wednesday,17,Student Service Center,1,12,1.8656365682161105,5,0,0,24.61319849360786
2026-05-30,Saturday,11,Cafeteria,1,66,3.531350321998556,57,0,0,237.68662769612513
2026-05-20,Wednesday,12,Library Counter,4,83,7.951058938311326,65,0,0,166.41940698377118
2026-06-25,Thursday,15,Library Counter,3,87,7.703089006074404,77,1,0,223.14862981191268
2026-01-01,Thursday,16,Cafeteria,3,45,1.5897489683518957,32,1,0,27.506121178047138
2026-03-29,Sunday,10,Cafeteria,1,17,3.4399585886587385,20,0,0,56.69839213225261
2026-04-02,Thursday,11,Admin Office,2,25,7.560324442949254,24,0,0,96.8256823988862
2026-01-08,Thursday,9,Cafeteria,5,23,3.073949743740443,28,0,0,11.236735243803912
2026-04-28,Tuesday,9,Fee Counter,2,69,4.118649815972791,68,0,0,142.28263276647374
2026-01-12,Monday,15,Cafeteria,5,41,1.1367110880309617,41,0,0,12.739126567982206
2026-02-06,Friday,15,Cafeteria,1,38,3.248892719520055,20,1,0,126.52217636909323
2026-05-06,Wednesday,17,Student Service Center,2,95,2.767831828516817,79,1,0,132.10852711012026
2026-05-28,Thursday,17,Admin Office,3,31,2.422982113030154,22,0,0,28.26151031461942
2026-06-16,Tuesday,9,Fee Counter,3,93,3.0075555231775355,71,1,0,91.08416044367274
2026-06-25,Thursday,11,Cafeteria,5,16,6.967913151627855,12,0,0,26.28073451394094
2026-01-14,Wednesday,15,Library Counter,2,46,1.0832998360881663,49,0,1,24.967878105521084
2026-02-17,Tuesday,9,Student Service Center,3,35,2.7738886643233083,17,1,0,31.058978064713543
2026-06-06,Saturday,13,Cafeteria,2,86,5.352475746253807,51,1,0,231.650086826713
2026-01-26,Monday,9,Student Service Center,1,74,1.6500758180612425,70,0,0,124.99569914461718
2026-04-08,Wednesday,12,Cafeteria,3,30,2.9257742974889425,9,0,0,27.64668997718608
2026-01-09,Friday,10,Cafeteria,3,24,1.043948817825191,17,0,0,7.606346531852337
2026-03-23,Monday,14,Library Counter,2,58,1.8953832084701934,36,0,0,54.40358608513587
2026-01-20,Tuesday,12,Fee Counter,5,26,4.113269712354984,7,0,0,24.13162587907297
2026-05-07,Thursday,8,Library Counter,4,71,4.3633805407429636,62,0,0,76.14098621925363
2026-05-16,Saturday,8,Student Service Center,1,40,1.1334161760215942,31,0,0,44.828747631978
2026-05-19,Tuesday,16,Library Counter,4,74,1.3560439811692873,77,0,0,28.890351419471127
2026-03-09,Monday,17,Admin Office,2,42,1.859590525939416,47,0,0,43.271526741688966
2026-02-05,Thursday,15,Cafeteria,2,33,2.599943741844542,33,0,0,45.64142765564344
2026-02-26,Thursday,14,Admin Office,1,82,6.72552415314186,50,1,0,556.2450938537529
2026-03-26,Thursday,14,Fee Counter,5,61,3.76653508115268,55,0,1,45.80668052663081
2026-03-25,Wednesday,10,Admin Office,5,58,1.6981531806681285,49,0,0,24.382926228777478
2026-03-13,Friday,12,Fee Counter,5,72,2.5515988526022695,47,0,0,38.423249078326954
2026-03-31,Tuesday,11,Cafeteria,5,53,7.604340694427798,47,0,0,80.06710393566367
2026-01-17,Saturday,11,Library Counter,1,66,3.618805573938958,58,0,0,239.67939402244306
2026-06-08,Monday,14,Library Counter,3,70,7.962893935294961,54,0,0,185.46342350532836
2026-04-08,Wednesday,8,Fee Counter,4,74,7.763720436115218,52,1,0,143.78496564480383
2026-02-21,Saturday,16,Library Counter,3,73,3.743768987521823,65,0,0,89.41353551482986
2026-03-17,Tuesday,14,Student Service Center,4,70,1.6500747947034178,45,0,0,33.12459005947148
2026-04-20,Monday,15,Admin Office,4,14,2.0563449206895488,7,0,0,5.336659981705408
2026-03-06,Friday,12,Student Service Center,1,104,3.6123502594293644,79,0,0,378.2950270266089
2026-04-28,Tuesday,10,Fee Counter,1,64,4.79086957082793,56,0,0,307.86537822714683
2026-02-24,Tuesday,8,Library Counter,2,76,1.5137228215683698,73,0,0,56.19270219908341
2026-04-12,Sunday,10,Admin Office,4,67,2.4037541693560147,64,0,0,45.20591941829447
2026-04-25,Saturday,10,Student Service Center,4,9,1.16100505091042,13,0,0,1.1279823427546667
2026-05-01,Friday,16,Cafeteria,3,28,1.1591382794594858,20,0,0,9.65052113681078
2026-03-06,Friday,10,Admin Office,5,24,2.6303916933220854,7,1,0,14.217642967231546
2026-03-14,Saturday,8,Admin Office,1,10,5.590235384171774,14,0,0,55.54027009935759
2026-02-08,Sunday,17,Fee Counter,3,57,1.852190923463688,48,0,0,38.383317384567185
2026-05-12,Tuesday,12,Cafeteria,5,73,4.171762830315952,54,0,0,61.607684699767965
2026-04-03,Friday,17,Student Service Center,4,64,7.970447658434547,57,0,0,125.88790113039971
2026-03-25,Wednesday,13,Student Service Center,4,86,6.423756886225339,70,0,0,137.50846770783002
2026-02-17,Tuesday,13,Library Counter,5,21,7.948147274042107,5,0,0,33.73611592099056
2026-03-19,Thursday,10,Library Counter,5,76,3.5773568786525125,73,0,0,57.75405808968366
2026-04-05,Sunday,13,Fee Counter,5,27,5.140317595518953,12,0,0,29.379215330861207
2026-06-28,Sunday,17,Fee Counter,1,50,2.0988051355473853,60,0,1,109.09831435231531
2026-03-05,Thursday,10,Cafeteria,4,28,5.490087369239178,29,0,0,35.83512144011168
2026-05-31,Sunday,17,Cafeteria,2,31,4.9250586735602235,30,0,0,74.20565310396302
2026-03-01,Sunday,12,Student Service Center,1,43,2.130507453912937,16,0,0,89.89397389980944
2026-03-31,Tuesday,12,Library Counter,2,49,6.137134484419072,13,1,0,147.7722829119118
2026-03-24,Tuesday,8,Student Service Center,5,74,7.372511210462983,67,0,0,113.78559489609835
2026-02-04,Wednesday,12,Admin Office,4,66,5.3846035933552825,30,1,0,89.90186438356938
2026-06-09,Tuesday,8,Fee Counter,1,72,2.046891202127076,66,0,0,149.41887994264627
2026-05-08,Friday,17,Admin Office,1,9,2.220258102472454,11,0,0,23.918107466844667
2026-06-21,Sunday,13,Library Counter,1,25,3.384139855460683,8,0,0,85.8096532516008
2026-05-30,Saturday,12,Fee Counter,4,85,4.810418475083953,61,0,0,104.78079306098073
2026-03-31,Tuesday,11,Library Counter,4,65,1.1265533092822224,59,0,0,16.66643639347341
2026-04-22,Wednesday,8,Admin Office,1,25,4.537018585680532,25,0,0,114.23633505255296
2026-03-10,Tuesday,8,Fee Counter,1,37,4.890427713257193,35,0,0,178.93069090656536
2026-05-01,Friday,9,Admin Office,3,67,4.143416956878471,75,0,1,92.8045369289483
2026-05-17,Sunday,10,Library Counter,5,31,7.9078346761270195,29,0,0,52.87967294935604
2026-02-22,Sunday,8,Admin Office,1,81,3.780941282400204,76,0,0,310.68436099375634
2026-01-31,Saturday,8,Fee Counter,1,57,3.766907645757617,53,0,0,212.22721795056722
2026-01-27,Tuesday,12,Cafeteria,3,44,4.647324230133773,18,0,0,66.41147477832544
2026-02-21,Saturday,17,Cafeteria,4,25,1.61608841422846,23,0,0,10.957035041762191
2026-05-06,Wednesday,12,Cafeteria,3,46,3.348911464672828,25,0,0,49.27581063030155
2026-03-14,Saturday,10,Cafeteria,4,84,5.418355093607756,78,0,0,114.24076450216128
2026-05-24,Sunday,8,Fee Counter,3,36,5.927971618581849,36,0,0,71.3374288459798
2026-06-06,Saturday,13,Cafeteria,1,77,1.2090575145344993,51,0,0,95.88598545793684
2026-04-25,Saturday,10,Fee Counter,1,30,5.830638752537649,23,0,0,176.8900522499458
2026-03-14,Saturday,17,Student Service Center,1,72,4.402485780469373,73,0,0,320.8164712062597
2026-06-21,Sunday,11,Cafeteria,5,12,6.072201603384178,6,0,0,19.118832098717974
2026-03-27,Friday,12,Cafeteria,3,54,1.669131269256599,35,0,1,32.17374288963344
2026-01-28,Wednesday,15,Admin Office,3,81,1.2157054199111355,78,0,0,31.028795141824443
2026-04-21,Tuesday,15,Library Counter,1,38,1.7199704760568117,43,0,0,66.63896348968866
2026-02-09,Monday,15,Student Service Center,1,80,6.9810065308221905,59,1,0,560.1667600146227
2026-01-07,Wednesday,12,Admin Office,3,62,4.915653214292531,46,0,0,105.9541587374232
2026-02-14,Saturday,12,Admin Office,4,43,6.219354227471385,26,0,0,67.18602280320422
2026-06-08,Monday,10,Fee Counter,2,51,7.645540581554228,40,1,0,199.1156081507433
2026-04-24,Friday,14,Admin Office,1,80,2.66111856323354,61,0,0,210.69953482988947
2026-04-09,Thursday,13,Admin Office,1,101,7.726487987032275,79,0,0,779.4735621887601
2026-05-20,Wednesday,8,Library Counter,2,52,7.307858841701449,45,0,0,194.4461082581984
2026-04-06,Monday,10,Fee Counter,2,20,2.4066655390241234,13,0,0,22.604825528667956
2026-01-23,Friday,17,Cafeteria,5,24,7.419796415705427,19,0,0,37.407041730098406
2026-01-29,Thursday,16,Library Counter,2,66,2.259985742737876,60,0,0,75.87373327388985
2026-03-11,Wednesday,15,Cafeteria,1,40,2.018192672327156,32,0,0,81.47612831736865
2026-01-04,Sunday,10,Student Service Center,4,62,7.675845760728238,63,0,0,120.62479429850708
2026-05-17,Sunday,16,Library Counter,2,37,1.826193656828083,37,0,0,33.69236416326721
2026-04-18,Saturday,11,Admin Office,5,42,2.7658750996512116,31,1,0,26.784972435166534
2026-05-14,Thursday,13,Fee Counter,1,80,2.512503147802844,43,1,0,205.638206116087
2026-04-08,Wednesday,12,Library Counter,5,86,3.030654762999096,71,0,0,56.86701264345066
2026-06-26,Friday,14,Cafeteria,2,87,3.0220585030717912,59,0,0,132.86389214292717
2026-06-29,Monday,9,Fee Counter,5,77,2.7384122468865173,66,1,0,42.89287869818005
2026-03-25,Wednesday,14,Cafeteria,5,37,1.7431536602140127,13,0,0,10.13432375719578
2026-06-28,Sunday,10,Library Counter,1,81,2.492657403490058,79,0,0,206.06308563459703
2026-02-16,Monday,13,Admin Office,4,60,7.681012910721731,37,0,0,116.73392978950812
2026-06-19,Friday,13,Student Service Center,3,65,3.588957767374712,48,0,0,81.44354675160477
2026-05-20,Wednesday,8,Student Service Center,4,25,5.658568274853883,29,0,0,34.9229031843526
2026-04-04,Saturday,16,Library Counter,3,79,6.550431498181468,77,0,0,170.64520166418217
2026-01-03,Saturday,8,Admin Office,1,33,4.407078097033164,17,1,0,148.37949802355476
2026-04-12,Sunday,13,Library Counter,5,61,2.0423510090499075,38,0,0,21.97339861026989
2026-06-14,Sunday,17,Fee Counter,2,51,7.0907813453082,42,0,0,184.32744976170073
2026-06-25,Thursday,17,Fee Counter,2,58,2.20666528968561,57,0,0,66.26920701164228
2026-06-19,Friday,10,Admin Office,3,23,4.701276110654472,17,0,0,35.588398006391444
2026-01-24,Saturday,11,Admin Office,4,46,4.85688553738772,34,1,0,58.064455447059935
2026-04-12,Sunday,8,Fee Counter,3,72,3.981870577405741,76,0,0,93.14287849410483
2026-05-24,Sunday,16,Cafeteria,4,23,6.379580286484056,14,0,0,37.28177947149993
2026-06-25,Thursday,14,Admin Office,2,61,5.703726263013319,42,0,0,172.13086197958648
2026-01-23,Friday,11,Student Service Center,5,13,6.36548291471738,12,0,0,20.05477745566678
2026-06-06,Saturday,15,Fee Counter,4,53,2.8832859396813206,49,0,0,38.64674567393773
2026-03-14,Saturday,12,Admin Office,2,58,3.4060633851025446,18,1,0,96.87070277092307
2026-03-08,Sunday,17,Student Service Center,4,56,5.598239436636869,60,0,1,82.15624331045407
2026-04-15,Wednesday,17,Cafeteria,5,26,1.1752539826086683,26,0,0,7.88896984317426
2026-05-05,Tuesday,13,Admin Office,1,73,1.5940130235864527,50,0,0,119.9019879652944
2026-04-13,Monday,12,Student Service Center,1,59,5.720758883678494,40,0,1,335.7045077914295
2026-01-24,Saturday,16,Library Counter,3,57,3.3760894039580363,70,0,1,62.35954025314433
2026-06-24,Wednesday,14,Admin Office,5,48,2.66226782704185,22,0,0,28.924375290626894
2026-03-05,Thursday,15,Library Counter,5,80,3.565866784426451,76,1,1,61.156929764812126
2026-02-12,Thursday,8,Student Service Center,1,40,2.684427972972556,45,0,0,105.49982533480777
2026-06-28,Sunday,13,Library Counter,2,50,5.741516989539871,33,0,1,141.5300327096291
2026-03-30,Monday,14,Admin Office,5,38,6.508243876071898,10,0,0,48.39761186704405
2026-05-03,Sunday,17,Admin Office,3,70,5.889688030083441,66,0,0,139.18211675415105
2026-03-29,Sunday,9,Cafeteria,4,18,1.001058332105102,13,0,0,7.421535331219843
2026-02-22,Sunday,11,Admin Office,2,27,4.858370114135859,27,0,0,63.618516375357565
2026-05-20,Wednesday,16,Library Counter,5,16,5.4368974049035135,7,0,0,19.19966818237799
2026-01-23,Friday,14,Cafeteria,5,56,1.7689732735774095,26,1,0,23.57213352123661
2026-01-09,Friday,15,Library Counter,1,22,5.417072757757395,35,0,1,119.95611020904127
2026-01-10,Saturday,10,Admin Office,3,68,4.5309801832354575,72,0,1,106.06292536803129
2026-05-01,Friday,9,Fee Counter,3,11,2.9388651889049573,15,0,1,8.157570941254896
2026-01-06,Tuesday,17,Cafeteria,3,76,6.000729611542726,77,0,0,153.2748909869302
2026-03-03,Tuesday,12,Library Counter,5,58,4.2294446028133015,27,1,0,47.53049288522198
2026-04-23,Thursday,8,Cafeteria,4,13,5.778017793277464,7,0,0,22.644615805700248
2026-01-12,Monday,9,Fee Counter,1,13,4.202052859973101,15,0,0,54.99675341237129
2026-01-15,Thursday,13,Cafeteria,2,78,4.364994522902726,55,0,0,171.91704535116776
2026-01-12,Monday,16,Fee Counter,1,38,4.225271699469233,39,0,1,163.02886721253594
2026-05-19,Tuesday,13,Library Counter,1,71,3.852287198312341,49,0,0,271.72065908038985
2026-02-08,Sunday,10,Admin Office,5,77,5.957922159535346,71,0,0,93.28040130222402
2026-06-20,Saturday,17,Admin Office,2,25,2.7263437901072876,19,0,0,36.44017945224717
2026-03-06,Friday,16,Fee Counter,5,20,1.6730586097927809,18,0,0,7.659521126017669
2026-01-27,Tuesday,12,Library Counter,2,107,7.68171956868139,67,1,0,411.0004213629966
2026-04-08,Wednesday,16,Student Service Center,5,29,2.112158950038813,9,1,0,17.1890377926802
2026-03-18,Wednesday,13,Library Counter,5,39,5.2960968305758165,13,1,1,38.68489888613537
2026-06-02,Tuesday,17,Library Counter,4,44,2.1792047803503674,38,0,0,26.24819054826255
2026-02-05,Thursday,13,Fee Counter,5,25,7.355199745525051,7,0,0,40.0601935813679
2026-05-31,Sunday,13,Cafeteria,2,96,7.641685958644084,55,1,0,364.3747674662151
2026-06-07,Sunday,13,Library Counter,1,51,5.193913158861971,31,0,0,263.90288276522057
2026-06-11,Thursday,11,Student Service Center,4,7,6.194585926007459,14,0,1,15.676695341108687
2026-06-06,Saturday,9,Fee Counter,3,58,6.794390745084529,55,0,0,130.09023121737187
2026-04-11,Saturday,16,Admin Office,5,53,2.8197623951270767,53,0,0,27.940404012953316
2026-01-27,Tuesday,11,Library Counter,3,33,7.692615032731786,33,0,0,89.01465242798884
2026-02-27,Friday,10,Library Counter,2,53,5.536567857928444,49,0,0,143.86207865375175
2026-05-04,Monday,12,Cafeteria,4,66,6.74383042904129,54,0,1,110.40435877351213
2026-02-01,Sunday,9,Student Service Center,5,51,1.4903744006655564,48,0,0,15.399893876491127
2026-05-05,Tuesday,13,Cafeteria,2,77,5.171276986861837,35,1,0,201.33867416510282
2026-04-15,Wednesday,11,Fee Counter,4,63,7.294546116078766,66,0,0,119.67228479286086
2026-05-07,Thursday,8,Student Service Center,5,38,6.409503013253618,40,0,0,50.745812740059534
2026-03-23,Monday,13,Cafeteria,2,42,4.786749878899764,17,0,0,98.3115347354433
2026-01-08,Thursday,11,Library Counter,2,59,3.5873613623369685,55,0,0,110.74665694444215
2026-06-07,Sunday,10,Student Service Center,4,30,2.8032191311880013,29,0,0,18.828812351051525
2026-03-31,Tuesday,11,Library Counter,4,27,3.6350415878237676,31,0,0,25.1293050348015
2026-04-17,Friday,15,Student Service Center,1,74,2.382952646874469,78,0,0,178.33109564040336
2026-04-24,Friday,13,Cafeteria,4,79,3.3282725429238944,62,0,0,70.60756129465183
2026-03-24,Tuesday,16,Cafeteria,1,64,6.017597945401067,53,1,0,385.6285652761191
2026-02-02,Monday,10,Library Counter,2,63,6.847666334249149,63,0,0,220.18370974395725
2026-01-17,Saturday,12,Library Counter,5,63,7.77955944738711,24,1,0,98.58768109815787
2026-03-01,Sunday,15,Student Service Center,2,81,3.1679397677972485,71,1,0,125.90391700643212
2026-04-11,Saturday,16,Admin Office,4,6,3.916396964539938,5,0,0,6.632456103076361
2026-04-04,Saturday,11,Fee Counter,4,5,7.890915429296006,10,0,0,12.03917684307097
2026-05-21,Thursday,10,Student Service Center,1,49,7.957936990348234,49,0,0,393.10045286515026
2026-03-16,Monday,14,Admin Office,5,71,3.4653348114228364,40,1,0,48.9210259237471
2026-01-02,Friday,14,Cafeteria,2,86,4.6450825151764,62,0,0,198.79369397939234
2026-03-05,Thursday,15,Admin Office,1,14,5.829329810228197,11,0,0,79.16494314266428
2026-04-26,Sunday,17,Admin Office,5,43,6.254064319006169,35,0,0,54.77126405203681
2026-06-05,Friday,13,Cafeteria,5,53,6.740099745800421,20,1,0,75.45137198985151
2026-03-26,Thursday,15,Library Counter,3,50,3.678640221421923,48,0,0,60.766291519475445
2026-03-05,Thursday,17,Admin Office,1,13,4.105712344180831,13,0,0,57.59449593796742
2026-05-01,Friday,13,Library Counter,2,51,3.126739006033499,34,0,0,76.94978410309481
2026-01-03,Saturday,10,Student Service Center,3,55,3.4351289430093597,47,0,0,61.24061990943669
2026-04-30,Thursday,9,Fee Counter,5,34,7.766791385079976,49,0,1,56.740309844316066
2026-05-13,Wednesday,17,Admin Office,5,24,2.840771678130777,9,1,0,13.288824624893206
2026-03-15,Sunday,16,Fee Counter,1,60,4.038151789308609,64,0,0,243.84370796941687
2026-04-27,Monday,14,Library Counter,3,48,7.125843943024326,30,0,0,113.15085751028532
2026-02-06,Friday,10,Fee Counter,5,77,6.321390315930071,69,0,0,98.17881650835477
2026-05-26,Tuesday,16,Student Service Center,1,27,6.60081196870331,29,0,0,177.52885160800417
2026-02-25,Wednesday,9,Admin Office,4,24,3.798937387651988,29,0,0,27.102326293131522
2026-05-09,Saturday,10,Student Service Center,2,27,2.60170951897273,24,0,0,38.58353240246511
2026-06-03,Wednesday,17,Student Service Center,5,21,6.876134717736365,16,0,0,28.985186145214367
2026-01-16,Friday,8,Library Counter,4,4,5.48324661138293,7,0,0,5.8218530906212775
2026-02-14,Saturday,15,Library Counter,5,49,1.699395656285162,53,0,0,20.634864495254497
2026-06-11,Thursday,17,Library Counter,3,73,6.114151991120727,72,0,0,147.1000342603528
2026-03-28,Saturday,10,Library Counter,3,34,1.0885847096420966,32,0,0,11.730646736020422
2026-05-16,Saturday,15,Fee Counter,1,65,3.790255443091381,43,1,0,246.47600164328804
2026-06-13,Saturday,8,Student Service Center,3,78,7.424634185895402,75,0,0,192.99987178027246
2026-03-19,Thursday,8,Fee Counter,4,83,3.3971927495336542,77,0,0,68.75329040892312
2026-01-22,Thursday,16,Student Service Center,4,17,6.702600385319473,24,0,1,27.698164720620603
2026-02-06,Friday,16,Student Service Center,4,36,4.5055690291458355,16,1,0,45.044716082208296
2026-04-18,Saturday,9,Student Service Center,3,18,7.195453284652858,19,0,1,41.36326997709755
2026-01-10,Saturday,9,Student Service Center,5,53,4.3088354683805985,37,1,0,46.74140116208089
2026-02-06,Friday,13,Student Service Center,4,38,2.3568496294629533,7,1,0,23.97287557491499
2026-06-09,Tuesday,17,Fee Counter,5,76,3.8999634705856243,73,0,0,60.56680840011726
2026-01-01,Thursday,16,Admin Office,1,37,3.522090642537975,44,0,1,131.08237267400315
2026-06-23,Tuesday,15,Admin Office,1,24,3.7082397250080104,21,0,0,93.86899935234977
2026-05-26,Tuesday,12,Library Counter,4,30,2.6279541925653787,14,0,0,19.59379341409957
2026-04-12,Sunday,15,Student Service Center,1,15,4.908340371589399,10,0,0,76.23653923287453
2026-04-28,Tuesday,10,Fee Counter,3,78,1.929561862550405,71,0,0,52.69587083923369
2026-01-30,Friday,11,Student Service Center,2,53,5.714889026103926,41,1,0,151.65155129310855
2026-04-18,Saturday,12,Cafeteria,3,100,1.7823816532469159,77,0,0,63.604576134020306
2026-05-28,Thursday,14,Cafeteria,5,84,5.136527663232268,56,0,0,87.24047171736609
2026-06-11,Thursday,8,Admin Office,2,81,1.025994329176969,60,1,0,44.834341830924615
2026-02-20,Friday,14,Student Service Center,5,46,4.9680235776018815,29,0,0,49.58635846034063
2026-05-31,Sunday,15,Student Service Center,5,56,5.089858089028009,54,0,0,57.785554777351365
2026-01-02,Friday,16,Admin Office,4,78,2.293023752134762,74,0,0,44.65108484070346
2026-06-23,Tuesday,9,Fee Counter,1,10,7.677646421453322,6,0,0,81.44688273153595
2026-04-10,Friday,9,Library Counter,2,62,4.032082193723635,58,0,0,125.51977426101755
2026-03-07,Saturday,15,Fee Counter,2,33,5.1299758871874666,37,0,0,81.82016550734622
2026-01-27,Tuesday,15,Fee Counter,4,54,2.429208821889003,59,0,1,33.10056370032867
2026-05-24,Sunday,15,Student Service Center,1,28,2.0628653363865923,27,0,0,56.89124428284293
2026-04-19,Sunday,9,Admin Office,3,10,7.504004864197606,14,0,0,22.055794857657013
2026-01-25,Sunday,16,Admin Office,2,50,1.0457973163522323,50,0,0,27.643177732184327
2026-03-01,Sunday,15,Admin Office,4,63,5.396598301818412,54,0,0,89.0250103010016
2026-03-11,Wednesday,9,Student Service Center,4,22,3.5029710954630975,25,0,0,18.485536932763495
2026-04-29,Wednesday,11,Library Counter,4,63,3.1332834476299634,61,0,0,48.72906628176188
2026-06-01,Monday,11,Cafeteria,5,43,3.46393089957665,44,0,0,28.91264482491881
2026-01-11,Sunday,17,Fee Counter,4,23,3.4360290309823016,14,0,0,21.904439637111054
2026-05-31,Sunday,10,Admin Office,2,18,1.152719593777357,20,0,0,11.962365001123075
2026-05-27,Wednesday,15,Fee Counter,2,75,4.110746144151988,78,0,0,156.99021855432224
2026-04-07,Tuesday,12,Student Service Center,3,100,6.537833871895999,68,1,0,221.79293437280938
2026-01-08,Thursday,17,Library Counter,5,15,3.798819318099028,13,0,0,14.310978868616631
2026-02-06,Friday,9,Admin Office,4,56,1.861603297982332,48,0,0,25.34359637484909
2026-01-18,Sunday,15,Student Service Center,1,19,5.101694141220974,14,0,0,94.54604541802048
2026-03-21,Saturday,12,Library Counter,3,34,1.7969595059282524,14,0,0,20.054770889416332
2026-02-01,Sunday,17,Cafeteria,1,21,6.603435557995445,20,0,0,142.25006894613358
2026-03-04,Wednesday,12,Fee Counter,1,33,4.0101277437093845,9,0,0,131.49935784461772
2026-03-09,Monday,10,Admin Office,3,68,4.81573622676224,73,0,0,106.44933074236943
2026-05-06,Wednesday,10,Library Counter,1,66,6.243346808233843,68,0,0,413.51397729373446
2026-06-17,Wednesday,9,Library Counter,4,16,1.741123954256835,28,0,1,8.542504941454327
2026-05-15,Friday,8,Student Service Center,2,58,6.764768008935015,62,0,0,193.2450537031828
2026-06-26,Friday,15,Fee Counter,3,84,5.873770404843034,79,0,0,165.78668983869656
2026-01-22,Thursday,13,Library Counter,3,68,6.2885377754897025,53,0,0,147.28604885161792
2026-01-15,Thursday,13,Admin Office,3,79,7.115591273973724,60,0,0,187.47664591456314
2026-05-20,Wednesday,8,Library Counter,5,54,4.2562079908682655,59,0,0,48.05468102417328
2026-03-10,Tuesday,9,Library Counter,5,53,3.7138202516733587,54,0,0,38.173899384403
2026-04-26,Sunday,17,Student Service Center,1,28,2.137005657891014,22,1,1,57.94531540382788
2026-05-16,Saturday,9,Admin Office,5,45,7.25778872250731,34,1,0,69.90712506650752
2026-02-01,Sunday,8,Cafeteria,1,51,5.145008952673585,44,0,0,259.39855754670714
2026-01-31,Saturday,11,Admin Office,2,95,1.6647332140324562,74,1,0,81.93733323008465
2026-05-29,Friday,14,Student Service Center,3,100,3.165078715945821,74,0,0,108.74321042264738
2026-02-22,Sunday,9,Admin Office,1,71,7.26165628586472,73,0,0,514.2514905657712
2026-01-24,Saturday,11,Fee Counter,3,17,1.1388095629558157,13,0,0,9.387292792463299
2026-04-17,Friday,13,Library Counter,2,94,1.0067897731703725,51,1,0,51.197770746069544
2026-06-13,Saturday,17,Fee Counter,5,50,3.9245368840159833,44,0,0,43.64598923020975
2026-02-06,Friday,9,Admin Office,2,39,3.7973584399216964,41,0,0,73.11552710054303
2026-05-08,Friday,9,Student Service Center,4,52,6.423038561461207,44,0,0,86.89617445519714
2026-05-17,Sunday,8,Cafeteria,5,9,2.2498839026312343,8,0,0,2.594643910652983
2026-03-14,Saturday,10,Cafeteria,3,37,3.1826750723961776,23,1,0,38.52566222600568
2026-05-22,Friday,13,Student Service Center,4,86,4.440298958570942,60,0,0,92.73714137868984
2026-04-06,Monday,12,Fee Counter,4,29,1.7199294734393025,8,0,0,12.174339716598322
2026-06-01,Monday,15,Library Counter,3,66,1.6549866799226982,65,0,0,34.19992647068251
2026-01-17,Saturday,16,Admin Office,3,69,4.089962607073862,46,1,0,92.38172566197439
2026-02-28,Saturday,16,Fee Counter,4,35,5.2708806428817425,33,0,0,47.35005631836588
2026-02-15,Sunday,8,Student Service Center,4,27,1.8740193075603848,26,0,0,11.931679845871793
2026-05-22,Friday,8,Cafeteria,4,7,5.64779993528019,6,0,0,7.987074733874088
2026-05-22,Friday,9,Library Counter,5,26,7.134551977915475,31,0,0,37.01308157219085
2026-01-01,Thursday,13,Cafeteria,4,76,6.359894070813597,34,1,0,119.78236835136495
2026-01-13,Tuesday,14,Fee Counter,1,45,4.73743692400831,29,0,1,211.51318986770914
2026-03-13,Friday,11,Cafeteria,3,30,7.242962872776172,35,0,0,71.76055517337903
2026-04-03,Friday,17,Admin Office,3,46,3.203375777264064,39,0,0,47.73819438533337
2026-02-15,Sunday,14,Library Counter,1,56,2.9382133185158814,35,0,0,168.3059540399876
2026-01-08,Thursday,11,Library Counter,1,32,6.316404346881536,25,0,0,200.8647484596762
2026-05-08,Friday,16,Student Service Center,1,32,1.1571897673906162,26,1,1,35.17167395323721
2026-02-03,Tuesday,8,Library Counter,2,57,2.567461694773787,51,0,0,74.66598136007032
2026-01-18,Sunday,17,Admin Office,4,50,4.653086734057631,55,0,0,56.62261123645658
2026-01-29,Thursday,12,Admin Office,5,35,7.956901037324258,20,0,0,55.21750903317174
2026-02-21,Saturday,16,Fee Counter,5,76,5.667085981859841,72,0,0,89.30485610042487
2026-04-28,Tuesday,15,Student Service Center,3,54,3.8115192442341006,52,0,0,69.65685263737457
2026-01-02,Friday,8,Admin Office,2,28,1.120199581422758,24,0,0,14.075945623537848
2026-03-01,Sunday,9,Student Service Center,3,46,7.465961914234169,25,1,0,114.47873863711158
2026-01-17,Saturday,8,Admin Office,2,33,3.4067078587688386,28,0,0,54.87484528697494
2026-04-26,Sunday,16,Admin Office,2,10,7.014373483083739,15,0,0,32.84950733283272
2026-01-08,Thursday,9,Cafeteria,2,15,2.30827707702882,9,0,0,20.72381524742676
2026-06-07,Sunday,11,Cafeteria,4,21,2.670598693894937,20,0,0,12.975547042981422
2026-06-03,Wednesday,16,Student Service Center,2,5,5.603049200175278,20,0,1,13.899498551805408
2026-02-12,Thursday,12,Cafeteria,1,76,4.671986289904924,39,1,0,353.3647938345308
2026-03-19,Thursday,13,Cafeteria,3,101,7.596243190832441,79,0,0,255.11809829906989
2026-05-21,Thursday,8,Student Service Center,5,39,6.574735215414755,39,0,0,52.574522222759775
2026-02-11,Wednesday,14,Cafeteria,5,81,3.7658385152329457,57,0,0,61.41103421452622
2026-03-25,Wednesday,12,Student Service Center,3,73,3.7619394077626076,35,1,0,93.55088868896618
2026-06-16,Tuesday,10,Cafeteria,1,68,1.6843193280446709,50,1,0,119.1993034494472
2026-02-08,Sunday,10,Cafeteria,1,37,7.819025512559341,17,1,0,291.67224760283364
2026-03-28,Saturday,16,Student Service Center,2,2,3.477260666422966,17,0,1,7.9886681506949975
2026-03-13,Friday,9,Fee Counter,1,38,3.576950654907143,42,0,0,135.6007614474773
2026-06-09,Tuesday,15,Admin Office,2,49,1.7187024210768742,52,0,0,46.855956357761485
2026-02-03,Tuesday,16,Student Service Center,3,46,6.093877462408827,47,0,0,97.50380011407835
2026-04-08,Wednesday,14,Cafeteria,4,78,5.742772336184772,37,1,0,114.40468040018645
2026-04-20,Monday,10,Admin Office,1,52,1.1724205406906916,42,1,1,64.77581400346398
2026-05-02,Saturday,8,Fee Counter,1,68,1.8347558341443273,47,1,0,129.47352872788653
2026-02-11,Wednesday,12,Fee Counter,3,89,4.175763994353506,73,0,0,126.66707956586997
2026-02-15,Sunday,14,Cafeteria,1,63,4.592504710030811,34,0,0,290.96005210787115
2026-02-14,Saturday,15,Student Service Center,1,54,6.0115651454722006,46,0,0,325.65447582233736
2026-06-26,Friday,17,Library Counter,1,23,2.455641870470327,9,1,0,61.46453160969351
2026-05-04,Monday,10,Library Counter,4,40,1.899012912672433,38,0,0,17.103026836332056
2026-06-01,Monday,9,Fee Counter,3,71,1.5038945491887876,63,0,0,38.67113214031303
2026-01-26,Monday,16,Cafeteria,3,40,3.964756685945564,34,0,0,51.07111997575993
2026-01-28,Wednesday,8,Cafeteria,2,20,4.309350111447732,30,0,1,47.215285664802565
2026-03-20,Friday,17,Student Service Center,1,65,6.624528181276576,43,1,0,432.1271058641546
2026-04-01,Wednesday,16,Student Service Center,3,28,5.391196856255363,43,0,1,54.507061451710726
2026-02-11,Wednesday,9,Admin Office,3,44,4.398827173634122,43,0,0,62.34898725825417
2026-04-07,Tuesday,17,Admin Office,1,68,2.6359529794894563,55,1,0,180.8420147754866
2026-04-13,Monday,9,Fee Counter,5,77,5.797974228274946,78,0,0,87.16970193440545
2026-03-09,Monday,9,Cafeteria,5,36,6.844478291701744,39,0,0,47.71641507020065
2026-06-16,Tuesday,8,Library Counter,1,61,7.515971344216903,49,1,0,459.1881462724893
2026-03-08,Sunday,16,Fee Counter,3,54,5.912336561358858,50,0,0,107.26635938366695
2026-06-03,Wednesday,17,Cafeteria,4,9,5.348629173171045,9,0,0,12.225062484792169
2026-05-13,Wednesday,15,Admin Office,1,67,7.078478582435424,60,0,0,472.03560374943214
2026-03-03,Tuesday,14,Fee Counter,2,32,5.972956786466343,15,0,0,99.29806808794262
2026-01-30,Friday,17,Student Service Center,1,48,2.4747113439517534,43,0,0,117.49377897394359
2026-03-06,Friday,12,Cafeteria,5,33,2.7594237226147165,10,0,0,18.417001841756
2026-03-27,Friday,10,Student Service Center,4,16,4.35682965349321,8,0,0,15.112880130200148
2026-06-08,Monday,8,Admin Office,2,66,6.513797822951989,64,0,0,215.44133886967603
2026-06-18,Thursday,14,Student Service Center,2,61,6.002453939815734,42,0,0,186.57714542883454
2026-05-16,Saturday,12,Admin Office,3,84,1.3985262216222218,63,0,0,43.69133708801417
2026-06-12,Friday,12,Admin Office,3,65,5.661879087869552,46,0,0,127.39840351564025
2026-06-18,Thursday,8,Library Counter,5,65,4.466117802490551,60,0,0,56.60314229388049
2026-06-03,Wednesday,14,Fee Counter,1,38,4.822012746417464,22,0,0,183.4961212304947
2026-02-08,Sunday,11,Admin Office,4,63,1.545584244200083,67,0,0,23.277402587854503
2026-01-09,Friday,16,Fee Counter,1,23,2.0878849579567564,28,0,0,52.92590706623771
2026-01-21,Wednesday,11,Cafeteria,4,6,6.029835511606449,11,0,0,8.331625044087875
2026-05-03,Sunday,15,Student Service Center,4,6,3.0849723850619357,13,0,1,6.893048919930187
2026-01-07,Wednesday,14,Library Counter,2,37,2.8310929899313493,26,0,1,53.3062577728207
2026-02-07,Saturday,13,Student Service Center,3,81,3.7860751435137594,61,0,0,105.95932123695235
2026-06-27,Saturday,9,Student Service Center,1,49,5.630549396747618,40,0,0,277.8560973704397
2026-02-23,Monday,13,Cafeteria,1,79,7.161712618723022,69,0,1,567.7319683965577
2026-03-27,Friday,16,Fee Counter,2,13,1.6825651021476484,11,0,0,10.409455167033506
2026-04-12,Sunday,14,Student Service Center,5,25,3.023630899851835,6,0,1,15.11071788777143
2026-01-22,Thursday,11,Admin Office,5,24,4.866743283509357,19,0,0,24.574821367983382
2026-06-07,Sunday,17,Admin Office,4,23,7.62185386201153,23,0,0,41.71460524308119
2026-02-07,Saturday,8,Admin Office,4,77,2.615106605672685,76,0,0,48.210307611389695
2026-02-15,Sunday,8,Cafeteria,2,62,7.930133154165436,46,1,0,249.22891658235488
2026-02-06,Friday,15,Cafeteria,4,67,2.7220328937320972,72,0,0,45.19307758141224
2026-04-21,Tuesday,13,Student Service Center,3,83,6.246239701881498,44,1,0,170.80030311550257
2026-03-20,Friday,17,Student Service Center,2,42,6.3800294178886094,56,0,1,137.45136634823612
2026-01-27,Tuesday,13,Student Service Center,3,55,3.496106661472403,35,0,0,61.979610399333986
2026-01-15,Thursday,9,Admin Office,2,32,6.564995476764758,34,0,0,107.62649700107542
2026-01-03,Saturday,12,Admin Office,5,55,1.6265693629026,11,1,0,22.01519594375339
2026-06-25,Thursday,15,Student Service Center,1,36,1.9266294863250257,28,0,0,67.02262269188819
2026-01-27,Tuesday,10,Fee Counter,5,0,6.899798008645497,5,0,0,1.0
2026-01-04,Sunday,8,Admin Office,5,3,1.7704903532109721,7,0,0,1.0
2026-04-04,Saturday,8,Cafeteria,1,22,1.0224358863999519,9,1,0,19.59564056296926
2026-05-02,Saturday,13,Library Counter,5,81,4.880866671247555,64,0,0,76.72024070467637
2026-06-02,Tuesday,9,Fee Counter,4,39,1.218277777028726,36,0,0,12.096820288666091
2026-01-12,Monday,15,Cafeteria,5,16,4.827682276072469,13,0,0,13.529746850890977
2026-04-24,Friday,11,Student Service Center,3,50,5.082861609872568,34,1,0,89.1423542983436
2026-03-05,Thursday,12,Cafeteria,1,50,3.2862314609429992,26,0,0,166.38145114869187
2026-05-03,Sunday,10,Fee Counter,1,64,4.3210064784475914,65,0,0,276.8825852799334
2026-01-01,Thursday,10,Fee Counter,4,86,7.847714283800718,78,0,0,168.1590903443768
2026-04-03,Friday,16,Fee Counter,2,23,3.61541318716608,27,0,0,42.54532336801336
2026-05-05,Tuesday,11,Cafeteria,4,67,6.7475876584401036,58,0,0,113.77609238896156
2026-06-11,Thursday,14,Admin Office,3,86,1.144538455380987,57,0,0,32.089672528507045
2026-06-11,Thursday,8,Cafeteria,2,0,6.244261890814026,8,0,1,1.0
2026-03-15,Sunday,9,Fee Counter,2,54,7.738743845636417,58,0,0,206.24165706214498
2026-04-05,Sunday,8,Fee Counter,3,29,1.4632326882044089,34,0,1,14.634062486838559
2026-04-11,Saturday,15,Fee Counter,2,13,5.044526951670106,6,0,0,30.543394544977733
2026-02-04,Wednesday,9,Admin Office,2,34,7.102582211560276,12,1,0,121.35540918510661
2026-03-26,Thursday,9,Library Counter,5,28,1.0353424713604402,33,0,0,7.4410040314404595
2026-01-24,Saturday,12,Admin Office,4,72,3.2644102917553215,48,0,0,58.63595626424747
2026-04-02,Thursday,9,Student Service Center,5,30,6.547550409979511,35,0,0,41.15927626513387
2026-05-29,Friday,17,Library Counter,2,54,3.1757383127808447,33,1,0,90.49835267129815
2026-01-15,Thursday,12,Library Counter,1,107,7.42416067766533,78,0,0,794.0253810298943
2026-03-02,Monday,12,Student Service Center,3,46,1.5234421225063213,27,0,0,23.452767263009672
2026-01-31,Saturday,11,Library Counter,2,66,6.4541913447675405,72,0,1,210.8095061123412
2026-03-25,Wednesday,11,Cafeteria,2,32,7.027453863457872,24,0,0,111.2202608170988
2026-04-20,Monday,13,Student Service Center,3,39,2.5708967389619986,26,0,1,33.95390804005269
2026-02-24,Tuesday,10,Fee Counter,4,62,2.4481483932389043,57,0,0,36.91155308920631
2026-06-23,Tuesday,16,Library Counter,3,6,1.774712126576904,20,0,1,1.0
2026-01-26,Monday,17,Admin Office,2,19,5.852537863738655,20,0,0,54.95791340090504
2026-04-29,Wednesday,10,Student Service Center,3,31,2.806735733287349,29,0,0,27.200359972304156
2026-03-15,Sunday,11,Admin Office,5,10,7.25623659407933,9,0,0,18.094112544345872
2026-05-06,Wednesday,17,Cafeteria,5,77,4.699748764257329,71,0,0,69.70480233596757
2026-02-17,Tuesday,12,Cafeteria,5,64,3.2329786075204856,49,0,0,40.504997078229856
2026-02-23,Monday,11,Cafeteria,4,63,2.8700554182817983,63,0,0,43.07346676697895
2026-04-02,Thursday,13,Fee Counter,1,73,2.0481846118690497,49,0,0,152.29389849808712
2026-03-26,Thursday,9,Admin Office,1,83,6.837120316387427,63,1,0,568.852706352253
2026-03-27,Friday,17,Student Service Center,5,87,2.599682979667825,78,0,0,46.07758086599047
2026-01-18,Sunday,9,Student Service Center,3,62,2.9359072332854907,55,0,0,58.686508999159926
2026-03-21,Saturday,10,Admin Office,3,30,7.885067465156565,16,1,0,80.92735611953171
2026-01-06,Tuesday,8,Library Counter,2,45,1.7945396126466107,41,0,0,44.09342262327276
2026-01-19,Monday,12,Admin Office,3,48,3.1015829330507385,30,0,1,50.70423101993734
2026-05-22,Friday,17,Cafeteria,3,10,1.6435694613007592,6,0,0,3.9839593417630184
2026-01-10,Saturday,15,Admin Office,4,7,4.383117299696329,10,0,0,5.799138556332781
2026-04-15,Wednesday,9,Library Counter,4,52,2.0054966365534135,45,0,0,29.972546671675516
2026-05-22,Friday,8,Student Service Center,3,45,7.229554303151814,59,0,1,109.45625987750468
2026-01-18,Sunday,10,Cafeteria,1,30,3.34476737443231,33,0,0,99.81188085110243
2026-04-27,Monday,9,Student Service Center,3,26,4.191340590553666,29,0,0,33.34370010357113
2026-02-08,Sunday,14,Admin Office,5,49,5.5661875176532085,15,1,0,54.4114910020074
2026-03-11,Wednesday,11,Admin Office,1,71,1.9358606779536143,73,0,0,137.22758155712907
2026-05-22,Friday,14,Admin Office,1,38,3.8799941912942577,13,0,0,148.67333300403192
2026-04-20,Monday,9,Student Service Center,1,49,1.5895972695237652,42,0,0,75.27459174719581
2026-03-04,Wednesday,10,Admin Office,4,40,6.204370023306862,31,0,0,65.68334274666506
2026-02-13,Friday,12,Cafeteria,1,64,3.0381224804179245,44,0,0,195.00946658667317
2026-01-06,Tuesday,10,Library Counter,5,12,4.207634891905659,13,0,0,9.006516122105522
2026-05-14,Thursday,9,Library Counter,4,68,4.2121779564368875,64,0,0,72.85056516868298
2026-02-07,Saturday,12,Library Counter,3,66,1.8552955073983162,41,0,0,44.50320571609661
2026-03-12,Thursday,10,Fee Counter,1,57,5.7753526298277755,55,0,0,333.84074647694985
2026-04-04,Saturday,11,Admin Office,3,47,3.4106658841369444,24,1,0,52.37377123721244
2026-02-10,Tuesday,15,Admin Office,1,61,3.2150417361250057,52,0,0,198.05212363657694
2026-02-15,Sunday,16,Cafeteria,3,74,5.449483961338517,59,1,0,131.44511738605553
2026-04-14,Tuesday,11,Library Counter,5,71,3.1726870490797587,62,1,1,46.955610390983814
2026-01-25,Sunday,12,Admin Office,1,96,5.913525502013928,72,0,0,571.6622502219235
2026-04-04,Saturday,16,Fee Counter,2,69,1.4084133863854806,63,0,0,50.2648987728235
2026-05-15,Friday,10,Student Service Center,4,23,5.775157213226777,24,0,1,31.255434910831546
2026-03-25,Wednesday,9,Library Counter,3,5,5.841729505143937,15,0,1,11.002370114184258
2026-06-01,Monday,15,Fee Counter,5,6,7.054468238423083,9,0,0,10.739368824479753
2026-02-13,Friday,12,Fee Counter,3,35,5.740044061661189,16,0,0,67.17957846214026
2026-04-27,Monday,11,Fee Counter,1,65,2.4715032337920984,56,0,0,164.52388264966726
2026-05-29,Friday,12,Fee Counter,3,76,7.876839908477051,55,0,0,198.6068552951646
2026-02-15,Sunday,16,Student Service Center,2,33,3.0851652927607836,25,0,0,54.87626602983137
2026-03-11,Wednesday,11,Fee Counter,4,36,3.083268306713462,38,0,0,27.320942802331643
2026-05-10,Sunday,12,Fee Counter,4,34,2.575806623367222,16,0,0,26.485221873531476
2026-05-26,Tuesday,15,Admin Office,5,20,4.96080709719233,22,0,0,20.11235737651854
2026-04-19,Sunday,9,Library Counter,4,32,3.117552268530955,13,1,0,22.012717014961247
2026-01-20,Tuesday,15,Student Service Center,3,58,7.342004096091317,70,0,1,141.02471072716315
2026-01-03,Saturday,8,Fee Counter,3,82,6.996094660871773,73,0,0,188.7298563356117
2026-01-20,Tuesday,17,Fee Counter,4,57,1.3342205795850588,54,0,0,19.072387940651314
2026-04-05,Sunday,9,Library Counter,5,36,4.172334638188904,27,0,0,32.490373976139935
2026-05-25,Monday,13,Library Counter,1,84,1.493559586735395,56,0,0,123.05683112105191
2026-02-17,Tuesday,13,Student Service Center,3,61,2.901995494808796,42,0,0,56.536920080518996
2026-02-05,Thursday,11,Library Counter,2,46,6.644535827295192,49,0,0,152.27363227629382
2026-04-20,Monday,14,Library Counter,3,43,1.5435183416257199,26,0,0,20.784004924726194
2026-01-13,Tuesday,15,Student Service Center,4,85,3.0708910530775935,78,0,0,64.95416263271237
2026-04-08,Wednesday,14,Cafeteria,2,51,4.662872530901776,19,1,0,119.65193427715181
2026-01-07,Wednesday,10,Admin Office,1,14,6.670711829855917,12,0,0,97.93380219504931
2026-03-22,Sunday,13,Fee Counter,2,84,2.023482326611606,59,0,0,89.8140583925562
2026-02-28,Saturday,12,Library Counter,5,61,4.738618027832835,26,1,0,60.675436354085384
2026-05-05,Tuesday,10,Library Counter,1,28,6.343853066910646,31,0,1,181.325601788678
2026-06-14,Sunday,9,Fee Counter,3,33,3.556707020603265,21,1,0,36.32482573862512
2026-06-01,Monday,8,Admin Office,1,24,6.1831469870996125,18,1,1,150.69483099156176
2026-01-17,Saturday,17,Admin Office,5,57,4.740076434295468,53,0,0,57.56468083340085
2026-04-19,Sunday,15,Cafeteria,5,71,6.0478217324889885,56,1,0,88.06068794946145
2026-06-04,Thursday,10,Student Service Center,3,83,2.1963052808941512,79,0,0,63.18255812635313
2026-02-02,Monday,9,Library Counter,2,72,7.651487888030239,51,1,0,277.7546942986226
2026-02-26,Thursday,8,Cafeteria,4,71,3.5546837827759186,76,0,0,61.58282656581845
2026-03-24,Tuesday,14,Student Service Center,1,78,7.032782618551344,53,0,0,551.5586867132339
2026-06-07,Sunday,9,Cafeteria,2,77,5.580068520723738,72,0,0,219.31414925288286
2026-03-26,Thursday,12,Admin Office,5,27,2.423734433510239,10,0,1,10.891978939392526
2026-01-11,Sunday,9,Admin Office,4,62,3.0287311604067058,50,1,0,46.691996778219824
2026-05-12,Tuesday,15,Student Service Center,5,46,7.389760634292071,37,0,0,68.50047740852717
2026-06-06,Saturday,15,Fee Counter,2,15,5.507114736543226,5,1,0,45.67881610352952
2026-03-29,Sunday,11,Student Service Center,2,65,6.082871671274213,67,0,0,197.60042157692178
2026-03-08,Sunday,15,Library Counter,2,34,3.910016963734314,43,0,1,68.94685345965625
2026-02-19,Thursday,11,Library Counter,4,52,1.3266032780108081,44,0,0,18.320752501717422
2026-05-14,Thursday,16,Library Counter,1,78,7.522284117866956,72,0,0,586.57908589241
2026-04-01,Wednesday,15,Cafeteria,5,72,1.2511807815984355,64,0,0,17.858682960080962
2026-01-25,Sunday,15,Cafeteria,4,63,1.1962403938172936,49,1,0,21.17333521948723
2026-02-11,Wednesday,9,Admin Office,4,72,6.06946578047999,65,0,0,111.1102643577934
2026-01-03,Saturday,10,Student Service Center,3,37,3.750442059197665,20,1,0,45.28790113456393
2026-03-09,Monday,8,Admin Office,3,29,1.0813675193183074,7,1,0,11.356874206086456
2026-03-25,Wednesday,9,Student Service Center,4,70,2.6585865177217194,61,0,0,44.07013267887369
2026-01-23,Friday,15,Fee Counter,2,78,3.1301830823405146,60,1,0,120.06652655443159
2026-05-12,Tuesday,16,Admin Office,3,45,6.601536573461088,47,0,0,99.05127823493007
2026-02-09,Monday,10,Library Counter,5,70,4.050283710159444,67,0,0,58.21466425636959
2026-02-28,Saturday,12,Student Service Center,3,33,5.589312519198839,5,0,0,62.70770491758234
2026-06-23,Tuesday,14,Admin Office,3,33,2.845868959827255,16,0,0,32.74878654629741
2026-04-10,Friday,12,Library Counter,5,72,5.698968445308087,60,0,1,79.83360242457863
2026-06-01,Monday,13,Student Service Center,5,82,4.070864077621362,64,0,0,68.74365640421313
2026-04-15,Wednesday,12,Fee Counter,1,31,6.952760170295318,9,0,0,217.66420913732853
2026-04-01,Wednesday,9,Fee Counter,5,16,1.326601610306959,7,0,0,2.0783657432902087
2026-04-21,Tuesday,16,Admin Office,2,50,2.3496395483370627,42,0,0,57.69118963342514
2026-03-30,Monday,14,Fee Counter,1,104,7.153478939417979,77,0,0,747.0317203400602
2026-01-06,Tuesday,13,Cafeteria,1,57,7.491506335354663,38,0,1,424.095676395091
2026-04-13,Monday,9,Cafeteria,5,74,3.0086045626009272,71,0,0,44.94961952501746
2026-03-28,Saturday,9,Student Service Center,2,57,4.643416700936718,61,0,0,130.64002753293002
2026-04-25,Saturday,9,Cafeteria,5,8,3.9939866571238345,5,0,0,4.8547732844354625
2026-03-12,Thursday,10,Student Service Center,2,62,7.635407590570409,57,0,0,237.57061689528567
2026-01-06,Tuesday,8,Student Service Center,2,26,5.703284194528617,29,0,0,73.24671652249208
2026-02-23,Monday,11,Student Service Center,5,74,7.70302461835556,67,0,0,113.12798117192425
2026-04-21,Tuesday,14,Fee Counter,4,71,1.2720581494550438,53,0,0,20.910646429762576
2026-05-05,Tuesday,12,Fee Counter,4,63,6.874012905420872,36,0,0,110.50071852397542
2026-05-06,Wednesday,8,Fee Counter,2,48,4.251027386511564,45,0,0,105.62886239761198
2026-06-21,Sunday,13,Library Counter,4,41,5.7067212116718355,17,0,0,60.705407127718864
2026-02-01,Sunday,8,Fee Counter,3,72,6.487932760189594,68,0,0,154.3404208833764
2026-06-03,Wednesday,11,Student Service Center,3,29,7.800667433069456,20,0,0,72.63589537647947
2026-04-26,Sunday,16,Library Counter,2,78,1.6038110189851276,67,1,0,62.42007090757464
2026-05-06,Wednesday,13,Student Service Center,3,56,6.284670106653939,31,0,0,118.1543551735229
2026-01-18,Sunday,16,Admin Office,5,44,7.681359872031483,40,0,0,67.36630597992203
2026-04-27,Monday,16,Admin Office,1,22,3.97047576179866,14,0,0,84.86754074446823
2026-01-20,Tuesday,13,Fee Counter,1,72,3.5154836662251796,46,0,0,252.90305104907142
2026-01-20,Tuesday,11,Admin Office,1,63,4.388156733899049,75,0,1,275.01713978857356
2026-02-05,Thursday,11,Admin Office,3,53,4.358924164464172,56,0,0,80.20178243724742
2026-06-02,Tuesday,9,Fee Counter,1,50,2.261457543724699,37,1,0,112.75415623393685
2026-03-02,Monday,13,Student Service Center,2,76,1.488814540323347,45,1,0,55.05857907161755
2026-05-18,Monday,16,Student Service Center,5,26,6.293199827733151,18,0,0,33.51066491515466
2026-02-08,Sunday,17,Admin Office,2,25,4.065168248566448,22,0,0,54.082697503296295
2026-06-10,Wednesday,9,Cafeteria,2,9,3.339775414471811,14,0,0,13.98024858794189
2026-06-26,Friday,13,Cafeteria,3,31,6.023649624012843,10,0,0,65.2264495041664
2026-01-17,Saturday,8,Fee Counter,3,47,4.688245749550765,41,0,0,72.56715570560698
2026-06-02,Tuesday,13,Library Counter,1,80,5.963440995256643,54,0,0,480.4259136872785
2026-03-01,Sunday,8,Admin Office,4,42,3.9705318892670842,52,0,1,45.47729745437736
2026-05-15,Friday,8,Admin Office,1,52,4.848115172090714,30,1,0,250.8132428686694
2026-03-26,Thursday,8,Cafeteria,3,71,5.7695695181370334,52,1,0,138.21776123906952
2026-06-17,Wednesday,9,Fee Counter,3,21,3.0432400164876405,14,0,0,22.24699612165807
2026-06-25,Thursday,14,Fee Counter,4,37,2.979461451902817,18,0,0,32.4343523609097
2026-04-12,Sunday,13,Student Service Center,2,62,3.108802569257393,51,0,1,97.29130467912307
2026-05-01,Friday,9,Admin Office,2,91,7.054659013838185,73,1,0,325.8635466993571
2026-05-30,Saturday,16,Library Counter,2,87,6.195320313963846,73,1,1,271.03959991768295
2026-04-19,Sunday,12,Cafeteria,3,61,5.871191116154374,27,1,0,116.44554016305185
2026-06-16,Tuesday,13,Library Counter,5,101,5.027310935380616,65,1,0,104.4417112249998
2026-05-04,Monday,10,Fee Counter,1,55,3.1405388766640288,49,0,0,175.48569342722163
2026-02-18,Wednesday,12,Library Counter,2,78,7.3012080514722815,59,0,0,282.7228029412486
2026-03-28,Saturday,11,Cafeteria,1,68,5.9055100943695225,70,0,1,403.5368859723065
2026-01-13,Tuesday,17,Admin Office,5,30,6.121523045072115,29,0,0,37.01890183034345
2026-01-27,Tuesday,11,Library Counter,5,56,7.709265310646969,51,0,0,85.61547047679456
2026-01-17,Saturday,15,Cafeteria,1,18,6.293589083451494,22,0,0,113.09339364374333
2026-05-24,Sunday,12,Fee Counter,1,63,5.715123905605828,41,0,0,361.6955960773141
2026-06-23,Tuesday,10,Library Counter,5,17,6.046501989505232,12,0,0,22.980301348768066
2026-01-21,Wednesday,10,Student Service Center,4,43,5.109333895450176,43,0,0,55.93412827126451
2026-03-08,Sunday,17,Library Counter,5,0,7.714105409237488,5,0,0,4.601152784001099
2026-01-04,Sunday,14,Admin Office,1,93,5.09518709247977,57,1,0,478.51790923136804
2026-05-20,Wednesday,10,Admin Office,2,73,7.779583270024254,66,0,0,287.5337962682448
2026-01-28,Wednesday,8,Cafeteria,5,15,1.943875841792305,13,0,0,8.265947257222793
2026-04-27,Monday,9,Admin Office,2,19,1.1943101854144977,27,0,1,9.996965827875169
2026-03-16,Monday,13,Cafeteria,3,40,4.106886598902746,18,0,0,55.6458830962766
2026-04-04,Saturday,17,Admin Office,3,30,3.8773272214158094,32,0,1,39.98544843387681
2026-01-21,Wednesday,13,Fee Counter,4,47,6.128344767150041,27,0,0,72.4100141597917
2026-01-19,Monday,15,Fee Counter,5,56,3.977535555832551,55,0,0,41.75242365054581
2026-01-03,Saturday,8,Student Service Center,4,8,6.986159871509425,12,0,1,14.288779556570628
2026-02-27,Friday,13,Library Counter,2,26,5.924961698263154,10,0,0,74.89449437148733
2026-01-30,Friday,8,Student Service Center,4,78,7.366972406108584,66,1,0,147.84011942042505
2026-01-22,Thursday,16,Admin Office,1,34,4.102586756378376,28,0,0,138.00593166218593
2026-05-28,Thursday,11,Fee Counter,4,15,6.414251305110777,8,0,0,23.161250139074
2026-03-07,Saturday,14,Cafeteria,3,41,1.1152570174502427,16,0,0,17.950157876512268
2026-03-15,Sunday,10,Student Service Center,4,22,7.118213503181721,15,0,0,41.95204772460539
2026-03-11,Wednesday,15,Student Service Center,2,79,4.201960439462111,70,0,0,164.64605448543833
2026-06-18,Thursday,12,Cafeteria,4,36,3.8200950348720752,17,0,0,37.72782496720526
2026-06-13,Saturday,12,Student Service Center,1,86,5.458406790555177,69,0,0,468.7416447674145
2026-05-20,Wednesday,8,Library Counter,3,17,6.457108519330494,22,0,0,39.37220614280817
2026-03-31,Tuesday,12,Library Counter,3,79,1.917230185287862,62,0,0,50.49440912106341
2026-06-02,Tuesday,15,Cafeteria,2,68,7.898992256620884,72,0,1,267.0553614894631
2026-05-29,Friday,16,Library Counter,4,71,2.2003121565700052,69,0,0,43.456294532926805
2026-01-08,Thursday,12,Cafeteria,3,93,5.188562889501141,65,0,0,165.13819673750498
2026-06-06,Saturday,14,Fee Counter,3,74,7.206091909998559,45,0,0,182.0781692144462
2026-05-25,Monday,15,Admin Office,3,27,1.7832725343154703,27,0,0,19.75815562502564
2026-05-11,Monday,9,Library Counter,4,54,6.454506568128689,46,0,0,84.60263662851628
2026-01-03,Saturday,15,Admin Office,3,37,3.2433009689925765,17,1,0,41.98234041798075
2026-03-29,Sunday,9,Admin Office,1,29,2.665053753354035,28,0,0,79.24284829467892
2026-04-30,Thursday,17,Admin Office,4,69,6.039387362046549,69,0,0,107.81555030080713
2026-01-14,Wednesday,11,Fee Counter,1,22,1.5358925271066033,6,1,0,37.15857833492302
2026-01-02,Friday,9,Fee Counter,4,86,6.677929508633146,65,1,0,146.7348652463964
2026-05-10,Sunday,15,Student Service Center,3,18,5.533857940121619,11,0,0,35.18964675586574
2026-01-01,Thursday,8,Fee Counter,2,44,2.4276794559789785,37,0,0,56.070190774087195
2026-02-22,Sunday,14,Cafeteria,4,43,1.9129004892074026,15,0,0,22.243631467379053
2026-02-13,Friday,14,Cafeteria,4,70,7.372409768254926,41,0,0,128.53783989212562
2026-02-18,Wednesday,9,Student Service Center,2,69,5.874990731935395,72,0,0,206.5654672173704
2026-01-10,Saturday,17,Cafeteria,1,65,5.29991126027522,79,0,1,348.66473949122775
2026-03-02,Monday,9,Admin Office,5,3,5.469649604162611,8,0,0,8.14441616039143
2026-01-10,Saturday,17,Fee Counter,4,67,7.460108872845082,67,0,0,125.1843611749767
2026-03-28,Saturday,12,Admin Office,4,38,7.132334743225735,18,0,0,65.44428422430457
2026-03-12,Thursday,10,Fee Counter,1,78,1.3380946950757933,79,0,0,102.46325555832875
2026-03-05,Thursday,16,Library Counter,3,46,6.919438823267376,36,1,0,106.96830144353196
2026-03-29,Sunday,10,Student Service Center,1,34,4.078952175603305,33,0,0,138.58267741410558
2026-01-17,Saturday,8,Fee Counter,2,23,6.252625180788577,18,0,0,76.14851942825914
2026-03-01,Sunday,13,Student Service Center,2,54,6.252916352427113,28,0,0,167.16174098374643
2026-01-23,Friday,10,Cafeteria,3,54,3.449656323447943,40,1,0,66.57358649879384
2026-04-11,Saturday,9,Admin Office,3,71,3.608461972928069,76,0,0,87.8570259184788
2026-06-22,Monday,9,Admin Office,2,58,6.664909797774958,60,0,0,198.27955787039153
2026-03-26,Thursday,10,Cafeteria,5,27,3.8366418638830524,6,1,0,21.922811237452883
2026-02-20,Friday,10,Fee Counter,5,62,2.533031264310005,62,0,0,28.411752280955895
2026-02-16,Monday,9,Admin Office,5,17,6.349294513917721,14,0,0,26.102197600657963
2026-03-26,Thursday,11,Cafeteria,4,2,4.976153059233903,5,0,0,1.0
2026-05-06,Wednesday,10,Library Counter,4,53,6.265188561900658,51,0,0,84.53864367304186
2026-03-28,Saturday,17,Cafeteria,1,63,7.095541711055588,42,1,0,451.2253837578256
2026-04-16,Thursday,11,Student Service Center,1,72,1.262720566770962,68,0,0,93.47807655032369
2026-01-03,Saturday,11,Student Service Center,5,80,2.731344070728838,73,0,0,43.77649918146885
2026-06-17,Wednesday,14,Library Counter,2,48,5.448295637461073,19,0,0,130.00281280783213
2026-04-06,Monday,16,Library Counter,3,54,1.7885938287456538,55,0,0,35.69605546343813
2026-05-02,Saturday,8,Student Service Center,2,50,3.3726890438792076,48,0,0,87.01822115459622
2026-02-17,Tuesday,11,Admin Office,5,40,6.893066884346177,28,1,0,58.84326973399284
2026-05-14,Thursday,17,Library Counter,1,33,1.9891077806278759,31,0,0,66.42689369587427
2026-05-24,Sunday,16,Library Counter,1,38,3.122406342892136,42,0,0,121.75861615621379
2026-01-11,Sunday,9,Cafeteria,2,37,1.8591057395404231,34,0,0,37.455066216930135
2026-02-14,Saturday,17,Fee Counter,5,67,3.4925045299146524,64,0,0,44.05943104747626
2026-02-28,Saturday,11,Admin Office,1,53,5.588578928361438,56,0,0,298.0972075667683
2026-06-15,Monday,9,Student Service Center,3,24,5.748493104388471,19,0,0,48.62203745164802
2026-01-27,Tuesday,8,Admin Office,2,72,5.470577683044395,63,0,0,201.20901630601918
2026-03-09,Monday,17,Student Service Center,3,96,3.684268362002913,72,1,0,120.40668527606961
2026-03-03,Tuesday,14,Library Counter,2,65,1.4366740368870416,48,0,0,50.559420208474734
2026-04-29,Wednesday,15,Cafeteria,2,33,5.458230621248233,38,0,0,93.84506030144424
2026-02-07,Saturday,10,Student Service Center,3,16,5.232523851262489,17,0,0,31.85173759965133
2026-05-06,Wednesday,17,Admin Office,2,35,2.9479111759979824,31,0,0,52.12197353061538
2026-06-28,Sunday,11,Student Service Center,2,32,6.564693190720904,29,0,0,102.86959086747106
2026-05-02,Saturday,9,Cafeteria,5,11,5.7845331224122045,10,0,0,13.814166509882902
2026-05-03,Sunday,17,Library Counter,1,50,2.3667839877135632,47,0,0,119.97139787936817
2026-05-06,Wednesday,16,Student Service Center,2,67,3.2899264848060774,62,0,0,109.14419095213754
2026-01-10,Saturday,13,Fee Counter,5,69,2.9884777316069213,53,0,0,42.552650103619165
2026-06-02,Tuesday,14,Admin Office,2,73,2.9476183120563415,55,0,1,107.30481459052491
2026-05-25,Monday,10,Library Counter,4,18,1.0291414922862412,23,0,0,3.2243962091592326
2026-05-15,Friday,15,Admin Office,3,37,1.5908881816415485,40,0,0,19.55642370933591
2026-03-21,Saturday,15,Student Service Center,3,37,1.147086044599185,24,1,0,11.658021624309562
2026-04-19,Sunday,16,Admin Office,1,29,7.966840534997513,27,0,0,230.95575880072604
2026-06-24,Wednesday,14,Fee Counter,1,107,4.453839979306462,78,0,0,476.4327870896764
2026-05-30,Saturday,11,Cafeteria,2,49,3.2155977702077303,45,0,0,83.71794456913206
2026-05-18,Monday,10,Cafeteria,5,31,2.2876997550933407,33,0,0,16.210519616350233
2026-01-08,Thursday,16,Cafeteria,4,12,6.425874917982498,17,0,0,19.239581746474325
2026-04-25,Saturday,16,Student Service Center,3,50,2.6774459189197506,61,0,1,44.59191509241108
2026-03-19,Thursday,17,Admin Office,3,88,1.1408305699996955,68,1,0,33.71366632000591
2026-05-07,Thursday,12,Admin Office,4,50,1.581322551653177,9,1,0,24.337188372002636
2026-01-16,Friday,10,Fee Counter,5,47,4.904463345490646,46,0,0,47.98937609042379
2026-01-01,Thursday,10,Cafeteria,3,17,3.8864057320886594,9,0,0,25.70648008281
2026-04-01,Wednesday,13,Library Counter,1,91,5.647918739132028,55,1,0,513.6947142239205
2026-03-21,Saturday,16,Library Counter,5,100,5.527135774602647,79,1,0,113.97261232603385
2026-06-17,Wednesday,15,Student Service Center,3,42,6.927824805027365,37,0,0,96.91520815925689
2026-06-23,Tuesday,17,Fee Counter,1,29,6.091908852201733,20,0,0,180.46275943202886
2026-05-10,Sunday,16,Fee Counter,4,63,1.308883642365286,60,0,0,20.66779473458058
2026-02-10,Tuesday,12,Student Service Center,1,42,5.622629889391903,9,1,0,234.7787652281869
2026-02-01,Sunday,17,Fee Counter,5,64,4.199524920169441,57,0,0,57.126138757549384
2026-06-26,Friday,15,Library Counter,2,67,1.8991596069204129,61,0,0,63.0160509141824
2026-06-20,Saturday,14,Library Counter,1,81,5.103388968997835,47,1,0,415.992791210577
2026-03-23,Monday,14,Student Service Center,5,64,7.745335821879066,43,0,0,99.69914876487287
2026-05-30,Saturday,12,Fee Counter,4,54,5.2815162049410915,28,0,0,70.84272162610283
2026-01-15,Thursday,12,Fee Counter,4,41,1.7837563660058198,21,0,0,17.384489647644017
2026-06-05,Friday,8,Library Counter,5,53,5.192694604071534,58,0,0,56.96040005365324
2026-04-04,Saturday,10,Library Counter,3,35,3.9319830763981845,36,0,0,47.45687277277977
2026-04-30,Thursday,17,Admin Office,2,39,6.520171958356523,32,0,0,126.30921046004136
2026-05-07,Thursday,9,Admin Office,3,48,1.4372280978479934,41,0,0,24.922423904052373
2026-02-18,Wednesday,8,Cafeteria,2,69,2.3733584837848114,71,0,0,84.60252242836783
2026-01-14,Wednesday,15,Admin Office,4,48,2.849850184147195,47,0,0,35.5851483418379
2026-03-30,Monday,13,Library Counter,2,98,1.2625550631827571,73,0,0,66.60049769180192
2026-06-13,Saturday,16,Student Service Center,4,47,5.5141325891798285,23,1,0,62.52662938415072
2026-02-21,Saturday,15,Student Service Center,2,50,3.7238177629283276,38,1,0,95.70956263047145
2026-05-24,Sunday,16,Student Service Center,3,74,6.364757608787734,73,0,0,161.25084069354557
2026-02-21,Saturday,12,Cafeteria,3,96,2.3623945174257575,58,1,0,78.83511904452196
2026-03-11,Wednesday,14,Admin Office,4,42,7.751902978889098,23,0,1,86.227587263252
2026-05-24,Sunday,17,Admin Office,1,18,4.148701544953893,10,0,0,73.83010677564515
2026-01-12,Monday,17,Fee Counter,3,26,6.704035502596918,28,0,1,59.40695060270417
2026-02-24,Tuesday,8,Admin Office,5,63,7.229684921861854,62,0,0,92.29647875881463
2026-03-31,Tuesday,17,Fee Counter,5,21,2.183702991106073,13,0,0,11.33390933706881
2026-03-28,Saturday,17,Student Service Center,1,25,2.9173232860371785,22,0,0,76.49170567416526
2026-03-02,Monday,11,Cafeteria,2,16,6.134512190113587,21,0,0,52.57162458235826
2026-03-18,Wednesday,8,Fee Counter,2,45,4.142042612308689,46,0,0,91.49629041487732
2026-01-05,Monday,13,Cafeteria,5,71,7.184746377580072,41,1,0,101.38909758106443
2026-06-12,Friday,8,Cafeteria,4,86,6.28180712215579,79,0,0,133.76117212382138
2026-05-29,Friday,14,Library Counter,4,66,1.4951636979165084,46,0,0,23.132443113841177
2026-01-05,Monday,14,Fee Counter,5,34,4.0611417253717725,13,0,0,29.798927109876487
2026-04-18,Saturday,10,Library Counter,3,64,1.3782967033779499,69,0,0,29.47493549659415
2026-06-01,Monday,14,Fee Counter,5,110,3.962907096815041,66,1,0,85.16909527848948
2026-02-05,Thursday,14,Fee Counter,2,78,1.3954608829893749,49,0,0,59.33366551882822
2026-03-22,Sunday,11,Fee Counter,4,67,3.8461506382508484,59,0,0,61.89553268034126
2026-02-22,Sunday,15,Fee Counter,5,12,4.512773998949676,12,0,0,14.393950019361487
2026-02-27,Friday,8,Library Counter,2,74,6.099416292360986,79,0,0,223.2267015210809
2026-02-02,Monday,15,Cafeteria,2,59,2.2422475732014546,58,0,0,69.65922099210415
2026-02-03,Tuesday,9,Cafeteria,1,30,4.444285973961469,9,1,0,136.13488475668677
2026-06-10,Wednesday,16,Fee Counter,3,41,2.644343713644635,38,0,0,41.05723805369414
2026-01-09,Friday,10,Cafeteria,2,49,6.023861137536847,31,1,0,151.98957969051145
2026-03-23,Monday,8,Admin Office,4,81,3.8442623794866604,73,0,0,80.05243692785999
2026-04-19,Sunday,12,Fee Counter,2,74,1.9360443290837277,51,0,0,71.75095442219003
2026-06-26,Friday,9,Student Service Center,3,47,4.835120848561276,33,1,0,73.76998803034263
2026-03-28,Saturday,14,Library Counter,3,79,5.2293817584551014,56,0,0,138.36077185721197
2026-04-19,Sunday,8,Admin Office,3,41,2.860974948842861,43,0,0,37.73422654485212
2026-02-23,Monday,14,Student Service Center,2,104,3.9641841872046646,68,1,0,204.32018480675288
2026-05-27,Wednesday,12,Cafeteria,5,60,6.728896730694304,40,0,0,84.59086667840886
2026-05-24,Sunday,8,Library Counter,3,49,6.2641998187202015,52,0,1,102.75584188231218
2026-04-01,Wednesday,10,Cafeteria,2,69,1.5344558949412719,69,0,0,57.56260708983028
2026-03-22,Sunday,15,Library Counter,2,30,2.0891533992877567,25,0,0,31.58693484053311
2026-03-09,Monday,11,Student Service Center,5,78,1.1622755540325884,76,0,0,22.107317807681074
2026-06-16,Tuesday,10,Cafeteria,4,16,1.4401697826736282,10,0,0,7.81254540342215
2026-04-15,Wednesday,14,Admin Office,3,44,6.445079854505364,25,0,0,93.63522239200394
2026-06-08,Monday,12,Library Counter,5,35,2.381767714051972,27,0,1,19.370272055115827
2026-04-20,Monday,15,Student Service Center,4,38,4.083290302086952,34,0,0,41.46773609339751
2026-01-12,Monday,12,Admin Office,4,69,7.723594250045316,49,0,0,131.9738589997525
2026-03-07,Saturday,16,Admin Office,5,0,1.392675262563309,8,0,1,1.0
2026-05-11,Monday,13,Student Service Center,4,50,4.329644824018365,18,1,0,51.23962372387602
2026-02-08,Sunday,9,Library Counter,1,56,7.2569953370539615,33,1,0,406.4513511578688
2026-04-20,Monday,16,Cafeteria,5,32,5.884921459875108,14,1,0,42.242870996357176
2026-05-14,Thursday,14,Cafeteria,3,56,1.0667232014980845,43,0,1,17.51239393168295
2026-01-05,Monday,13,Cafeteria,2,85,6.339762631117798,58,0,0,270.27297899142343
2026-04-26,Sunday,17,Admin Office,2,20,6.342597846664504,32,0,1,62.9397335387929
2026-01-07,Wednesday,10,Fee Counter,3,63,1.3031128601073751,54,0,0,27.38644859043613
2026-06-04,Thursday,15,Fee Counter,3,4,6.193614461286062,13,0,1,7.62006235685751
2026-04-08,Wednesday,15,Library Counter,2,8,4.9329512284799915,9,0,0,22.9167446561004
2026-06-02,Tuesday,16,Fee Counter,2,56,6.564527524266674,60,0,0,187.72581003949216
2026-02-11,Wednesday,11,Admin Office,1,43,4.700128124939931,29,1,0,203.96277079547534
2026-03-17,Tuesday,14,Fee Counter,3,58,6.787051883817932,39,0,0,128.24383556582455
2026-01-27,Tuesday,17,Library Counter,5,74,1.223482821969247,73,0,0,21.734235089816824
2026-04-23,Thursday,13,Student Service Center,1,91,4.364651340549335,71,0,0,397.18275835061945
2026-01-25,Sunday,16,Cafeteria,1,13,7.617503596011693,5,0,0,103.22474139225126
2026-01-21,Wednesday,15,Student Service Center,2,60,3.279236942417687,64,0,0,97.34631123321851
2026-01-11,Sunday,10,Student Service Center,5,61,2.3541444240313294,57,0,0,33.00990018844171
2026-01-09,Friday,9,Fee Counter,3,12,7.041964831177271,6,0,0,29.607849815831138
2026-03-02,Monday,10,Student Service Center,3,65,6.250384203563005,48,1,0,137.78298707832036
2026-03-06,Friday,8,Student Service Center,2,71,3.973768922215843,66,0,0,144.36888516383792
2026-03-30,Monday,9,Library Counter,3,76,7.073380280548217,79,0,1,178.62664128652278
2026-02-28,Saturday,11,Cafeteria,1,21,4.9619953635465945,20,0,0,106.60509627501264
2026-02-01,Sunday,12,Fee Counter,2,104,6.131879847921702,75,0,0,319.4988835709861
2026-05-12,Tuesday,8,Library Counter,4,71,1.797739341238111,74,0,0,31.663993428175214
2026-04-10,Friday,10,Library Counter,2,52,1.7504674522784776,50,0,0,44.486181326153364
2026-02-21,Saturday,10,Library Counter,3,66,6.448994231952651,59,0,0,139.49014867558355
2026-03-06,Friday,10,Cafeteria,1,53,3.0650119784705088,50,0,0,163.4533196904551
2026-02-16,Monday,16,Student Service Center,2,31,3.7004532717579908,35,0,0,54.885536801592494
2026-02-20,Friday,14,Student Service Center,3,91,5.380857099531174,70,0,0,166.8799898014945
2026-06-29,Monday,14,Cafeteria,1,79,3.7726085013853137,63,0,0,302.24915200283624
2026-04-17,Friday,17,Fee Counter,3,60,4.534912381996744,66,0,1,95.36165956594067
2026-02-02,Monday,17,Library Counter,3,22,7.905643081238945,19,0,0,57.410608036403936
2026-06-19,Friday,15,Admin Office,2,4,1.0173628502987557,7,0,0,3.940023586005432
2026-06-15,Monday,11,Student Service Center,2,24,3.8942083858812673,16,0,0,46.222952447945225
2026-01-20,Tuesday,17,Library Counter,2,25,7.386748501297104,24,0,0,93.67390817275361
2026-01-23,Friday,13,Fee Counter,4,29,6.722686445461966,7,0,0,49.111008303126916
2026-04-08,Wednesday,9,Fee Counter,5,48,2.0561412488282316,51,0,0,17.311079918357123
2026-01-16,Friday,8,Admin Office,2,53,2.078154355089308,62,0,1,54.51891204447827
2026-03-26,Thursday,11,Admin Office,3,22,4.297237442443417,17,0,0,30.480862758456333
2026-05-31,Sunday,17,Library Counter,5,62,7.643823997269204,43,1,0,92.62239905300567
2026-03-17,Tuesday,17,Library Counter,3,17,6.448596315954679,19,0,0,39.13075369522963
2026-04-25,Saturday,9,Library Counter,5,30,7.437759049860046,23,0,0,42.667860349005245
2026-03-03,Tuesday,15,Student Service Center,2,46,2.2204610306902888,50,0,0,53.7456572074089
2026-02-16,Monday,13,Cafeteria,1,40,5.563123042336536,16,0,0,223.42039028264676
2026-05-07,Thursday,9,Fee Counter,4,16,3.865795579119568,18,0,0,15.287671900144002
2026-03-28,Saturday,17,Student Service Center,3,27,6.593047071271738,20,0,0,60.83062662406998
2026-03-24,Tuesday,13,Fee Counter,3,64,1.5556113638628475,48,0,0,33.36803428555601
2026-06-03,Wednesday,16,Admin Office,2,59,3.5308310635668843,73,0,1,106.19199400388673
2026-04-05,Sunday,10,Admin Office,2,18,6.4707249389618555,7,1,0,56.920474521522536
2026-02-01,Sunday,8,Student Service Center,4,8,1.609291334792871,13,0,0,5.88382873442885
2026-02-25,Wednesday,17,Library Counter,5,68,4.229949218127019,59,0,0,57.90959468504841
2026-03-11,Wednesday,17,Fee Counter,3,86,2.2917108810793003,64,1,0,64.26224329171941
2026-06-27,Saturday,12,Cafeteria,1,38,1.7735882329804373,9,0,0,67.66240817614954
2026-01-20,Tuesday,14,Library Counter,4,22,3.2057805540110964,5,0,0,17.96755826050087
2026-02-24,Tuesday,8,Admin Office,4,62,4.584462684359113,59,0,0,68.69708556527173
2026-02-20,Friday,17,Cafeteria,4,68,7.975151613787101,65,0,0,134.18230916457028
2026-02-12,Thursday,8,Fee Counter,3,75,2.375918507470863,66,0,0,60.04243501674657
2026-01-12,Monday,16,Cafeteria,2,24,4.239860338203652,23,0,0,51.72030406417508
2026-05-01,Friday,10,Student Service Center,2,25,5.148731335672456,25,0,0,62.41841547125346
2026-04-15,Wednesday,14,Library Counter,3,60,2.8097577612830427,45,0,0,59.40981712953717
2026-04-06,Monday,13,Library Counter,4,88,6.59874710011521,71,0,0,147.6796299327661
2026-02-09,Monday,15,Cafeteria,5,83,6.492272853464697,75,0,0,111.15107409037947
2026-03-09,Monday,15,Cafeteria,4,14,3.691302652047988,14,0,0,11.83009247708611
2026-03-29,Sunday,15,Student Service Center,1,17,5.874898352082802,15,0,0,101.50940287807116
2026-04-30,Thursday,15,Library Counter,4,11,3.7187400343773085,16,0,0,8.707325998415067
2026-02-19,Thursday,13,Library Counter,1,73,2.432319502601352,49,0,0,181.12487943912623
2026-05-05,Tuesday,8,Student Service Center,2,45,1.256776763836446,41,0,0,29.079711329447882
2026-02-03,Tuesday,12,Library Counter,5,86,2.3634811911812803,68,0,1,45.22168693096776
2026-06-08,Monday,9,Admin Office,3,9,1.6705597072312008,23,0,1,8.877500119516995
2026-04-05,Sunday,17,Library Counter,5,56,7.079425349851664,55,1,1,80.53595231852088
2026-05-05,Tuesday,14,Cafeteria,1,92,6.9259620713775565,65,0,0,640.6700528000564
2026-03-16,Monday,16,Fee Counter,2,81,7.083380254340015,74,0,0,285.88006440412266
2026-03-04,Wednesday,9,Admin Office,5,20,1.0112526274546088,19,0,0,3.8917860911791085
2026-01-11,Sunday,10,Cafeteria,5,76,4.8453283138918,79,0,0,75.12923082229744
2026-03-16,Monday,16,Cafeteria,5,65,4.876539135889747,66,0,1,66.82565058195952
2026-01-24,Saturday,8,Library Counter,4,66,5.089661883131269,58,0,0,84.50016469794144
2026-02-08,Sunday,17,Fee Counter,1,52,6.33373019548444,51,0,0,328.51669104230245
2026-06-26,Friday,16,Student Service Center,1,40,4.873707000245398,32,1,1,194.02372317236504
2026-06-16,Tuesday,14,Student Service Center,3,73,5.934946317982924,45,0,0,148.39713919470316
2026-05-30,Saturday,13,Student Service Center,5,99,4.244133573743831,77,0,0,82.23832949837043
2026-06-28,Sunday,13,Cafeteria,5,29,7.896336215481821,20,0,1,46.42272792468232
2026-06-25,Thursday,14,Library Counter,1,56,3.4012638016611936,18,1,0,194.70607456912546
2026-01-02,Friday,9,Student Service Center,1,46,1.0321400682734634,46,0,0,48.41010693717529
2026-05-28,Thursday,17,Student Service Center,4,47,4.603148327319275,44,0,0,57.713487980920874
2026-01-10,Saturday,10,Student Service Center,5,25,5.44654729634429,23,0,0,28.296749041032342
2026-01-22,Thursday,13,Admin Office,3,48,2.1617505124102996,9,1,0,33.38816804702502
2026-03-23,Monday,9,Library Counter,5,31,3.0602594138490007,36,0,0,19.400658940451862
2026-05-04,Monday,8,Library Counter,2,32,4.226532700751248,27,0,0,66.30800248941325
2026-03-30,Monday,11,Library Counter,2,16,6.3846078564270075,20,0,0,51.93045882094754
2026-03-15,Sunday,14,Student Service Center,3,73,2.893162432346248,45,0,0,70.81246948605212
2026-05-30,Saturday,16,Student Service Center,5,21,2.1917794809342164,22,0,0,11.889047097252863
2026-04-05,Sunday,14,Admin Office,1,60,3.4517549322263874,49,0,1,206.64835132261447
2026-05-09,Saturday,14,Admin Office,5,37,3.8510658802867583,13,0,0,30.46161177953173
2026-04-17,Friday,11,Cafeteria,2,8,1.47274370776293,5,0,0,10.439133459799079
2026-01-11,Sunday,16,Student Service Center,2,63,6.3931973292656075,65,0,0,202.51722655106815
2026-04-26,Sunday,13,Admin Office,5,54,5.951955686716606,35,0,1,66.37113627899741
2026-02-24,Tuesday,12,Library Counter,1,75,3.5312614244315057,52,0,0,265.6620947932753
2026-05-16,Saturday,12,Fee Counter,3,45,1.6321915966311709,26,0,0,22.40319929316173
2026-01-27,Tuesday,11,Admin Office,2,27,5.625646423519738,19,0,0,74.66570587612641
2026-05-13,Wednesday,12,Cafeteria,4,28,4.228909453952827,21,0,1,34.39893674686083
2026-06-26,Friday,13,Fee Counter,2,76,1.2901109019543862,54,0,0,50.05736149478722
2026-03-10,Tuesday,15,Cafeteria,1,32,7.275966852247218,24,0,0,230.73173247650087
2026-01-24,Saturday,13,Library Counter,4,74,7.002693616041194,38,1,0,131.58464632759834
2026-02-08,Sunday,12,Fee Counter,3,84,7.66639411494731,56,0,0,216.60423542157662
2026-02-13,Friday,9,Student Service Center,4,24,2.881558248803834,21,0,0,18.40761418337499
2026-04-26,Sunday,12,Admin Office,1,51,2.5582901615981593,28,0,0,128.4210567790571
2026-06-08,Monday,9,Cafeteria,2,53,5.089757977499177,56,0,1,134.88114186492112
2026-05-01,Friday,17,Cafeteria,1,45,2.123172559662159,43,0,0,98.61615032173032
2026-02-09,Monday,17,Cafeteria,2,79,1.0092314671819116,78,0,0,43.913544926602206
2026-05-17,Sunday,12,Student Service Center,5,85,3.337676682731791,44,1,0,59.63063033400368
2026-06-14,Sunday,12,Admin Office,2,116,3.773560531780096,75,1,0,219.06764326098
2026-04-04,Saturday,11,Cafeteria,5,63,2.2311293724191086,45,1,0,28.9253200477866
2026-06-23,Tuesday,11,Fee Counter,2,80,7.171703831799945,72,0,0,290.77872829760395
2026-06-04,Thursday,13,Library Counter,4,33,7.339929500762075,18,0,0,63.80094382675448
2026-06-24,Wednesday,10,Cafeteria,2,29,5.341772203888886,11,1,0,75.69614681323193
2026-02-27,Friday,9,Student Service Center,2,32,3.1421745397571756,33,0,0,52.60253755033515
2026-03-21,Saturday,14,Fee Counter,5,82,7.848865415510871,60,0,0,128.20909978423285
2026-03-17,Tuesday,11,Library Counter,2,71,5.229975137782463,71,0,0,187.93316688415564
2026-01-09,Friday,11,Admin Office,3,17,4.560713152559324,16,0,0,29.01114207421249
2026-06-12,Friday,17,Student Service Center,1,66,3.641869079358714,66,0,0,240.08688957733665
2026-04-29,Wednesday,15,Fee Counter,2,62,5.471150677145319,59,0,0,172.55881342933432
2026-04-08,Wednesday,13,Library Counter,1,46,2.229706765018693,18,0,0,102.72198124325757
2026-04-09,Thursday,13,Library Counter,2,55,5.368592523592089,24,1,0,151.73468135563064
2026-06-05,Friday,12,Fee Counter,1,30,1.825984557167797,15,0,0,56.27206868044175
2026-01-23,Friday,9,Fee Counter,1,62,6.14377979632611,60,0,0,382.70280493775726
2026-04-25,Saturday,14,Admin Office,4,68,3.917511783339091,55,0,1,70.16633166409257
2026-01-26,Monday,15,Fee Counter,1,93,4.798348854992489,71,1,0,448.8045010553017
2026-02-15,Sunday,12,Cafeteria,4,98,4.5842264426215555,65,1,0,112.06864704119245
2026-05-04,Monday,11,Library Counter,5,54,2.8855639645422384,41,1,0,33.06304678130352
2026-04-17,Friday,14,Library Counter,1,94,5.572752921039806,65,0,0,525.3225548563587
2026-03-02,Monday,16,Admin Office,2,52,4.3220949161470585,51,0,0,116.85858046934881
2026-01-23,Friday,14,Fee Counter,5,43,3.7320513304566565,18,0,0,29.475837855478165
2026-05-30,Saturday,12,Fee Counter,3,72,3.2549034015847003,39,1,0,78.11469153594066
2026-04-13,Monday,16,Admin Office,4,59,7.4319730876333505,39,1,0,108.90675829788562
2026-03-20,Friday,8,Cafeteria,1,19,2.1360582810641273,20,0,0,41.59188997148603
2026-06-24,Wednesday,10,Library Counter,2,21,4.122261597270436,14,0,0,40.97947159537616
2026-01-22,Thursday,16,Student Service Center,4,63,1.8650724431502606,63,0,0,27.86753717153689
2026-04-26,Sunday,16,Fee Counter,2,27,5.482919124118691,27,0,0,75.70347311734005
2026-02-25,Wednesday,10,Fee Counter,3,13,2.445575259658237,13,0,0,9.606787344912167
2026-02-07,Saturday,10,Admin Office,1,62,1.3377348196411998,59,0,0,81.54495729590303
2026-02-01,Sunday,11,Admin Office,3,37,3.7315029541133224,30,0,0,48.699050837607956
2026-03-11,Wednesday,9,Fee Counter,4,54,4.369153840081926,46,0,0,58.66598640355163
2026-04-10,Friday,12,Fee Counter,3,93,6.280987979383496,73,0,0,191.85755676548055
2026-02-14,Saturday,17,Admin Office,2,77,5.444889315436649,78,0,0,207.52379727576127
2026-04-14,Tuesday,12,Admin Office,2,38,2.752312659655813,26,0,1,50.528252849199546
2026-06-13,Saturday,12,Admin Office,3,47,6.031933423449088,23,0,0,94.83182121890715
2026-05-14,Thursday,11,Fee Counter,4,50,2.554000051727571,61,0,1,33.46211004504062
2026-06-02,Tuesday,8,Cafeteria,3,90,5.86610400742412,72,1,0,174.89114046979546
2026-04-22,Wednesday,17,Fee Counter,5,50,5.927294483520875,43,0,0,63.67565539658177
2026-01-23,Friday,8,Student Service Center,5,52,2.6741160228706544,52,0,0,26.33907972904463
2026-03-25,Wednesday,17,Fee Counter,2,68,1.4061643566979898,57,1,0,47.595634166229196
2026-05-11,Monday,14,Library Counter,3,108,6.32409120855249,74,1,0,229.03749303350875
2026-02-21,Saturday,11,Cafeteria,4,8,7.305561821434945,11,0,0,18.080056811102235
2026-04-20,Monday,15,Student Service Center,1,43,4.153806468807193,48,0,0,181.86979200391525
2026-04-06,Monday,9,Student Service Center,2,74,2.979041899238066,78,0,0,111.04289056078849
2026-02-24,Tuesday,12,Cafeteria,2,108,3.553393749425583,78,1,1,190.6519206056267
2026-05-31,Sunday,10,Fee Counter,2,29,6.4739435821565925,30,0,0,92.21703204719509
2026-01-07,Wednesday,14,Admin Office,4,85,5.116260724336492,69,0,0,111.88120037783911
2026-01-14,Wednesday,16,Cafeteria,5,21,2.4346084245075255,28,0,1,10.91227990727028
2026-05-05,Tuesday,17,Admin Office,2,26,2.40483175021456,25,0,0,30.878272468107788
2026-04-05,Sunday,17,Library Counter,3,14,7.024949048996908,14,0,0,34.7541225464679
2026-02-18,Wednesday,11,Fee Counter,5,71,2.5075077191106026,47,1,0,33.456929461239056
2026-01-29,Thursday,11,Fee Counter,2,26,2.235291521868334,12,1,0,31.769383215521046
2026-04-06,Monday,15,Student Service Center,3,48,2.866467558643035,42,0,0,45.89389083618334
2026-01-03,Saturday,12,Student Service Center,4,99,5.430632993287419,79,0,0,131.75715174655514
2026-03-28,Saturday,16,Fee Counter,2,32,2.393852110854816,23,0,0,38.36050916106318
2026-02-17,Tuesday,9,Admin Office,5,14,5.153074971266058,18,0,1,17.129611539390257
2026-01-20,Tuesday,11,Library Counter,2,14,4.587646772310639,16,0,0,33.91141519274208
2026-05-01,Friday,16,Cafeteria,1,42,2.4139955895073864,47,0,0,103.30487432546684
2026-05-18,Monday,9,Cafeteria,1,13,7.130750652159229,8,0,0,97.28472597743617
2026-01-25,Sunday,15,Fee Counter,5,75,6.00383294423506,77,0,0,87.30866624639896
2026-01-14,Wednesday,9,Cafeteria,2,83,7.7500318872163465,60,1,0,322.5923293687345
2026-01-26,Monday,15,Cafeteria,4,10,4.3041748326358125,11,0,0,11.862623671151217
2026-04-16,Thursday,15,Fee Counter,1,10,4.489597797695073,22,0,1,45.27367954820163
2026-06-03,Wednesday,11,Cafeteria,2,61,5.899119889458228,58,0,0,177.35040593921454
2026-04-26,Sunday,8,Fee Counter,5,2,7.876112122795251,11,0,1,7.644366782995541
2026-03-09,Monday,8,Cafeteria,1,30,3.7408885088584993,45,0,1,113.1730783036553
2026-01-26,Monday,17,Cafeteria,1,5,3.139023783392645,6,0,0,20.609654688403204
2026-01-06,Tuesday,15,Library Counter,2,24,7.580702445680923,15,0,0,89.87356761355777
2026-04-04,Saturday,8,Cafeteria,3,26,7.606960322467504,11,1,0,68.02537672584023
2026-06-07,Sunday,10,Admin Office,4,55,7.208015130645023,60,0,0,99.54068393042921
2026-01-16,Friday,9,Library Counter,4,58,5.161996080155203,44,1,0,73.04416325214815
2026-06-16,Tuesday,17,Fee Counter,4,41,6.785374556664932,56,0,1,73.35919458270473
2026-02-06,Friday,9,Admin Office,2,71,4.783228319733716,60,1,0,169.14018097377595
2026-04-09,Thursday,11,Admin Office,2,30,4.745905666857564,27,0,0,72.89501937075272
2026-02-17,Tuesday,9,Library Counter,5,56,4.631383007253234,54,0,0,53.78584533439131
2026-02-25,Wednesday,9,Library Counter,5,34,5.08706222072092,42,0,1,33.082705549972914
2026-02-13,Friday,9,Admin Office,1,70,4.923755747498799,65,0,0,344.6011530099199
2026-04-21,Tuesday,14,Cafeteria,3,82,3.864358000813905,62,0,0,107.24233411260238
2026-01-04,Sunday,16,Cafeteria,2,28,2.184143412389775,33,0,0,31.683330880157346
2026-01-07,Wednesday,15,Cafeteria,2,25,6.712236689882824,39,0,1,84.13224935140748
2026-03-01,Sunday,11,Admin Office,1,41,3.9031408622056083,42,0,0,159.41976760598678
2026-01-03,Saturday,16,Admin Office,4,19,7.899580881488774,8,1,1,39.63777942406046
2026-04-08,Wednesday,15,Admin Office,1,70,6.887847039464977,64,0,0,484.86443360863205
2026-04-25,Saturday,9,Admin Office,1,27,6.646108353500333,10,1,0,180.26482959045586
2026-01-23,Friday,16,Library Counter,1,20,1.2206842591986744,9,1,1,22.64476537216288
2026-05-21,Thursday,15,Cafeteria,1,1,3.669805759038765,5,0,0,2.8259442889554136
2026-01-22,Thursday,12,Student Service Center,2,62,2.005718115013111,45,0,1,61.275797821910025
2026-06-27,Saturday,14,Library Counter,5,98,2.328716184576063,71,0,0,43.120018664214044
2026-03-15,Sunday,12,Library Counter,3,58,6.967240972104671,38,0,0,135.05945038521577
2026-05-13,Wednesday,14,Library Counter,3,95,4.829453617992765,76,0,0,151.18269694925152
2026-02-07,Saturday,12,Fee Counter,4,54,2.5574407244518746,38,0,0,35.64969951022913
2026-02-25,Wednesday,15,Admin Office,4,55,2.7163959457297557,55,1,1,40.87291179068534
2026-06-12,Friday,10,Fee Counter,3,11,3.337008194439436,14,0,0,10.181221647334194
2026-06-07,Sunday,9,Student Service Center,1,23,4.757502031107377,28,0,0,110.63054465226645
2026-01-18,Sunday,8,Cafeteria,4,21,3.6084620057191374,22,0,0,20.858200045680057
2026-01-31,Saturday,15,Cafeteria,2,23,6.419240640410255,18,0,0,74.95629846378613
2026-06-11,Thursday,16,Admin Office,4,37,3.309070920746278,32,0,0,34.81815306663024
2026-05-19,Tuesday,15,Cafeteria,1,53,6.6612275995587655,47,0,0,351.4976085054205
2026-02-02,Monday,14,Fee Counter,3,103,1.1970083834645793,69,1,0,41.606549118005674
2026-04-09,Thursday,11,Admin Office,4,52,7.490962574366291,50,0,0,98.36246381034428
2026-04-24,Friday,16,Fee Counter,1,45,7.483718365473073,41,0,0,335.84532404604596
2026-05-24,Sunday,14,Fee Counter,5,121,7.820912961602348,78,1,0,189.13992030572075
2026-02-01,Sunday,14,Cafeteria,5,34,5.499773606423185,13,0,0,36.01594505203204
2026-05-02,Saturday,13,Admin Office,1,63,1.1304800325890345,39,0,0,76.11740112328529
2026-05-22,Friday,11,Fee Counter,1,69,5.7134919993330655,55,1,0,394.8660593148132
2026-04-10,Friday,9,Fee Counter,4,72,3.4439063082299874,75,0,0,64.48391614077059
2026-06-23,Tuesday,16,Student Service Center,3,51,3.2787232911891384,38,1,1,59.81502421381265
2026-06-13,Saturday,10,Admin Office,2,32,2.6808749764675213,32,0,0,42.96998362838528
2026-04-09,Thursday,14,Admin Office,4,38,2.0238448041445625,22,0,0,19.77822067579161
2026-02-01,Sunday,14,Fee Counter,5,92,1.5137102805565084,75,0,0,30.271964460607574
2026-04-25,Saturday,17,Student Service Center,4,16,3.008151368395959,12,0,0,9.070114643046722
2026-03-17,Tuesday,8,Admin Office,4,69,7.327980658690208,67,0,0,127.13088634596595
2026-01-27,Tuesday,17,Student Service Center,3,29,5.287962954793512,22,0,0,53.79799500657746
2026-02-26,Thursday,16,Fee Counter,2,64,1.9868360597980592,57,0,0,66.6959133564435
2026-03-28,Saturday,15,Admin Office,1,20,3.744223677576684,26,0,1,74.24282244356301
2026-01-02,Friday,15,Admin Office,2,68,2.385025667108508,64,0,0,79.97548631399991
2026-03-24,Tuesday,15,Cafeteria,1,23,6.57840308559414,28,0,0,153.11830754165305
2026-04-01,Wednesday,13,Student Service Center,1,53,1.7356650902799782,14,1,0,92.89125784368564
2026-04-13,Monday,12,Cafeteria,4,94,3.22577980734673,70,0,0,76.51289844094947
2026-05-31,Sunday,10,Student Service Center,5,31,7.015823842257677,31,0,0,41.84377194663111
2026-05-30,Saturday,14,Admin Office,4,48,2.8204408825919294,26,0,0,36.30443198526868
2026-05-17,Sunday,17,Admin Office,3,23,2.491002490778162,14,0,0,23.763610564218396
2026-03-29,Sunday,8,Cafeteria,5,42,3.3963917640785835,40,0,0,27.226228540876185
2026-01-05,Monday,8,Cafeteria,3,85,6.612819332809403,77,0,0,190.87663228656166
2026-02-08,Sunday,10,Student Service Center,4,18,3.112432352763512,16,0,0,18.594182114176483
2026-04-21,Tuesday,17,Fee Counter,2,71,4.500339007942331,54,1,0,161.1892061387072
2026-04-25,Saturday,11,Admin Office,2,60,1.9462777834481964,36,1,0,62.73731516366713
2026-03-17,Tuesday,17,Cafeteria,4,33,2.7798698020940305,34,0,0,26.738601280577555
2026-05-09,Saturday,9,Fee Counter,2,35,6.430021767878784,28,0,0,112.78534157322764
2026-06-29,Monday,11,Student Service Center,1,43,4.865150740110709,44,0,0,213.75901753588718
2026-06-15,Monday,16,Admin Office,1,34,2.019614351176833,20,1,0,66.08435973172806
2026-03-27,Friday,15,Admin Office,4,64,2.853987735876267,60,0,0,44.186957565729394
2026-05-09,Saturday,8,Fee Counter,2,39,5.031834598086203,52,0,1,96.45984944581852
2026-06-14,Sunday,16,Fee Counter,4,73,2.313727501355884,70,0,0,43.8246355842603
2026-05-07,Thursday,8,Admin Office,3,98,3.9510171527196314,75,1,0,130.10364325473125
2026-05-24,Sunday,16,Cafeteria,4,53,4.276836273741056,44,0,0,61.12800026702555
2026-01-01,Thursday,12,Student Service Center,1,50,3.0275663339410506,31,0,0,150.65799731630372
2026-05-04,Monday,13,Student Service Center,2,71,3.654810363059764,46,0,0,128.42772729514044
2026-06-22,Monday,9,Student Service Center,2,77,4.861023032980899,76,0,0,187.41153869191007
2026-01-29,Thursday,8,Library Counter,3,55,4.402859695652367,54,0,0,79.07338638466979
2026-04-22,Wednesday,13,Library Counter,4,58,7.250440884286949,30,0,0,103.61688379723495
2026-06-23,Tuesday,8,Fee Counter,2,80,6.325605764866413,75,0,0,255.00870831105343
2026-06-21,Sunday,10,Fee Counter,3,35,4.755287213547604,30,0,0,57.69944557241422
2026-04-09,Thursday,15,Library Counter,5,41,1.6121808762799132,37,0,0,17.745911098678782
2026-05-19,Tuesday,17,Admin Office,1,22,6.266806630875125,6,1,0,140.5446299579799
2026-06-19,Friday,12,Admin Office,2,68,6.803346232818762,52,0,0,236.23307997003346
2026-04-01,Wednesday,8,Student Service Center,4,81,6.07286865887117,78,0,0,125.79008536276292
2026-04-17,Friday,16,Library Counter,3,18,2.33581004195674,23,0,0,14.932867230060287
2026-04-04,Saturday,14,Student Service Center,4,18,7.038221135004692,13,0,1,35.75039720928458
2026-02-26,Thursday,17,Cafeteria,4,92,6.451450932067243,68,1,0,148.1569179148598
2026-05-28,Thursday,11,Fee Counter,3,79,5.016504127700661,76,0,0,130.60517680090308
2026-03-17,Tuesday,9,Library Counter,5,94,2.892025322557687,78,1,0,54.24705442468397
2026-06-12,Friday,13,Admin Office,4,52,3.9971662461805755,28,0,0,52.22263458567513
2026-03-16,Monday,16,Fee Counter,3,55,2.4556007456128786,40,1,0,45.981982177224204
2026-06-26,Friday,8,Admin Office,2,29,7.304603116761513,31,0,0,103.91363447196794
2026-06-15,Monday,13,Cafeteria,4,32,7.134006810459237,10,0,0,55.52131340140417
2026-05-09,Saturday,15,Library Counter,4,44,1.3359715740438574,43,0,0,18.375183012749954
2026-01-10,Saturday,14,Library Counter,5,33,1.462443385005837,12,0,0,10.780794367296718
2026-02-11,Wednesday,17,Admin Office,2,23,7.787711105589853,16,0,0,94.1599232444941
2026-03-17,Tuesday,17,Admin Office,2,20,5.978722999659193,29,0,1,63.16818409770661
2026-06-04,Thursday,16,Library Counter,5,17,3.4982842888286036,10,0,0,10.568838851933815
2026-05-25,Monday,8,Student Service Center,1,71,6.070222245537794,68,0,0,431.6343880756669
2026-01-11,Sunday,13,Cafeteria,5,59,7.98869771585045,25,1,0,97.93530707658216
2026-01-04,Sunday,13,Library Counter,5,80,1.4336944457042828,61,0,0,24.595829637744647
2026-02-20,Friday,9,Library Counter,5,90,6.088796212565598,76,1,0,109.34783401319064
2026-06-17,Wednesday,15,Cafeteria,5,81,3.4585590917119533,74,0,0,54.65790085811957
2026-03-16,Monday,13,Fee Counter,5,54,6.571755817073983,19,1,0,68.94326187957773
2026-05-30,Saturday,16,Admin Office,4,22,7.9194569282787874,14,0,0,48.45530212191075
2026-06-09,Tuesday,11,Admin Office,5,89,5.50518748252849,68,1,0,97.9226188765148
2026-04-05,Sunday,17,Fee Counter,5,5,2.146164407033166,5,0,0,6.332316839074776
2026-04-24,Friday,9,Library Counter,5,37,3.5559352357769582,34,0,0,25.002254215871957
2026-02-03,Tuesday,16,Admin Office,1,63,3.3892827730341155,63,0,0,213.5326990151915
2026-04-08,Wednesday,13,Cafeteria,4,97,3.0307422831376574,72,0,0,75.93480394306096
2026-04-28,Tuesday,12,Library Counter,3,73,4.205829182844003,39,1,0,102.78831700710458
2026-05-07,Thursday,8,Fee Counter,5,72,5.858606590709157,72,0,0,85.3727611241205
2026-05-04,Monday,10,Cafeteria,1,76,7.646120238146868,77,0,0,584.9961081967003
2026-02-28,Saturday,16,Student Service Center,2,43,7.459912617389423,34,0,0,159.75087447174695
2026-01-20,Tuesday,9,Admin Office,1,21,5.436142105642965,14,0,0,115.06253558659205
2026-03-15,Sunday,14,Student Service Center,1,60,3.938756553007044,34,0,0,235.10504625787
2026-02-11,Wednesday,12,Admin Office,3,43,5.928727806711769,20,0,0,89.41231329871893
2026-03-29,Sunday,14,Fee Counter,1,57,7.158480745751998,38,0,0,411.44874338671275
2026-06-11,Thursday,16,Admin Office,4,13,7.157074075843825,6,0,0,24.394395332522212
2026-05-01,Friday,13,Library Counter,2,31,2.8420829555976814,14,0,0,47.35454532527576
2026-05-28,Thursday,8,Admin Office,5,46,7.294920121361119,51,0,0,65.07156316509555
2026-03-01,Sunday,13,Admin Office,1,89,4.143179973518825,74,0,0,367.5654783365977
2026-06-02,Tuesday,10,Student Service Center,3,49,2.932410587029354,49,0,0,46.17885658105634
2026-05-03,Sunday,11,Admin Office,1,79,3.557706213351869,76,0,0,283.67973784253206
2026-06-14,Sunday,14,Cafeteria,1,37,3.207520815545788,18,0,1,121.29266835836745
2026-04-21,Tuesday,16,Fee Counter,3,42,2.3619273256514495,37,0,0,31.509319383976916
2026-04-29,Wednesday,8,Admin Office,3,38,3.5830700023090905,40,0,0,42.82250320751464
2026-03-04,Wednesday,15,Student Service Center,1,61,3.453941113879732,60,0,0,211.94958353265156
2026-02-07,Saturday,15,Cafeteria,1,17,3.481669814164261,10,0,0,64.1332537410711
2026-01-09,Friday,10,Admin Office,5,34,6.316855946434137,30,0,0,45.517715527591946
2026-03-21,Saturday,11,Cafeteria,4,38,7.387478860708067,29,0,0,68.62518461710523
2026-03-02,Monday,10,Cafeteria,5,76,1.2130372833863778,77,0,0,17.099901369204968
2026-01-10,Saturday,13,Fee Counter,2,72,1.8964457658991543,47,0,0,72.85574803718768
2026-06-15,Monday,10,Admin Office,3,62,7.867564854687304,55,0,0,166.98534144482932
2026-01-14,Wednesday,15,Library Counter,4,50,4.956842468379419,44,0,0,64.38164757748476
2026-02-23,Monday,16,Admin Office,3,34,1.4883029912364574,35,0,0,21.23444556850049
2026-06-03,Wednesday,9,Fee Counter,4,30,5.445063171438821,36,0,1,43.34118751037366
2026-02-25,Wednesday,15,Library Counter,5,68,7.663442253636901,70,0,0,105.50307284132826
2026-02-28,Saturday,17,Admin Office,3,71,2.373537728916687,67,0,0,58.8712211013692
2026-01-20,Tuesday,12,Cafeteria,1,46,4.9922123452409455,25,0,0,227.66452399096298
2026-05-19,Tuesday,13,Admin Office,3,21,5.283779237858667,13,0,1,39.318273789239285
2026-03-31,Tuesday,11,Student Service Center,4,45,4.489569670367095,56,0,1,54.31397097971882
2026-02-05,Thursday,11,Cafeteria,1,21,6.028100720220875,13,1,1,126.76255305641885
2026-05-24,Sunday,12,Cafeteria,1,26,1.5721344598458784,11,0,0,42.22078151581585
2026-06-19,Friday,17,Cafeteria,2,48,2.5507025155800878,42,0,0,61.810428150918256
2026-04-29,Wednesday,14,Library Counter,1,46,2.6701330463433157,22,0,0,125.86579923076998
2026-05-10,Sunday,13,Library Counter,2,67,7.069906345807411,38,0,0,236.55650008055082
2026-04-20,Monday,15,Fee Counter,3,86,7.109259533816195,70,1,0,203.78047325467034
2026-04-18,Saturday,14,Library Counter,5,54,6.5276536236342375,19,1,0,75.47663085905468
2026-02-10,Tuesday,8,Fee Counter,2,85,2.112629917452775,65,1,0,92.01673525642056
2026-01-02,Friday,14,Fee Counter,2,89,6.617946420233949,67,0,0,297.1872303644891
2026-03-21,Saturday,9,Fee Counter,4,33,3.1195591857160276,26,0,0,28.595321183141195
2026-03-14,Saturday,11,Student Service Center,4,56,4.675946576124975,46,1,0,66.24987548211467
2026-02-09,Monday,13,Student Service Center,2,22,7.37943219342837,6,0,0,78.66456825705794
2026-02-22,Sunday,17,Cafeteria,4,63,3.020683591267345,61,0,0,48.704518441150896
2026-02-17,Tuesday,16,Fee Counter,4,53,3.193059212145876,52,0,0,41.54321315115736
2026-05-26,Tuesday,8,Admin Office,2,35,4.924920962557332,35,0,0,86.02929527599224
2026-04-27,Monday,14,Fee Counter,3,58,1.1798842419227178,36,0,0,21.386077897412147
2026-03-03,Tuesday,9,Admin Office,3,22,4.773133991275721,25,0,0,39.86102983731393
2026-06-29,Monday,13,Library Counter,2,86,7.687757064923918,58,0,0,331.57028991944173
2026-06-15,Monday,17,Fee Counter,5,56,2.3793594130381006,48,0,0,30.069128601799637
2026-03-19,Thursday,11,Student Service Center,4,17,4.1919878753926065,17,0,0,17.42358484775955
2026-01-23,Friday,13,Student Service Center,5,105,2.0813787550826355,75,1,0,42.38816308033372
2026-05-07,Thursday,8,Library Counter,5,90,4.426848348193807,74,1,0,79.37724776317727
2026-05-02,Saturday,12,Admin Office,5,31,1.827185166392404,11,0,0,11.779693805950913
2026-03-29,Sunday,17,Student Service Center,2,46,6.097255566812924,26,1,0,143.3690364741102
2026-05-17,Sunday,8,Student Service Center,3,34,4.64580713846633,20,1,0,56.96680606130013
2026-01-22,Thursday,16,Admin Office,4,9,1.7653118481006433,18,0,1,2.1128992015659573
2026-04-03,Friday,17,Fee Counter,2,66,5.556652380319832,69,0,0,182.26199419716798
2026-03-10,Tuesday,17,Admin Office,4,49,1.7463375570152442,33,1,0,22.185620390035755
2026-02-15,Sunday,14,Library Counter,1,31,6.71063887735488,10,0,0,212.85244804963395
2026-05-15,Friday,17,Student Service Center,2,4,1.0923137737452029,5,0,0,3.633883037863818
2026-02-06,Friday,17,Student Service Center,2,63,3.3866264111480193,65,0,0,104.1669596789113
2026-05-22,Friday,15,Library Counter,3,55,7.736670808531305,55,0,0,145.13950672037782
2026-06-18,Thursday,14,Fee Counter,3,53,2.5784156224476855,12,1,0,47.232978679194446
2026-05-21,Thursday,9,Library Counter,5,79,7.313925688672643,71,0,0,117.56930317730493
2026-04-05,Sunday,15,Cafeteria,5,19,3.1274438934749025,21,0,0,15.556784685010108
2026-05-23,Saturday,12,Student Service Center,3,75,4.889339472433347,55,0,0,121.02377882058909
2026-06-07,Sunday,8,Admin Office,5,22,7.8875198430389055,23,0,0,38.49071257768961
2026-04-10,Friday,9,Cafeteria,4,40,6.287224901695183,40,0,0,64.1059548583721
2026-03-10,Tuesday,14,Fee Counter,5,60,6.6332476747438,45,0,0,83.54973156507052
2026-05-24,Sunday,9,Fee Counter,5,64,4.967447610777231,61,0,0,66.40392389680189
2026-04-08,Wednesday,8,Admin Office,2,66,1.4459927939035717,65,0,0,47.842604111829424
2026-01-26,Monday,11,Fee Counter,5,22,7.8334364311682645,27,0,0,39.03787567459374
2026-03-16,Monday,12,Fee Counter,2,41,7.67578362040489,14,0,0,155.04402236497174
2026-05-12,Tuesday,16,Student Service Center,2,35,4.530625588654878,37,0,0,82.15665997894236
2026-03-17,Tuesday,13,Fee Counter,4,90,5.947751668957593,62,0,0,133.59708137143016
2026-01-01,Thursday,11,Student Service Center,2,1,3.6678035302814616,6,0,0,1.7605119970749388
2026-05-26,Tuesday,11,Cafeteria,5,37,3.8644582830075986,17,1,0,28.9181490984191
2026-06-28,Sunday,17,Admin Office,5,33,3.7620270837160983,21,1,0,26.025162631940077
2026-01-27,Tuesday,11,Cafeteria,3,50,6.971523229627623,41,0,0,115.27358506383717
2026-01-02,Friday,13,Admin Office,3,54,5.644087083460025,32,0,0,102.91875265843944
2026-05-16,Saturday,8,Fee Counter,3,55,4.158869226035359,48,1,1,81.02348464140204
2026-05-26,Tuesday,14,Library Counter,1,48,2.9543382828025226,31,0,0,142.12566746793829
2026-01-10,Saturday,14,Cafeteria,2,88,4.404327833941329,52,1,0,191.50037286304757
2026-02-16,Monday,14,Fee Counter,4,52,6.30482980967444,23,0,0,84.97150896621612
2026-06-11,Thursday,9,Student Service Center,3,15,4.775815890040025,6,0,0,22.93433397342878
2026-01-06,Tuesday,12,Cafeteria,3,104,6.2952439478807225,75,0,0,217.98479945309853
2026-06-13,Saturday,10,Student Service Center,1,43,7.07584988406514,34,0,0,305.30338539013684
2026-05-14,Thursday,16,Admin Office,3,10,4.186717806603842,11,0,0,18.696309614946237
2026-04-18,Saturday,8,Library Counter,5,69,2.731213399078999,68,0,0,38.47439930389383
2026-01-31,Saturday,13,Student Service Center,2,103,6.239775753703965,63,1,0,319.4715887959588
2026-03-21,Saturday,14,Library Counter,1,81,4.973857202729521,60,0,0,403.39716271779747
2026-06-19,Friday,11,Library Counter,4,58,7.043214362728172,57,0,0,105.84732138432862
2026-03-13,Friday,12,Fee Counter,2,75,6.285890698308281,41,1,0,237.64551252537777
2026-04-08,Wednesday,10,Admin Office,1,72,7.5239592008901806,55,1,0,540.1990053860852
2026-03-26,Thursday,11,Fee Counter,4,38,7.53514075648126,32,0,0,76.28767324414044
2026-01-11,Sunday,16,Student Service Center,3,35,2.80121591338341,21,1,0,35.487206986715236
2026-04-18,Saturday,12,Admin Office,1,58,3.8200432386325165,36,0,0,222.17424196838542
2026-02-04,Wednesday,12,Library Counter,3,79,7.256008224099376,64,0,0,193.25111451487658
2026-06-25,Thursday,13,Fee Counter,3,59,4.9282800131936,16,1,0,95.79828768918198
2026-01-27,Tuesday,16,Admin Office,2,11,7.227856212712687,9,0,0,42.95643301278528
2026-04-17,Friday,9,Library Counter,5,21,3.668525841634453,19,0,0,14.439271116015304
2026-05-17,Sunday,14,Fee Counter,5,82,6.594956836803891,53,0,0,108.28457095172307
2026-03-04,Wednesday,8,Student Service Center,4,33,5.698509160969433,32,0,0,46.070932707774695
2026-05-16,Saturday,9,Cafeteria,5,48,7.843920979871535,43,0,0,78.40955306769807
2026-03-16,Monday,13,Cafeteria,3,16,3.44763123325293,11,0,1,21.851773663142804
2026-03-04,Wednesday,10,Cafeteria,3,13,7.151065231122204,10,0,0,34.08095410045687
2026-06-02,Tuesday,11,Student Service Center,2,36,3.2609565129366898,41,0,1,59.81989134782768
2026-03-24,Tuesday,17,Admin Office,4,19,1.4836743984922447,10,0,0,11.390137219644243
2026-02-19,Thursday,17,Library Counter,3,41,3.4362358729025657,41,0,0,49.20862859014381
2026-02-08,Sunday,16,Admin Office,2,42,5.662627134883736,38,0,0,120.08843468202679
2026-03-26,Thursday,11,Cafeteria,2,36,1.7616643573322914,40,0,1,31.484002945269314
2026-03-27,Friday,9,Fee Counter,3,63,5.437342592754527,50,1,0,116.8471604576678
2026-01-20,Tuesday,10,Cafeteria,5,77,2.2252254471138344,65,1,1,31.67228555733854
2026-02-19,Thursday,11,Student Service Center,1,24,5.502833772024875,27,0,0,131.08051507208887
2026-04-26,Sunday,9,Admin Office,1,40,5.2198302816019195,33,0,0,208.12215244579647
2026-02-28,Saturday,13,Cafeteria,4,102,6.476145838372824,65,1,0,164.18522315705067
2026-02-20,Friday,11,Library Counter,5,49,2.004916271710434,40,0,0,23.265313094592273
2026-02-21,Saturday,15,Student Service Center,4,28,1.6378678428080709,8,1,0,13.887252173879055
2026-01-07,Wednesday,14,Fee Counter,5,85,5.508964176065634,68,0,0,93.94344754666137
2026-06-10,Wednesday,15,Cafeteria,3,25,1.021725412330936,38,0,1,7.27460824008147
2026-03-22,Sunday,14,Cafeteria,4,66,2.384424603032302,55,0,1,39.38858810521866
2026-04-26,Sunday,11,Student Service Center,3,19,1.132805238477831,16,0,0,11.669614482023857
2026-01-05,Monday,16,Admin Office,4,49,4.702026092809523,43,0,0,60.265173421980705
2026-05-14,Thursday,8,Cafeteria,5,33,4.187525548267241,32,0,0,31.85882314331325
2026-04-17,Friday,16,Fee Counter,5,94,5.950917098338852,79,1,0,109.94684542624417
2026-02-06,Friday,17,Fee Counter,1,43,6.543792767191437,31,1,0,280.55735653365576
2026-01-01,Thursday,16,Student Service Center,1,46,3.0933532736165503,51,0,0,144.8527820205694
2026-03-28,Saturday,11,Student Service Center,2,69,2.54247016718867,72,0,0,92.08069011591327
2026-05-18,Monday,17,Cafeteria,3,31,2.0128665605362737,26,0,0,24.045377322493522
2026-02-22,Sunday,15,Admin Office,2,44,3.376300290332707,26,1,0,78.45102823340362
2026-03-24,Tuesday,16,Student Service Center,1,10,5.248511958286632,11,0,0,55.945086850527986
2026-03-31,Tuesday,17,Fee Counter,1,36,2.6220270935369148,22,1,0,98.06971500441192
2026-03-02,Monday,11,Fee Counter,5,27,6.1565699925774675,31,0,0,36.66920744743682
2026-01-03,Saturday,17,Cafeteria,3,15,7.522876886492671,14,0,0,42.10168843165319
2026-04-05,Sunday,13,Admin Office,5,97,3.298531037534169,73,0,0,65.66970147016579
2026-06-03,Wednesday,10,Admin Office,4,57,2.3639170897533512,61,0,0,35.762919214276536
2026-02-04,Wednesday,12,Student Service Center,4,28,6.033058415346893,6,0,0,46.69820142385943
2026-05-03,Sunday,13,Student Service Center,1,30,3.6334498725415147,19,0,1,106.62702301493144
2026-04-04,Saturday,11,Admin Office,4,9,2.93715146927479,9,0,0,11.477495577426478
2026-01-12,Monday,11,Library Counter,3,85,6.55953412157564,77,0,0,188.5152334514556
2026-04-01,Wednesday,10,Library Counter,5,61,1.3006271554048272,71,0,1,14.846442456902368
2026-06-17,Wednesday,14,Admin Office,5,81,4.037942508741795,54,0,0,65.55850337112675
2026-05-06,Wednesday,9,Student Service Center,2,29,4.275893071330525,7,1,0,60.18813610320684
2026-06-22,Monday,14,Admin Office,1,49,3.973352628053705,20,0,0,199.51198160055563
2026-05-17,Sunday,15,Admin Office,2,18,1.138947998935672,15,0,0,7.763437735386723
2026-06-17,Wednesday,10,Admin Office,4,46,3.962146316384452,46,0,0,47.73982228708054
2026-03-29,Sunday,17,Fee Counter,5,1,7.659038143128681,6,0,0,1.8317548182424617
2026-02-20,Friday,8,Cafeteria,3,28,2.051661338053176,40,0,1,16.77360350108362
2026-01-14,Wednesday,9,Cafeteria,3,57,6.98308194233617,51,0,0,130.85633953816506
2026-01-14,Wednesday,16,Fee Counter,3,50,1.68300778313751,42,0,0,28.604571795261588
2026-02-02,Monday,14,Cafeteria,4,68,1.586031182334079,37,1,0,26.38324680782508
2026-06-26,Friday,9,Fee Counter,1,14,4.781040322517344,16,0,0,66.7255447917637
2026-03-19,Thursday,11,Student Service Center,5,42,4.438664477060092,21,1,0,39.44889574587693
2026-03-05,Thursday,17,Fee Counter,1,39,1.5991642090023241,32,0,0,64.98296716532879
2026-04-17,Friday,11,Student Service Center,5,73,4.637908792367241,51,1,0,64.96259483986249
2026-05-08,Friday,14,Library Counter,3,86,3.237649281723086,58,0,0,93.40974402605018
2026-04-03,Friday,9,Admin Office,3,4,6.536439104804192,7,0,0,8.346143671557673
2026-03-23,Monday,12,Student Service Center,3,72,7.803742381421284,37,1,0,189.1751257087705
2026-05-14,Thursday,13,Fee Counter,1,21,5.8260329112442015,5,0,0,120.60203321035759
2026-04-25,Saturday,11,Cafeteria,4,21,4.943708495466806,22,0,0,27.426189957231564
2026-05-15,Friday,8,Student Service Center,4,19,1.46832812575802,26,0,1,9.352838479612899
2026-04-22,Wednesday,12,Cafeteria,5,58,1.303194799740275,53,0,1,13.076642498168209
2026-05-15,Friday,16,Admin Office,2,18,5.769113009315437,18,0,0,52.284541289303036
2026-06-13,Saturday,10,Student Service Center,4,64,6.0343995506961425,69,0,0,95.56464768166194
2026-04-01,Wednesday,9,Fee Counter,1,7,3.775407014785986,7,0,0,27.439104354395266
2026-05-08,Friday,9,Library Counter,2,11,5.490844040050769,9,0,0,33.213694356138134
2026-04-05,Sunday,15,Cafeteria,3,67,3.168574855203999,61,0,0,75.67782630938753
2026-01-15,Thursday,13,Student Service Center,3,43,1.856630996834459,17,0,0,29.745787118511274
2026-05-31,Sunday,10,Student Service Center,1,43,6.59401879995645,43,0,0,288.43068503062835
2026-04-27,Monday,10,Admin Office,4,65,4.359890870245395,63,0,0,74.62133010293793
2026-01-10,Saturday,12,Student Service Center,1,102,4.46177295708703,76,0,0,454.60167432941205
2026-01-06,Tuesday,10,Admin Office,4,4,4.925053359721364,6,0,0,5.173756619161027
2026-06-07,Sunday,10,Library Counter,4,91,6.776899563803684,77,1,0,153.95052146958568
2026-01-18,Sunday,17,Student Service Center,1,35,3.8401324249653483,21,1,0,133.80895968839883
2026-06-08,Monday,12,Library Counter,2,30,1.817700202161045,7,0,0,25.863427980511542
2026-03-19,Thursday,13,Admin Office,5,42,4.217211701355845,15,0,0,35.148246778012115
2026-03-29,Sunday,14,Admin Office,2,96,1.5082101131369057,69,0,0,73.80204689075227
2026-02-21,Saturday,16,Library Counter,1,65,4.5107549548478225,61,0,0,291.841424010846
2026-05-26,Tuesday,11,Library Counter,1,48,7.551993363577713,32,1,0,362.8661212643675
2026-06-19,Friday,11,Admin Office,4,36,5.390837407898296,36,0,0,47.597548468573024
2026-05-11,Monday,14,Library Counter,4,96,3.1934128298411553,76,0,0,76.46701546163673
2026-05-27,Wednesday,15,Fee Counter,2,51,1.9929622078564058,44,0,0,55.33321968146514
2026-06-26,Friday,13,Cafeteria,4,50,1.850042684211037,17,1,0,20.995922485232388
2026-05-14,Thursday,9,Student Service Center,3,47,7.488631217351918,39,0,0,115.1678835326782
2026-02-27,Friday,12,Cafeteria,3,61,7.6182942810507654,36,0,0,155.4354789521174
2026-01-12,Monday,8,Admin Office,3,65,2.960590906051452,71,0,1,63.75507922645197
2026-04-12,Sunday,17,Cafeteria,1,8,2.607321080030056,13,0,1,20.757079741320005
2026-04-06,Monday,13,Student Service Center,4,80,5.273012467425708,56,0,0,107.76460636564887
2026-02-14,Saturday,12,Cafeteria,4,102,4.270633070424169,78,0,0,113.79374564352004
2026-04-12,Sunday,11,Library Counter,5,47,2.4018388105835755,51,0,0,21.13867930912437
2026-03-20,Friday,15,Admin Office,5,19,6.277384994188859,22,0,0,27.35560373851318
2026-01-11,Sunday,12,Admin Office,1,40,5.984154321000449,28,0,1,239.5178146111453
2026-03-08,Sunday,15,Library Counter,4,69,4.612906988406046,65,0,0,78.56476267060435
2026-01-03,Saturday,17,Fee Counter,4,32,4.9912662802707155,37,0,0,38.94352231083183
2026-02-16,Monday,12,Student Service Center,1,101,5.763326418798391,79,0,0,584.8612327783817
2026-05-17,Sunday,17,Cafeteria,5,33,5.040884329345764,31,0,0,36.26080841930156
2026-03-21,Saturday,12,Cafeteria,4,50,3.751063601909725,35,0,0,45.89112637662025
2026-06-08,Monday,16,Fee Counter,5,63,1.04212657339037,57,0,0,15.652114780220277
2026-04-02,Thursday,10,Admin Office,2,62,1.2963455060711868,63,0,0,39.324110362088746
2026-01-17,Saturday,16,Cafeteria,4,24,1.3075149850874994,26,0,1,5.951881226390906
2026-03-04,Wednesday,9,Student Service Center,1,27,2.9958588894029132,12,1,0,80.04175186101502
2026-05-04,Monday,15,Fee Counter,5,87,5.291020690047359,67,1,0,96.55798860387266
2026-05-10,Sunday,14,Library Counter,2,41,7.513500892393785,26,0,0,156.62352358116252
2026-01-17,Saturday,13,Cafeteria,4,62,6.464543573267269,40,0,0,100.68354258516668
2026-01-27,Tuesday,9,Student Service Center,2,69,4.1270797937232215,60,0,0,146.00262778538067
2026-06-07,Sunday,15,Student Service Center,1,7,6.150207852564272,16,0,1,47.554670190504595
2026-02-13,Friday,9,Student Service Center,4,33,3.440916669119365,25,0,0,27.937382278188743
2026-04-15,Wednesday,8,Admin Office,1,64,3.102779832702882,61,0,0,199.93127854684525
2026-06-20,Saturday,16,Cafeteria,4,45,2.41866717751966,43,0,0,28.27280184459136
2026-05-24,Sunday,16,Library Counter,2,38,1.4010039888138768,20,1,0,27.078934758425586
2026-03-04,Wednesday,11,Library Counter,2,9,7.331756370170752,13,0,0,37.69387619422935
2026-06-28,Sunday,12,Admin Office,5,68,6.180276551365067,40,0,0,88.9531232537398
2026-05-02,Saturday,10,Student Service Center,1,63,2.1403990003906594,60,0,0,136.65824246884577
2026-06-06,Saturday,17,Cafeteria,5,60,5.889528963828313,53,0,0,73.04921007285677
2026-06-19,Friday,8,Fee Counter,2,72,7.240652530430638,67,0,0,259.8678086166638
2026-05-16,Saturday,15,Fee Counter,5,40,4.030246008366705,37,0,0,32.16083718548377
2026-02-26,Thursday,13,Fee Counter,1,90,1.6282873344156146,60,1,0,145.0001677269085
2026-05-15,Friday,16,Admin Office,2,38,6.548042345153601,29,0,0,128.0999779013764
2026-01-09,Friday,16,Student Service Center,3,74,6.36728179635784,72,0,0,155.9334240079104
2026-06-21,Sunday,15,Fee Counter,4,10,4.135578430681053,6,0,0,12.54133253639932
2026-03-18,Wednesday,17,Student Service Center,5,69,4.923552076916942,70,0,0,70.43902899994347
2026-06-27,Saturday,14,Cafeteria,2,50,6.362654173065151,30,0,0,161.40182137831775
2026-06-03,Wednesday,9,Student Service Center,1,26,3.789621891556201,20,0,0,96.82840487171065
2026-04-02,Thursday,12,Admin Office,1,98,3.7486162667373324,72,0,0,370.7319131738468
2026-06-03,Wednesday,9,Cafeteria,5,63,7.267086084650686,57,0,0,93.82998046435576
2026-05-09,Saturday,10,Fee Counter,3,67,5.7900939077226266,69,0,0,131.1690776285816
2026-06-12,Friday,15,Fee Counter,3,16,1.0663519979260578,15,0,0,7.506530988116562
2026-03-31,Tuesday,11,Cafeteria,3,90,6.0607203718023115,69,1,0,185.01745682234284
2026-03-08,Sunday,16,Cafeteria,1,80,1.5825450252256017,73,0,0,127.3887437226717
2026-05-29,Friday,13,Cafeteria,4,48,4.996107600145859,26,0,0,62.4140911547798
2026-03-15,Sunday,8,Student Service Center,2,62,3.730332882418554,59,0,0,116.00017442039244
2026-01-10,Saturday,14,Student Service Center,4,78,3.3457503471846137,63,0,0,62.691867239095785
2026-05-11,Monday,17,Student Service Center,2,6,5.036406398613803,9,0,0,15.337620498924341
2026-03-26,Thursday,14,Library Counter,3,35,3.9977255157932086,9,0,0,46.16872259684084
2026-06-21,Sunday,13,Admin Office,1,72,6.2002352474553355,54,0,0,448.22389441665575
2026-05-02,Saturday,14,Fee Counter,3,59,4.850671269414683,42,0,0,99.97944767974823
2026-02-21,Saturday,9,Cafeteria,1,41,7.500527951328292,53,0,1,306.16545056666996
2026-03-19,Thursday,14,Fee Counter,5,87,5.779835460354747,64,0,0,104.59948590843985
2026-01-30,Friday,11,Library Counter,4,55,7.19241205872462,54,0,0,100.08742572306073
2026-04-09,Thursday,10,Library Counter,5,13,6.706536518847727,18,0,0,22.18235406191365
2026-03-19,Thursday,17,Cafeteria,5,39,7.806624688842353,44,0,0,63.96751592290134
2026-03-20,Friday,11,Cafeteria,1,39,1.345795531137369,35,0,0,55.22650477607168
2026-04-07,Tuesday,8,Admin Office,4,34,1.0091327633163805,31,0,0,10.719841703342484
2026-03-04,Wednesday,8,Admin Office,1,35,7.215439505760827,17,1,0,255.35385764807822
2026-06-04,Thursday,17,Cafeteria,2,34,4.6662003304550455,26,0,0,81.42218162204534
2026-01-01,Thursday,11,Library Counter,1,2,5.380866786826882,7,0,0,11.7219198409541
2026-03-26,Thursday,9,Fee Counter,4,59,4.503110920204097,38,1,0,70.81292515020546
2026-01-13,Tuesday,13,Cafeteria,4,50,4.848981327230812,33,0,0,63.723509531692315
2026-03-17,Tuesday,17,Fee Counter,1,22,2.509903052824658,16,0,0,52.63929903063364
2026-04-04,Saturday,11,Cafeteria,5,46,1.8192999981240492,23,1,0,14.67888456454622
2026-04-16,Thursday,14,Admin Office,2,35,7.546402079433722,16,0,0,135.02658247859938
2026-06-08,Monday,16,Fee Counter,3,42,1.2582624523802453,33,0,0,22.14672336047174
2026-01-28,Wednesday,11,Admin Office,1,68,2.1815421478893473,61,0,0,147.7818170455073
2026-04-11,Saturday,14,Fee Counter,5,59,6.199086791034076,41,0,0,76.44093262578802
2026-02-23,Monday,12,Fee Counter,2,86,3.0916381458045503,70,0,1,135.29665099766999
2026-01-16,Friday,10,Student Service Center,3,21,3.6894680690518387,5,1,0,24.35228404653458
2026-02-20,Friday,14,Fee Counter,2,77,5.260872730491527,50,0,0,203.09509630237275
2026-01-18,Sunday,9,Library Counter,2,12,4.175854724880162,12,0,0,29.01209495421915
2026-03-19,Thursday,12,Student Service Center,1,38,3.6368684294894886,12,0,0,142.7167850077182
2026-03-09,Monday,14,Admin Office,5,77,3.82903970989172,38,1,0,59.53682210205324
2026-01-17,Saturday,12,Admin Office,1,50,2.427333991692008,26,0,0,125.54574975328376
2026-04-07,Tuesday,17,Student Service Center,3,67,5.582926899844013,44,1,0,126.63741341065223
2026-04-19,Sunday,17,Cafeteria,4,28,2.8337781418043946,42,0,1,21.685835912672534
2026-05-20,Wednesday,12,Fee Counter,5,85,5.608593671233406,60,0,0,93.78016212546032
2026-06-08,Monday,17,Admin Office,4,86,1.0798835475069413,79,0,0,21.405812651936074
2026-06-24,Wednesday,12,Library Counter,4,98,7.265047121645839,77,0,0,178.24809114474073
2026-03-05,Thursday,14,Fee Counter,1,95,4.774398535966792,51,1,0,452.1816201998877
2026-06-16,Tuesday,13,Admin Office,4,65,3.3343285111010026,31,1,0,57.62910365006756
2026-01-04,Sunday,17,Cafeteria,1,8,1.9535784964365706,9,0,0,16.80091121126394
2026-02-22,Sunday,8,Fee Counter,2,13,4.75993287855359,15,0,0,34.37804084169431
2026-03-05,Thursday,10,Fee Counter,4,30,2.9642075848174185,23,1,1,26.515008594353603
2026-04-06,Monday,15,Student Service Center,5,34,5.067027967061355,33,0,0,38.93311014231922
2026-01-03,Saturday,17,Student Service Center,5,54,1.8420205836348023,50,0,0,21.921299953611197
2026-05-13,Wednesday,10,Cafeteria,2,16,2.7890575081973337,14,0,0,22.800330669330492
2026-06-04,Thursday,13,Student Service Center,5,73,2.1125166278186955,44,0,0,31.482384350701185
2026-04-22,Wednesday,17,Library Counter,1,36,2.7035923061588925,17,1,0,102.10714321842167
2026-02-19,Thursday,14,Fee Counter,2,87,5.813988453920415,68,0,0,251.9286614535192
2026-06-13,Saturday,17,Fee Counter,2,39,3.6762294147252907,35,0,0,69.2456599211049
2026-06-20,Saturday,10,Student Service Center,4,42,2.158697109823736,46,0,0,23.432180011753648
2026-02-23,Monday,10,Fee Counter,1,56,4.978612289803899,68,0,1,280.3143909581448
2026-04-28,Tuesday,17,Student Service Center,2,28,1.3707373587920682,23,0,0,18.454757485003736
2026-05-21,Thursday,13,Student Service Center,1,73,1.633964820913099,45,0,0,121.38187704666556
2026-01-30,Friday,16,Student Service Center,3,20,4.084605602954523,13,0,0,31.45392525604229
2026-06-10,Wednesday,9,Admin Office,2,51,5.595106181287768,55,0,0,145.39482078299142
2026-03-20,Friday,9,Student Service Center,3,74,4.589844455700957,50,1,0,114.8827084473146
2026-03-30,Monday,15,Fee Counter,3,40,7.260437546847434,16,1,0,97.10259006358527
2026-04-24,Friday,12,Fee Counter,2,57,3.346470905727732,25,1,0,96.64856768473732
2026-02-01,Sunday,17,Cafeteria,2,61,5.885908860090094,37,1,0,181.34998969966358
2026-04-27,Monday,11,Fee Counter,4,9,2.4675232328945897,10,0,0,5.008585704838238
2026-03-11,Wednesday,13,Library Counter,3,74,4.574857886986785,36,1,0,112.07523116217929
2026-02-04,Wednesday,10,Library Counter,2,80,1.7508419743724504,71,0,0,74.89288563386471
2026-05-30,Saturday,8,Student Service Center,5,58,2.679975891590148,52,0,0,35.70708366223051
2026-01-22,Thursday,11,Cafeteria,1,43,4.029702838724134,39,0,0,171.00822902641062
2026-04-04,Saturday,16,Admin Office,3,83,3.589704152281562,62,1,0,99.95203167284598
2026-06-12,Friday,10,Student Service Center,4,46,5.927941726232543,49,0,1,66.42309350754321
2026-05-13,Wednesday,9,Library Counter,1,31,1.1206103156494105,26,0,0,37.22773154032634
2026-01-04,Sunday,14,Library Counter,5,82,1.835517701264,67,0,0,31.154231007740176
2026-04-20,Monday,8,Admin Office,3,46,5.1688867269150025,34,1,0,83.06332009192279
2026-02-12,Thursday,16,Library Counter,5,34,4.368093162281605,26,0,0,28.32450108014772
2026-01-16,Friday,13,Student Service Center,2,62,5.806138496205158,34,0,0,179.96515713121408
2026-01-25,Sunday,16,Library Counter,3,38,5.581943637264446,37,0,0,72.7569675297759
2026-03-03,Tuesday,12,Admin Office,4,22,7.126602261489931,14,0,1,38.06678814935248
2026-05-23,Saturday,13,Cafeteria,4,41,1.0416485132398516,16,0,0,11.120432305120037
2026-03-30,Monday,8,Cafeteria,3,70,5.4963980622371675,71,0,0,130.6204816448189
2026-05-19,Tuesday,10,Cafeteria,3,40,1.7424856880773332,51,0,1,24.33612981131309
2026-04-28,Tuesday,12,Cafeteria,2,80,4.580320552163812,55,0,0,181.77702990382286
2026-05-18,Monday,14,Cafeteria,2,65,2.292873449179245,40,0,0,71.95032899421813
2026-03-03,Tuesday,11,Student Service Center,3,62,7.79683557430117,42,1,0,164.754015487109
2026-01-19,Monday,9,Cafeteria,1,36,7.138610697094401,35,0,0,256.1469621254741
2026-06-15,Monday,11,Admin Office,1,41,2.3594754205668904,44,0,0,95.00792851977181
2026-01-27,Tuesday,13,Library Counter,2,92,3.3827541794748726,73,0,0,156.0549629944742
2026-06-28,Sunday,14,Admin Office,5,44,4.3351019872810586,16,0,0,38.41726700396474
2026-03-08,Sunday,13,Cafeteria,3,106,6.581625142380235,65,1,0,231.81262766462544
2026-02-12,Thursday,15,Admin Office,1,63,5.720423443596485,58,0,0,358.6226523138771
2026-04-01,Wednesday,15,Cafeteria,5,71,4.994733757521583,75,0,0,73.0682709862775
2026-04-20,Monday,16,Cafeteria,5,59,7.433289457147795,55,0,0,85.23751965907462
2026-04-06,Monday,14,Cafeteria,4,43,5.422475722338188,16,0,0,55.904304871724456
2026-01-21,Wednesday,15,Admin Office,1,28,6.601858440611997,8,1,0,186.97786076396733
2026-02-14,Saturday,17,Fee Counter,3,58,5.343410802823906,52,0,0,103.70791652525932
2026-01-31,Saturday,11,Library Counter,5,33,1.8561141458628634,30,0,0,9.992127024947036
2026-06-13,Saturday,15,Cafeteria,5,41,5.879094811396671,36,0,0,51.642243028228464
2026-06-02,Tuesday,15,Fee Counter,2,22,7.949774476379372,10,1,0,89.08659884048595
2026-04-21,Tuesday,12,Admin Office,2,33,2.5484904443375154,17,0,0,41.501767049401295
2026-04-22,Wednesday,9,Cafeteria,2,39,4.876899052299792,43,0,1,99.1576460145606
2026-02-08,Sunday,12,Cafeteria,2,66,3.677568860665044,51,0,0,121.91018628067914
2026-04-24,Friday,12,Library Counter,2,82,6.37412919334071,49,1,0,263.1459176205584
2026-03-13,Friday,13,Cafeteria,2,31,5.183012028879018,11,1,1,83.07501713392897
2026-02-25,Wednesday,12,Admin Office,5,44,7.057251675666522,17,0,0,59.14395207484294
2026-05-15,Friday,10,Library Counter,5,42,4.243037612984478,43,0,0,33.15101234844206
2026-06-05,Friday,8,Fee Counter,4,67,7.621915416989088,60,0,0,130.84261994647386
2026-05-21,Thursday,10,Student Service Center,1,56,2.171056910517131,58,0,0,120.88478457791523
2026-02-19,Thursday,10,Library Counter,5,72,4.27297737943732,73,0,0,62.9071103324376
2026-03-30,Monday,12,Library Counter,5,32,3.947886025456655,5,0,0,29.03074349036866
2026-03-23,Monday,14,Student Service Center,4,101,1.32297091766115,76,0,0,35.914846822950686
2026-05-28,Thursday,13,Cafeteria,1,41,5.28511005318453,22,0,0,218.41850914397907
2026-02-25,Wednesday,8,Cafeteria,5,73,2.965457314465322,76,0,0,42.01316889479643
2026-04-09,Thursday,14,Library Counter,3,76,7.707863312767421,36,1,0,196.62848170624957
2026-05-20,Wednesday,11,Admin Office,3,53,2.9700595800970544,51,0,0,50.47444606465297
2026-06-18,Thursday,11,Library Counter,4,71,6.685795748862127,63,1,1,120.03113991943276
2026-04-05,Sunday,11,Library Counter,3,31,4.354893942953256,34,0,1,45.432752115232844
2026-04-11,Saturday,15,Fee Counter,2,73,7.948486368036964,74,0,0,294.1261286885034
2026-01-10,Saturday,12,Student Service Center,5,76,3.974605813126071,56,0,0,58.98955982869107
2026-06-12,Friday,10,Fee Counter,2,64,6.4046994007816895,56,0,0,204.23817469680878
2026-04-07,Tuesday,12,Cafeteria,1,45,2.4668225506751753,18,0,0,110.03068025845504
2026-06-14,Sunday,12,Library Counter,2,43,6.403535439753888,20,0,0,140.9360734901091
2026-03-21,Saturday,15,Library Counter,5,3,1.8716919678049777,6,0,0,1.0
2026-03-06,Friday,16,Cafeteria,4,45,7.698245103119665,47,0,0,86.10678420619024
2026-04-12,Sunday,12,Student Service Center,2,75,1.9028765323370438,57,0,0,74.8927210510644
2026-03-18,Wednesday,10,Admin Office,1,23,5.322579041673424,5,1,0,119.71777710654314
2026-05-23,Saturday,11,Library Counter,5,65,3.4764993224992837,61,0,0,49.0386106144649
2026-05-23,Saturday,11,Library Counter,5,43,3.7241133144504563,50,0,1,31.523167032940542
2026-06-14,Sunday,9,Cafeteria,2,24,5.172006156764842,16,0,0,63.805022486023475
2026-03-01,Sunday,11,Admin Office,4,64,2.3226352930362575,57,0,0,37.85185723025146
2026-06-18,Thursday,9,Cafeteria,4,91,3.277982317566187,72,1,0,77.61880526484066
2026-02-09,Monday,12,Student Service Center,1,83,3.600741515387867,72,0,1,298.7472154089535
2026-05-23,Saturday,8,Admin Office,3,48,5.710961134651353,46,0,0,89.87088125279706
2026-04-08,Wednesday,15,Admin Office,5,60,1.454169520713688,64,0,0,14.751885760974712
2026-05-24,Sunday,15,Cafeteria,1,51,6.097797968502078,49,0,0,312.3537712580912
2026-03-20,Friday,13,Admin Office,1,44,3.3452256729376675,23,0,0,145.1935783538988
2026-05-30,Saturday,15,Library Counter,1,79,6.098037247666057,73,0,0,485.70318665689933
2026-02-23,Monday,11,Student Service Center,2,66,4.57249422331731,62,0,0,152.3144472862021
2026-02-15,Sunday,12,Fee Counter,5,54,5.949635794242655,31,0,0,68.28418841756672
2026-02-18,Wednesday,8,Library Counter,3,54,3.9625977736573654,59,0,0,74.69732847661987
2026-03-06,Friday,12,Library Counter,5,24,4.362533254496501,14,0,1,24.223403792191696
2026-04-03,Friday,9,Student Service Center,5,21,6.455265596523333,28,0,1,27.81208954242737
2026-05-14,Thursday,14,Library Counter,2,49,1.4867646220801998,29,0,0,37.000379844119905
2026-06-10,Wednesday,15,Library Counter,5,79,2.1486073150107727,65,1,0,37.370943779667556
2026-02-13,Friday,15,Fee Counter,1,89,5.351779850587334,76,1,0,478.9054646058508
2026-03-17,Tuesday,17,Library Counter,2,69,2.692333482915468,64,0,0,95.5399229493026
2026-05-05,Tuesday,16,Library Counter,2,52,7.535368328769448,56,0,0,195.1176420223642
2026-02-15,Sunday,14,Cafeteria,4,105,4.524199228393436,67,1,0,117.54919794947888
2026-05-23,Saturday,13,Library Counter,3,110,4.725018426595613,76,1,0,177.0840789786999
2026-04-29,Wednesday,10,Cafeteria,2,77,5.5835284598860575,70,0,0,212.3051014560153
2026-01-03,Saturday,8,Fee Counter,5,52,4.12186172709554,48,0,0,45.72480562838341
2026-01-13,Tuesday,9,Student Service Center,3,75,1.7211136363327704,51,1,0,46.87499211369135
2026-02-09,Monday,8,Admin Office,2,19,2.0202013672442227,12,0,0,16.29972917591707
2026-06-25,Thursday,13,Library Counter,5,54,3.5350949379048293,30,0,0,38.33092897788006
2026-03-12,Thursday,11,Fee Counter,5,60,2.5865218982597704,54,0,0,30.068743357394503
2026-01-23,Friday,8,Fee Counter,2,75,5.332488009688679,73,0,0,201.93054025957017
2026-05-21,Thursday,15,Admin Office,1,81,4.550595401603886,63,1,0,366.557008786168
2026-02-23,Monday,12,Cafeteria,1,57,5.128867201939771,29,0,0,297.28648411799924
2026-01-10,Saturday,9,Student Service Center,2,21,6.99854503663141,8,1,0,74.05525040171155
2026-01-13,Tuesday,9,Student Service Center,5,77,6.818475629404121,73,0,0,106.25721563790276
2026-02-26,Thursday,16,Admin Office,1,28,4.497399111966552,30,0,0,130.80494191128895
2026-01-16,Friday,10,Student Service Center,4,19,2.7704824363286296,8,1,0,14.066955167992042
2026-05-18,Monday,11,Library Counter,2,45,6.044974824112005,49,0,0,140.38148529915978
2026-02-23,Monday,10,Cafeteria,1,40,7.165782698132723,40,0,0,286.6781175994676
2026-06-27,Saturday,10,Student Service Center,4,55,2.8557275731387897,60,0,0,44.02099755727465
2026-01-20,Tuesday,11,Admin Office,2,19,3.1825017768078716,22,0,0,31.978591246826262
2026-05-09,Saturday,15,Fee Counter,3,73,1.796308931718773,77,0,0,41.739787342815326
2026-01-20,Tuesday,16,Cafeteria,3,36,5.665500081658845,17,1,0,68.53872025214095
2026-05-21,Thursday,15,Admin Office,4,63,2.0387620082079247,64,0,0,29.14309275437924
2026-03-18,Wednesday,16,Admin Office,5,44,7.274907603481909,45,0,0,63.79428786080019
2026-01-17,Saturday,15,Fee Counter,5,16,1.573048822709989,7,0,0,4.059284179279955
2026-02-11,Wednesday,16,Library Counter,1,71,7.876739600626814,64,0,0,560.5793287096732
2026-03-23,Monday,8,Cafeteria,4,63,3.948710839333791,64,0,0,65.88888489631852
2026-04-29,Wednesday,14,Admin Office,2,71,7.793729288774379,50,0,0,278.68795607403297
2026-05-02,Saturday,10,Library Counter,4,86,7.738844542495519,79,0,0,163.89034429383707
2026-01-05,Monday,17,Library Counter,1,15,2.4186129531398706,12,0,0,36.34812283475783
2026-05-16,Saturday,10,Admin Office,4,21,6.370955631029787,26,0,0,31.98874665295521
2026-05-28,Thursday,9,Student Service Center,3,26,3.8879915962814158,18,0,0,36.315521460748315
2026-03-08,Sunday,14,Fee Counter,3,62,3.2990866582451526,36,0,0,69.00311081800503
2026-04-12,Sunday,12,Fee Counter,4,38,1.4021413919496069,16,0,0,18.106259283652346
2026-03-15,Sunday,13,Student Service Center,5,83,5.856065364573382,49,1,0,99.28208406848225
2026-02-13,Friday,9,Library Counter,3,29,5.133922508387703,22,0,0,54.120648978125885
2026-04-12,Sunday,9,Cafeteria,4,87,7.1485802291115,67,1,0,155.41343785801251
2026-04-25,Saturday,15,Student Service Center,4,25,2.2805494674273312,18,0,0,18.07760008963419
2026-06-14,Sunday,11,Fee Counter,1,69,1.5825059464390265,67,0,0,108.75032470010837
2026-01-23,Friday,11,Admin Office,2,18,2.507596058396763,9,0,0,24.086451992415196
2026-06-28,Sunday,12,Student Service Center,1,81,2.9343425333123894,50,1,0,241.07844340957186
2026-06-02,Tuesday,15,Student Service Center,2,13,2.1509580621209645,13,0,0,18.913827080542802
2026-06-18,Thursday,12,Fee Counter,5,86,1.764585119778081,63,0,0,30.943872410448254
2026-04-03,Friday,11,Cafeteria,3,60,1.7594941719808705,65,0,0,38.17635797703744
2026-03-30,Monday,15,Admin Office,3,55,6.440911854303611,58,0,0,116.53994507157017
2026-04-14,Tuesday,13,Fee Counter,4,76,3.3251588966754144,58,0,0,66.17300386306057
2026-03-14,Saturday,10,Admin Office,2,13,2.8253445329580433,9,0,0,20.504257646748066
2026-01-15,Thursday,10,Fee Counter,3,85,4.367687754163647,68,1,0,121.10461452865538
2026-03-01,Sunday,17,Admin Office,4,40,3.3102038689338715,34,0,0,36.49867892845513
2026-05-02,Saturday,11,Admin Office,5,46,3.6726389416864853,55,0,1,31.290057582773656
2026-01-23,Friday,16,Fee Counter,4,19,5.98217190376045,20,0,0,33.18198180492999
2026-01-15,Thursday,8,Fee Counter,1,66,2.142043792366448,67,0,1,142.87598992036214
2026-02-23,Monday,11,Fee Counter,2,72,4.695074627778746,67,0,0,173.06675320919766
2026-05-19,Tuesday,15,Library Counter,3,61,7.529375970256086,47,1,0,151.87714854766836
2026-06-12,Friday,17,Fee Counter,5,61,3.4626661470128983,64,0,0,45.52235475880775
2026-06-25,Thursday,13,Fee Counter,5,52,6.424017661726329,35,0,0,70.74132455038679
2026-04-14,Tuesday,10,Student Service Center,2,63,6.387294948081393,40,1,0,205.66914860265788
